Time,Player Number,Area,Result of Possession,Passed Towards,Opp. Passes,Defensive,Foul Committed,Foul Drawn,Yellow,Red,Offsides,Type of Chance,Distance of Shot,Result of Shot,Number of Passes,Type of Chance2,Distance of Shot3,Result of Shot4,Number of Passes5,Who Took the Chance,Last Pass,2nd to Last,3rd to Last,4th to Last,Player #1,Player #2,Player #3,Player #4,Player #5,Player #6,Player #7,Player #8,Player #9,Player #10,Player #11,Posistion 1,Posistion 2,Posistion 3,Posistion 4,Posistion 5,Posistion 6,Posistion 7,Posistion 8,Posistion 9,Posistion 10,Posistion 11,Posistion 12
0-15,11,CM,1,18,,,,,,,,,,,,,,,,,,,,,30,7,14,19,4,16,2,18,17,24,11,GK,LB,CB,CB,RB,DCM,DCM,CAM,LM,RM,F,1
0-15,18,CM,1,2,,,,,,,,,,,,,,,,,,,,,30,7,14,19,4,16,2,18,17,24,11,GK,LB,CB,CB,RB,DCM,DCM,CAM,LM,RM,F,1
0-15,2,LA,0,17,,,,,,,,,,,,,,,,,,,,,30,7,14,19,4,16,2,18,17,24,11,GK,LB,CB,CB,RB,DCM,DCM,CAM,LM,RM,F,2
0-15,2,CM,,,2,Possession Added,,,,,,,,,,,,,,,,,,,30,7,14,19,4,16,2,18,17,24,11,GK,LB,CB,CB,RB,DCM,DCM,CAM,LM,RM,F,
0-15,2,LM,0,16,,,,,,,,,,,,,,,,,,,,,30,7,14,19,4,16,2,18,17,24,11,GK,LB,CB,CB,RB,DCM,DCM,CAM,LM,RM,F,2
0-15,19,CM,,,6,Possession Added,,,,,,,,,,,,,,,,,,,30,7,14,19,4,16,2,18,17,24,11,GK,LB,CB,CB,RB,DCM,DCM,CAM,LM,RM,F,
0-15,19,CM,1,24,,,,,,,,,,,,,,,,,,,,,30,7,14,19,4,16,2,18,17,24,11,GK,LB,CB,CB,RB,DCM,DCM,CAM,LM,RM,F,2
0-15,24,RA,1,11,,,,,,,,,,,,,,,,,,,,,30,7,14,19,4,16,2,18,17,24,11,GK,LB,CB,CB,RB,DCM,DCM,CAM,LM,RM,F,2
0-15,11,RA,0,,,,,,,,,,,,,,,,,,,,,,30,7,14,19,4,16,2,18,17,24,11,GK,LB,CB,CB,RB,DCM,DCM,CAM,LM,RM,F,4
0-15,18,CA,1,4,,,,,,,,,,,,,,,,,,,,,30,7,14,19,4,16,2,18,17,24,11,GK,LB,CB,CB,RB,DCM,DCM,CAM,LM,RM,F,1
0-15,4,CA,,,,,,,,,,,,,,Set Piece,10,SOG,1,4,18,,,,30,7,14,19,4,16,2,18,17,24,11,GK,LB,CB,CB,RB,DCM,DCM,CAM,LM,RM,F,
0-15,18,CA,1,4,,,,,,,,,,,,,,,,,,,,,30,7,14,19,4,16,2,18,17,24,11,GK,LB,CB,CB,RB,DCM,DCM,CAM,LM,RM,F,1
0-15,4,CA,,,,,,,,,,,,,,Set Piece,10,Goal,1,4,18,,,,30,7,14,19,4,16,2,18,17,24,11,GK,LB,CB,CB,RB,DCM,DCM,CAM,LM,RM,F,
0-15,,,,,,,,,,,,,,,,,,,,,,,,,30,7,14,19,4,16,2,18,17,24,11,GK,LB,CB,CB,RB,DCM,DCM,CAM,LM,RM,F,
0-15,1,CD,,,11,Possession Added,,,,,,Run of Play,15,SOT,11,,,,,,,,,,30,7,19,14,4,2,16,18,24,17,11,GK,LB,CB,CB,RB,DCM,DCM,CAM,RM,LM,F,
0-15,1,RD,1,19,,,,,,,,,,,,,,,,,,,,,30,7,19,14,4,2,16,18,24,17,11,GK,LB,CB,CB,RB,DCM,DCM,CAM,RM,LM,F,1
0-15,19,CD,1,1,,,,,,,,,,,,,,,,,,,,,30,7,19,14,4,2,16,18,24,17,11,GK,LB,CB,CB,RB,DCM,DCM,CAM,RM,LM,F,2
0-15,1,LD,0,14,,,,,,,,,,,,,,,,,,,,,30,7,19,14,4,2,16,18,24,17,11,GK,LB,CB,CB,RB,DCM,DCM,CAM,RM,LM,F,3
0-15,1,LD,,,4,Possession Added,,,,,opp.,,,,,,,,,,,,,,30,7,19,14,4,2,16,18,24,17,11,GK,LB,CB,CB,RB,DCM,DCM,CAM,RM,LM,F,
0-15,30,CD,1,14,,,,,,,,,,,,,,,,,,,,,30,7,19,14,4,2,16,18,24,17,11,GK,LB,CB,CB,RB,DCM,DCM,CAM,RM,LM,F,1
0-15,14,CD,1,30,,,,,,,,,,,,,,,,,,,,,30,7,19,14,4,2,16,18,24,17,11,GK,LB,CB,CB,RB,DCM,DCM,CAM,RM,LM,F,2
0-15,30,CD,1,16,,,,,,,,,,,,,,,,,,,,,30,7,19,14,4,2,16,18,24,17,11,GK,LB,CB,CB,RB,DCM,DCM,CAM,RM,LM,F,2
0-15,16,CD,1,30,,,,,,,,,,,,,,,,,,,,,30,7,19,14,4,2,16,18,24,17,11,GK,LB,CB,CB,RB,DCM,DCM,CAM,RM,LM,F,1
0-15,30,RD,1,19,,,,,,,,,,,,,,,,,,,,,30,7,19,14,4,2,16,18,24,17,11,GK,LB,CB,CB,RB,DCM,DCM,CAM,RM,LM,F,3
0-15,19,CM,1,11,,,,,,,,,,,,,,,,,,,,,30,7,19,14,4,2,16,18,24,17,11,GK,LB,CB,CB,RB,DCM,DCM,CAM,RM,LM,F,2
0-15,11,CM,0,18,,,,,,,,,,,,,,,,,,,,,30,7,19,14,4,2,16,18,24,17,11,GK,LB,CB,CB,RB,DCM,DCM,CAM,RM,LM,F,2
0-15,30,CD,,,7,Possession Added,,,,,,,,,,,,,,,,,,,30,7,19,14,4,2,16,18,24,17,11,GK,LB,CB,CB,RB,DCM,DCM,CAM,RM,LM,F,
0-15,30,RM,1,24,,,,,,,,,,,,,,,,,,,,,30,7,19,14,4,2,16,18,24,17,11,GK,LB,CB,CB,RB,DCM,DCM,CAM,RM,LM,F,1
0-15,24,LM,1,4,,,,,,,,,,,,,,,,,,,,,30,7,19,14,4,2,16,18,24,17,11,GK,LB,CB,CB,RB,DCM,DCM,CAM,RM,LM,F,2
0-15,4,RM,1,16,,,,,,,,,,,,,,,,,,,,,30,7,19,14,4,2,16,18,24,17,11,GK,LB,CB,CB,RB,DCM,DCM,CAM,RM,LM,F,2
0-15,16,RA,0,11,,,,,,,,,,,,,,,,,,,,,30,7,19,14,4,2,16,18,24,17,11,GK,LB,CB,CB,RB,DCM,DCM,CAM,RM,LM,F,3
0-15,14,LD,,,4,Play Disrupted,Yes,,,,,,,,,,,,,,,,,,30,7,19,14,4,2,16,18,24,17,11,GK,LB,CB,CB,RB,DCM,DCM,CAM,RM,LM,F,
0-15,14,CD,,,0,Possession Added,,,,,,,,,,,,,,,,,,,30,7,19,14,4,2,16,18,24,17,11,GK,LB,CB,CB,RB,DCM,DCM,CAM,RM,LM,F,
0-15,14,CM,1,11,,,,,,,,,,,,,,,,,,,,,30,7,19,14,4,2,16,18,24,17,11,GK,LB,CB,CB,RB,DCM,DCM,CAM,RM,LM,F,3
0-15,11,RM,Possession Lost,,,,,,,,,,,,,,,,,,,,,,30,7,19,14,4,2,16,18,24,17,11,GK,LB,CB,CB,RB,DCM,DCM,CAM,RM,LM,F,5
0-15,11,RM,,,,,Yes,,,,,,,,,,,,,,,,,,30,7,19,14,4,2,16,18,24,17,11,GK,LB,CB,CB,RB,DCM,DCM,CAM,RM,LM,F,
0-15,30,CD,,,5,Possession Added,,,,,,Run of Play,30,SOT,5,,,,,,,,,,30,7,19,14,4,2,16,18,24,17,11,GK,LB,CB,CB,RB,DCM,DCM,CAM,RM,LM,F,
0-15,30,CM,0,11,,,,,,,,,,,,,,,,,,,,,30,7,19,14,4,2,16,18,24,17,11,GK,LB,CB,CB,RB,DCM,DCM,CAM,RM,LM,F,1
0-15,19,LD,,,4,Play Disrupted,,,,,,,,,,,,,,,,,,,30,7,19,14,4,2,16,18,24,17,11,GK,LB,CB,CB,RB,DCM,DCM,CAM,RM,LM,F,
0-15,1,CD,,,5,Possession Added,,,,,,,,,,,,,,,,,,,30,7,19,14,4,2,16,18,24,17,11,GK,LB,CB,CB,RB,DCM,DCM,CAM,RM,LM,F,
0-15,30,CD,,,5,Possession Added,,,,,,,,,,,,,,,,,,,30,7,19,14,4,2,16,18,24,17,11,GK,LB,CB,CB,RB,DCM,DCM,CAM,RM,LM,F,
0-15,30,LM,0,7,,,,,,,,,,,,,,,,,,,,,30,7,19,14,4,2,16,18,24,17,11,GK,LB,CB,CB,RB,DCM,DCM,CAM,RM,LM,F,1
0-15,14,CD,,,11,Play Disrupted,,,,,,,,,,,,,,,,,,,30,7,19,14,4,2,16,18,24,17,11,GK,LB,CB,CB,RB,DCM,DCM,CAM,RM,LM,F,
0-15,17,LM,,,4,Possession Added,,,,,,,,,,,,,,,,,,,30,7,19,14,4,2,16,18,24,17,11,GK,LB,CB,CB,RB,DCM,DCM,CAM,RM,LM,F,
0-15,17,CM,1,,,,,Yes,,,,,,,,,,,,,,,,,30,7,19,14,4,2,16,18,24,17,11,GK,LB,CB,CB,RB,DCM,DCM,CAM,RM,LM,F,6
0-15,17,CM,1,2,,,,,,,,,,,,,,,,,,,,,30,7,19,14,4,2,16,18,24,17,11,GK,LB,CB,CB,RB,DCM,DCM,CAM,RM,LM,F,1
0-15,2,RM,1,16,,,,,,,,,,,,,,,,,,,,,30,7,19,14,4,2,16,18,24,17,11,GK,LB,CB,CB,RB,DCM,DCM,CAM,RM,LM,F,2
0-15,16,RM,1,4,,,,,,,,,,,,,,,,,,,,,30,7,19,14,4,2,16,18,24,17,11,GK,LB,CB,CB,RB,DCM,DCM,CAM,RM,LM,F,3
0-15,4,RD,1,19,,,,,,,,,,,,,,,,,,,,,30,7,19,14,4,2,16,18,24,17,11,GK,LB,CB,CB,RB,DCM,DCM,CAM,RM,LM,F,2
0-15,19,CD,1,14,,,,,,,,,,,,,,,,,,,,,30,7,19,14,4,2,16,18,24,17,11,GK,LB,CB,CB,RB,DCM,DCM,CAM,RM,LM,F,3
0-15,14,CD,1,30,,,,,,,,,,,,,,,,,,,,,30,7,19,14,4,2,16,18,24,17,11,GK,LB,CB,CB,RB,DCM,DCM,CAM,RM,LM,F,2
0-15,30,RM,1,4,,,,,,,,,,,,,,,,,,,,,30,7,19,14,4,2,16,18,24,17,11,GK,LB,CB,CB,RB,DCM,DCM,CAM,RM,LM,F,2
0-15,4,CM,1,18,,,,,,,,,,,,,,,,,,,,,30,7,19,14,4,2,16,18,24,17,11,GK,LB,CB,CB,RB,DCM,DCM,CAM,RM,LM,F,2
0-15,18,LM,0,7,,,,,,,,,,,,,,,,,,,,,30,7,19,14,4,2,16,18,24,17,11,GK,LB,CB,CB,RB,DCM,DCM,CAM,RM,LM,F,3
0-15,14,LD,,,4,Possession Added,,,,,,,,,,,,,,,,,,,30,7,19,14,4,2,16,18,24,17,11,GK,LB,CB,CB,RB,DCM,DCM,CAM,RM,LM,F,
0-15,14,LD,1,7,,,,,,,,,,,,,,,,,,,,,30,7,19,14,4,2,16,18,24,17,11,GK,LB,CB,CB,RB,DCM,DCM,CAM,RM,LM,F,1
0-15,7,LD,1,14,,,,,,,,,,,,,,,,,,,,,30,7,19,14,4,2,16,18,24,17,11,GK,LB,CB,CB,RB,DCM,DCM,CAM,RM,LM,F,1
0-15,14,CD,1,16,,,,,,,,,,,,,,,,,,,,,30,7,19,14,4,2,16,18,24,17,11,GK,LB,CB,CB,RB,DCM,DCM,CAM,RM,LM,F,2
0-15,16,LD,1,14,,,,,,,,,,,,,,,,,,,,,30,7,19,14,4,2,16,18,24,17,11,GK,LB,CB,CB,RB,DCM,DCM,CAM,RM,LM,F,1
0-15,14,LM,0,17,,,,,,,,,,,,,,,,,,,,,30,7,19,14,4,2,16,18,24,17,11,GK,LB,CB,CB,RB,DCM,DCM,CAM,RM,LM,F,2
0-15,30,CD,,,,,,,,,,Run of Play,8,SOT,1,,,,,,,,,,30,7,19,14,4,2,16,18,24,17,11,GK,LB,CB,CB,RB,DCM,DCM,CAM,RM,LM,F,
0-15,30,CD,,,4,Possession Added,,,,,,,,,,,,,,,,,,,,,,,,,,,,,,,,,,,,,,,,,
0-15,30,CM,1,24,,,,,,,,,,,,,,,,,,,,,30,7,14,19,4,2,16,18,24,17,11,GK,LB,CB,CB,RB,DCM,DCM,CAM,RM,LM,F,1
0-15,24,CM,1,18,,,,,,,,,,,,,,,,,,,,,30,7,14,19,4,2,16,18,24,17,11,GK,LB,CB,CB,RB,DCM,DCM,CAM,RM,LM,F,1
0-15,18,CM,1,16,,,,,,,,,,,,,,,,,,,,,30,7,14,19,4,2,16,18,24,17,11,GK,LB,CB,CB,RB,DCM,DCM,CAM,RM,LM,F,2
0-15,16,LM,1,7,,,,,,,,,,,,,,,,,,,,,30,7,14,19,4,2,16,18,24,17,11,GK,LB,CB,CB,RB,DCM,DCM,CAM,RM,LM,F,2
0-15,7,CM,1,16,,,,,,,,,,,,,,,,,,,,,30,7,14,19,4,2,16,18,24,17,11,GK,LB,CB,CB,RB,DCM,DCM,CAM,RM,LM,F,2
0-15,16,CM,1,2,,,,,,,,,,,,,,,,,,,,,30,7,14,19,4,2,16,18,24,17,11,GK,LB,CB,CB,RB,DCM,DCM,CAM,RM,LM,F,2
0-15,2,RM,1,4,,,,,,,,,,,,,,,,,,,,,30,7,14,19,4,2,16,18,24,17,11,GK,LB,CB,CB,RB,DCM,DCM,CAM,RM,LM,F,2
0-15,4,RA,0,24,,,,,,,,,,,,,,,,,,,,,30,7,14,19,4,2,16,18,24,17,11,GK,LB,CB,CB,RB,DCM,DCM,CAM,RM,LM,F,2
0-15,4,CM,1,16,,,,,,,,,,,,,,,,,,,,,30,7,14,19,4,2,16,18,24,17,11,GK,LB,CB,CB,RB,DCM,DCM,CAM,RM,LM,F,1
0-15,16,CA,Possession Lost,,,,,,,,,,,,,,,,,,,,,,30,7,14,19,4,2,16,18,24,17,11,GK,LB,CB,CB,RB,DCM,DCM,CAM,RM,LM,F,5
0-15,7,LM,,,2,Play Disrupted,,,,,,,,,,,,,,,,,,,30,7,14,19,4,2,16,18,24,17,11,GK,LB,CB,CB,RB,DCM,DCM,CAM,RM,LM,F,
0-15,7,CD,,,8,Play Disrupted,,,,,,,,,,,,,,,,,,,30,7,14,19,4,2,16,18,24,17,11,GK,LB,CB,CB,RB,DCM,DCM,CAM,RM,LM,F,
0-15,16,CM,1,2,,,,,,,,,,,,,,,,,,,,,30,7,14,19,4,2,16,18,24,17,11,GK,LB,CB,CB,RB,DCM,DCM,CAM,RM,LM,F,3
0-15,2,RM,1,17,,,,,,,,,,,,,,,,,,,,,30,7,14,19,4,2,16,18,24,17,11,GK,LB,CB,CB,RB,DCM,DCM,CAM,RM,LM,F,2
0-15,17,CA,0,11,,,,,,,,,,,,,,,,,,,,,30,7,14,19,4,2,16,18,24,17,11,GK,LB,CB,CB,RB,DCM,DCM,CAM,RM,LM,F,3
0-15,4,CD,,,6,Play Disrupted,,,,,,Run of Play,20,Shot Blocked,6,,,,,,,,,,30,7,14,19,4,2,16,18,24,17,11,GK,LB,CB,CB,RB,DCM,DCM,CAM,RM,LM,F,
0-15,30,CD,,,1,Possession Added,,,,,,Set Piece,8,SOT,1,,,,,,,,,,30,7,14,19,4,2,16,18,24,17,11,GK,LB,CB,CB,RB,DCM,DCM,CAM,RM,LM,F,
0-15,30,CD,1,2,,,,,,,,,,,,,,,,,,,,,30,7,14,19,4,2,16,18,24,17,11,GK,LB,CB,CB,RB,DCM,DCM,CAM,RM,LM,F,1
0-15,2,RM,1,24,,,,,,,,,,,,,,,,,,,,,30,7,14,19,4,2,16,18,24,17,11,GK,LB,CB,CB,RB,DCM,DCM,CAM,RM,LM,F,2
0-15,24,CM,Possession Lost,,,,,,,,,,,,,,,,,,,,,,30,7,14,19,4,2,16,18,24,17,11,GK,LB,CB,CB,RB,DCM,DCM,CAM,RM,LM,F,4
0-15,2,CM,,,2,Possession Added,,,,,,,,,,,,,,,,,,,30,7,14,19,4,2,16,18,24,17,11,GK,LB,CB,CB,RB,DCM,DCM,CAM,RM,LM,F,
0-15,2,RM,1,18,,,,,,,,,,,,,,,,,,,,,30,7,14,19,4,2,16,18,24,17,11,GK,LB,CB,CB,RB,DCM,DCM,CAM,RM,LM,F,3
0-15,18,CM,1,16,,,,,,,,,,,,,,,,,,,,,30,7,14,19,4,2,16,18,24,17,11,GK,LB,CB,CB,RB,DCM,DCM,CAM,RM,LM,F,2
0-15,16,CM,1,2,,,,,,,,,,,,,,,,,,,,,30,7,14,19,4,2,16,18,24,17,11,GK,LB,CB,CB,RB,DCM,DCM,CAM,RM,LM,F,3
0-15,2,CM,0,,,,,Yes,,,,,,,,,,,,,,,,,30,7,14,19,4,2,16,18,24,17,11,GK,LB,CB,CB,RB,DCM,DCM,CAM,RM,LM,F,3
0-15,2,CM,1,18,,,,,,,,,,,,,,,,,,,,,30,7,14,19,4,2,16,18,24,17,11,GK,LB,CB,CB,RB,DCM,DCM,CAM,RM,LM,F,1
0-15,18,CA,0,11,,,,,,,,,,,,,,,,,,,,,30,7,14,19,4,2,16,18,24,17,11,GK,LB,CB,CB,RB,DCM,DCM,CAM,RM,LM,F,2
0-15,14,CD,,,7,Play Disrupted,,,,,,,,,,,,,,,,,,,30,7,14,19,4,2,16,18,24,17,11,GK,LB,CB,CB,RB,DCM,DCM,CAM,RM,LM,F,
0-15,30,CD,,,5,Possession Added,,,,,,Run of Play,35,SOT,5,,,,,,,,,,30,7,14,19,4,2,16,18,24,17,11,GK,LB,CB,CB,RB,DCM,DCM,CAM,RM,LM,F,
15-30,30,RM,1,24,,,,,,,,,,,,,,,,,,,,,30,7,14,19,4,2,16,18,24,17,11,GK,LB,CB,CB,RB,DCM,DCM,CAM,RM,LM,F,1
15-30,24,RM,0,18,,,,,,,,,,,,,,,,,,,,,30,7,14,19,4,2,16,18,24,17,11,GK,LB,CB,CB,RB,DCM,DCM,CAM,RM,LM,F,3
15-30,4,RA,0,11,,,,,,,,,,,,,,,,,,,,,30,7,14,19,4,2,16,18,24,17,11,GK,LB,CB,CB,RB,DCM,DCM,CAM,RM,LM,F,1
15-30,19,CD,,,13,Play Disrupted,,,,,,,,,,,,,,,,,,,30,7,14,19,4,2,16,18,24,17,11,GK,LB,CB,CB,RB,DCM,DCM,CAM,RM,LM,F,
15-30,2,CD,,,3,Play Disrupted,,,,,,,,,,,,,,,,,,,30,7,14,19,4,2,16,18,24,17,11,GK,LB,CB,CB,RB,DCM,DCM,CAM,RM,LM,F,
15-30,16,CM,,,0,Possession Added,,,,,,,,,,,,,,,,,,,30,7,14,19,4,2,16,18,24,17,11,GK,LB,CB,CB,RB,DCM,DCM,CAM,RM,LM,F,
15-30,16,RM,1,24,,,,,,,,,,,,,,,,,,,,,30,7,14,19,4,2,16,18,24,17,11,GK,LB,CB,CB,RB,DCM,DCM,CAM,RM,LM,F,2
15-30,16,RM,1,24,,,,,,,,,,,,,,,,,,,,,30,7,14,19,4,2,16,18,24,17,11,GK,LB,CB,CB,RB,DCM,DCM,CAM,RM,LM,F,3
15-30,24,RA,1,11,,,,,,,,,,,,,,,,,,,,,30,7,14,19,4,2,16,18,24,17,11,GK,LB,CB,CB,RB,DCM,DCM,CAM,RM,LM,F,2
15-30,11,RM,1,18,,,,,,,,,,,,,,,,,,,,,30,7,14,19,4,2,16,18,24,17,11,GK,LB,CB,CB,RB,DCM,DCM,CAM,RM,LM,F,3
15-30,18,RA,0,16,,,,,,,,,,,,,,,,,,,,,30,7,14,19,4,2,16,18,24,17,11,GK,LB,CB,CB,RB,DCM,DCM,CAM,RM,LM,F,2
15-30,19,CD,,,3,Play Disrupted,,,,,,,,,,,,,,,,,,,30,7,14,19,4,2,16,18,24,17,11,GK,LB,CB,CB,RB,DCM,DCM,CAM,RM,LM,F,
15-30,11,RD,,,2,Play Disrupted,,,,,,,,,,,,,,,,,,,30,7,14,19,4,2,16,18,24,17,11,GK,LB,CB,CB,RB,DCM,DCM,CAM,RM,LM,F,
15-30,30,CD,,,5,Possession Added,,,,,,,,,,,,,,,,,,,30,7,14,19,4,2,16,18,24,17,11,GK,LB,CB,CB,RB,DCM,DCM,CAM,RM,LM,F,
15-30,30,CD,1,16,,,,,,,,,,,,,,,,,,,,,30,7,14,19,4,2,16,18,24,17,11,GK,LB,CB,CB,RB,DCM,DCM,CAM,RM,LM,F,1
15-30,16,LM,1,7,,,,,,,,,,,,,,,,,,,,,30,7,14,19,4,2,16,18,24,17,11,GK,LB,CB,CB,RB,DCM,DCM,CAM,RM,LM,F,3
15-30,7,LM,1,2,,,,,,,,,,,,,,,,,,,,,30,7,14,19,4,2,16,18,24,17,11,GK,LB,CB,CB,RB,DCM,DCM,CAM,RM,LM,F,4
15-30,2,LD,1,14,,,,,,,,,,,,,,,,,,,,,30,7,14,19,4,2,16,18,24,17,11,GK,LB,CB,CB,RB,DCM,DCM,CAM,RM,LM,F,2
15-30,14,RM,1,4,,,,,,,,,,,,,,,,,,,,,30,7,14,19,4,2,16,18,24,17,11,GK,LB,CB,CB,RB,DCM,DCM,CAM,RM,LM,F,2
15-30,4,CM,Possession Lost,,,,,,,,,,,,,,,,,,,,,,30,7,14,19,4,2,16,18,24,17,11,GK,LB,CB,CB,RB,DCM,DCM,CAM,RM,LM,F,5
15-30,19,CD,,,7,Play Disrupted,,,,,,,,,,,,,,,,,,,30,7,14,19,4,2,16,18,24,17,11,GK,LB,CB,CB,RB,DCM,DCM,CAM,RM,LM,F,
15-30,14,LD,,,4,Play Disrupted,,,,,,,,,,,,,,,,,,,30,7,14,19,4,2,16,18,24,17,11,GK,LB,CB,CB,RB,DCM,DCM,CAM,RM,LM,F,
15-30,19,CD,,,4,Play Disrupted,,,,,,,,,,,,,,,,,,,30,7,14,19,4,2,16,18,24,17,11,GK,LB,CB,CB,RB,DCM,DCM,CAM,RM,LM,F,
15-30,14,LD,,,3,Possession Added,,,,,,,,,,,,,,,,,,,30,7,14,19,4,2,16,18,24,17,11,GK,LB,CB,CB,RB,DCM,DCM,CAM,RM,LM,F,
15-30,14,LD,1,7,,,,,,,,,,,,,,,,,,,,,30,7,14,19,4,2,16,18,24,17,11,GK,LB,CB,CB,RB,DCM,DCM,CAM,RM,LM,F,2
15-30,7,LD,1,14,,,,,,,,,,,,,,,,,,,,,30,7,14,19,4,2,16,18,24,17,11,GK,LB,CB,CB,RB,DCM,DCM,CAM,RM,LM,F,2
15-30,14,LD,1,7,,,,,,,,,,,,,,,,,,,,,30,7,14,19,4,2,16,18,24,17,11,GK,LB,CB,CB,RB,DCM,DCM,CAM,RM,LM,F,3
15-30,7,LD,1,14,,,,,,,,,,,,,,,,,,,,,30,7,14,19,4,2,16,18,24,17,11,GK,LB,CB,CB,RB,DCM,DCM,CAM,RM,LM,F,2
15-30,14,LM,0,17,,,,,,,,,,,,,,,,,,,,,30,7,14,19,4,2,16,18,24,17,11,GK,LB,CB,CB,RB,DCM,DCM,CAM,RM,LM,F,2
15-30,14,CD,,,,,,,,,,Run of Play,22,Shot Blocked,3,,,,,,,,,,30,7,14,19,4,2,16,18,24,17,11,GK,LB,CB,CB,RB,DCM,DCM,CAM,RM,LM,F,
15-30,17,CM,1,11,,,,,,,,,,,,,,,,,,,,,30,7,14,19,4,2,16,18,24,17,11,GK,LB,CB,CB,RB,DCM,DCM,CAM,RM,LM,F,3
15-30,11,CM,1,24,,,,,,,,,,,,,,,,,,,,,30,7,14,19,4,2,16,18,24,17,11,GK,LB,CB,CB,RB,DCM,DCM,CAM,RM,LM,F,1
15-30,24,CM,1,16,,,,,,,,,,,,,,,,,,,,,30,7,14,19,4,2,16,18,24,17,11,GK,LB,CB,CB,RB,DCM,DCM,CAM,RM,LM,F,3
15-30,16,RM,1,4,,,,,,,,,,,,,,,,,,,,,30,7,14,19,4,2,16,18,24,17,11,GK,LB,CB,CB,RB,DCM,DCM,CAM,RM,LM,F,2
15-30,4,RD,1,19,,,,,,,,,,,,,,,,,,,,,30,7,14,19,4,2,16,18,24,17,11,GK,LB,CB,CB,RB,DCM,DCM,CAM,RM,LM,F,3
15-30,19,CD,1,30,,,,,,,,,,,,,,,,,,,,,30,7,14,19,4,2,16,18,24,17,11,GK,LB,CB,CB,RB,DCM,DCM,CAM,RM,LM,F,2
15-30,30,LD,1,14,,,,,,,,,,,,,,,,,,,,,30,7,14,19,4,2,16,18,24,17,11,GK,LB,CB,CB,RB,DCM,DCM,CAM,RM,LM,F,2
15-30,14,CD,1,30,,,,,,,,,,,,,,,,,,,,,30,7,14,19,4,2,16,18,24,17,11,GK,LB,CB,CB,RB,DCM,DCM,CAM,RM,LM,F,3
15-30,30,CM,0,11,,,,,,,,,,,,,,,,,,,,,30,7,14,19,4,2,16,18,24,17,11,GK,LB,CB,CB,RB,DCM,DCM,CAM,RM,LM,F,1
15-30,2,RA,1,24,,,,,,,,,,,,,,,,,,,,,30,7,14,19,4,2,16,18,24,17,11,GK,LB,CB,CB,RB,DCM,DCM,CAM,RM,LM,F,6
15-30,24,CA,0,2,,,,,,,,,,,,,,,,,,,,,30,7,14,19,4,2,16,18,24,17,11,GK,LB,CB,CB,RB,DCM,DCM,CAM,RM,LM,F,1
15-30,14,CD,,,8,Play Disrupted,,,,,,,,,,,,,,,,,,,30,7,14,19,4,2,16,18,24,17,11,GK,LB,CB,CB,RB,DCM,DCM,CAM,RM,LM,F,
15-30,19,CD,,,12,Play Disrupted,,,,,,,,,,,,,,,,,,,30,7,14,19,4,2,16,18,24,17,11,GK,LB,CB,CB,RB,DCM,DCM,CAM,RM,LM,F,
15-30,30,RD,1,19,,,,,,,,,,,,,,,,,,,,,30,7,14,19,4,2,16,18,24,17,11,GK,LB,CB,CB,RB,DCM,DCM,CAM,RM,LM,F,1
15-30,19,CD,1,30,,,,,,,,,,,,,,,,,,,,,30,7,14,19,4,2,16,18,24,17,11,GK,LB,CB,CB,RB,DCM,DCM,CAM,RM,LM,F,2
15-30,30,CD,1,2,,,,,,,,,,,,,,,,,,,,,30,7,14,19,4,2,16,18,24,17,11,GK,LB,CB,CB,RB,DCM,DCM,CAM,RM,LM,F,1
15-30,2,LD,1,14,,,,,,,,,,,,,,,,,,,,,30,7,14,19,4,2,16,18,24,17,11,GK,LB,CB,CB,RB,DCM,DCM,CAM,RM,LM,F,2
15-30,14,CD,1,30,,,,,,,,,,,,,,,,,,,,,30,7,14,19,4,2,16,18,24,17,11,GK,LB,CB,CB,RB,DCM,DCM,CAM,RM,LM,F,1
15-30,30,CM,0,11,,,,,,,,,,,,,,,,,,,,,30,7,14,19,4,2,16,18,24,17,11,GK,LB,CB,CB,RB,DCM,DCM,CAM,RM,LM,F,1
15-30,7,LD,1,14,,,,,,,,,,,,,,,,,,,,,30,7,14,19,4,2,16,18,24,17,11,GK,LB,CB,CB,RB,DCM,DCM,CAM,RM,LM,F,1
15-30,14,RM,0,24,,,,,,,,,,,,,,,,,,,,,30,7,14,19,4,2,16,18,24,17,11,GK,LB,CB,CB,RB,DCM,DCM,CAM,RM,LM,F,3
15-30,7,LD,,,11,Possession Added,,,,,,,,,,,,,,,,,,,30,7,14,19,4,2,16,18,24,17,11,GK,LB,CB,CB,RB,DCM,DCM,CAM,RM,LM,F,
15-30,7,LM,1,18,,,,,,,,,,,,,,,,,,,,,30,7,14,19,4,2,16,18,24,17,11,GK,LB,CB,CB,RB,DCM,DCM,CAM,RM,LM,F,1
15-30,18,LM,0,11,,,,,,,,,,,,,,,,,,,,,30,7,14,19,4,2,16,18,24,17,11,GK,LB,CB,CB,RB,DCM,DCM,CAM,RM,LM,F,1
15-30,30,CD,,,3,Possession Added,,,,,,Run of Play,6,SOG,3,,,,,,,,,,30,7,14,19,4,2,16,18,24,17,11,GK,LB,CB,CB,RB,DCM,DCM,CAM,RM,LM,F,
15-30,30,RD,1,19,,,,,,,,,,,,,,,,,,,,,30,7,14,19,4,2,16,18,24,17,11,GK,LB,CB,CB,RB,DCM,DCM,CAM,RM,LM,F,1
15-30,19,RM,0,24,,,,,,,,,,,,,,,,,,,,,30,7,14,19,4,2,16,18,24,17,11,GK,LB,CB,CB,RB,DCM,DCM,CAM,RM,LM,F,2
15-30,4,RD,,,1,Possession Added,,,,,,,,,,,,,,,,,,,30,7,14,19,4,2,16,18,24,17,11,GK,LB,CB,CB,RB,DCM,DCM,CAM,RM,LM,F,
15-30,4,RM,1,11,,,,,,,,,,,,,,,,,,,,,30,7,14,19,4,2,16,18,24,17,11,GK,LB,CB,CB,RB,DCM,DCM,CAM,RM,LM,F,1
15-30,11,RM,1,2,,,,,,,,,,,,,,,,,,,,,30,7,14,19,4,2,16,18,24,17,11,GK,LB,CB,CB,RB,DCM,DCM,CAM,RM,LM,F,3
15-30,2,RM,1,24,,,,,,,,,,,,,,,,,,,,,30,7,14,19,4,2,16,18,24,17,11,GK,LB,CB,CB,RB,DCM,DCM,CAM,RM,LM,F,2
15-30,24,RM,0,,,,,,,,,,,,,,,,,,,,,,30,7,14,19,4,2,16,18,24,17,11,GK,LB,CB,CB,RB,DCM,DCM,CAM,RM,LM,F,4
15-30,30,CD,,,4,Possession Added,,,,,,,,,,,,,,,,,,,30,7,14,19,4,2,16,18,24,17,11,GK,LB,CB,CB,RB,DCM,DCM,CAM,RM,LM,F,
15-30,30,RM,0,24,,,,,,,,,,,,,,,,,,,,,30,7,14,19,4,2,16,18,24,17,11,GK,LB,CB,CB,RB,DCM,DCM,CAM,RM,LM,F,1
15-30,30,CD,,,4,Possession Added,,,,,,,,,,,,,,,,,,,30,7,14,19,4,2,16,18,24,17,11,GK,LB,CB,CB,RB,DCM,DCM,CAM,RM,LM,F,
15-30,30,RM,1,12,,,,,,,,,,,,,,,,,,,,,30,7,14,19,4,8,16,15,24,17,11,GK,LB,CB,CB,RB,DCM,DCM,CAM,RM,LM,F,1
15-30,12,RA,0,24,,,,,,,,,,,,,,,,,,,,,30,7,14,19,4,8,16,15,24,17,11,GK,LB,CB,CB,RB,DCM,DCM,CAM,RM,LM,F,2
15-30,7,LD,,,3,Play Disrupted,,,,,,,,,,,,,,,,,,,30,7,14,19,4,8,16,15,24,17,11,GK,LB,CB,CB,RB,DCM,DCM,CAM,RM,LM,F,
15-30,7,CD,,,1,Possession Added,,,,,,,,,,,,,,,,,,,30,7,14,19,4,8,16,15,24,17,11,GK,LB,CB,CB,RB,DCM,DCM,CAM,RM,LM,F,
15-30,7,CM,1,11,,,,,,,,,,,,,,,,,,,,,30,7,14,19,4,8,16,15,24,17,11,GK,LB,CB,CB,RB,DCM,DCM,CAM,RM,LM,F,2
15-30,11,LM,1,17,,,,,,,,,,,,,,,,,,,,,30,7,14,19,4,8,16,15,24,17,11,GK,LB,CB,CB,RB,DCM,DCM,CAM,RM,LM,F,3
15-30,17,LM,Possession Lost,,,,,,,,,,,,,,,,,,,,,,30,7,14,19,4,8,16,15,24,17,11,GK,LB,CB,CB,RB,DCM,DCM,CAM,RM,LM,F,5
15-30,7,LM,,,6,Play Disrupted,,,,,,,,,,,,,,,,,,,30,7,14,19,4,8,16,15,24,17,11,GK,LB,CB,CB,RB,DCM,DCM,CAM,RM,LM,F,
15-30,7,LM,,,,,Yes,,,,,,,,,,,,,,,,,,30,7,14,19,4,8,16,15,24,17,11,GK,LB,CB,CB,RB,DCM,DCM,CAM,RM,LM,F,
15-30,30,CD,,,,,,,,,,Run of Play,14,Goal,4,,,,,,,,,,30,7,14,19,4,8,16,15,24,17,11,GK,LB,CB,CB,RB,DCM,DCM,CAM,RM,LM,F,
15-30,11,CM,1,15,,,,,,,,,,,,,,,,,,,,,30,7,14,19,4,8,16,15,24,17,11,GK,LB,CB,CB,RB,DCM,DCM,CAM,RM,LM,F,1
15-30,15,CM,1,8,,,,,,,,,,,,,,,,,,,,,30,7,14,19,4,8,16,15,24,17,11,GK,LB,CB,CB,RB,DCM,DCM,CAM,RM,LM,F,1
15-30,8,LM,1,16,,,,,,,,,,,,,,,,,,,,,30,7,14,19,4,8,16,15,24,17,11,GK,LB,CB,CB,RB,DCM,DCM,CAM,RM,LM,F,2
15-30,16,LM,1,11,,,,,,,,,,,,,,,,,,,,,30,7,14,19,4,8,16,15,24,17,11,GK,LB,CB,CB,RB,DCM,DCM,CAM,RM,LM,F,2
15-30,11,LM,Possession Lost,,,,,,,,,,,,,,,,,,,,,,30,7,14,19,4,8,16,15,24,17,11,GK,LB,CB,CB,RB,DCM,DCM,CAM,RM,LM,F,3
15-30,8,CM,,,3,Possession Added,,,,,,,,,,,,,,,,,,,30,7,14,19,4,8,16,15,24,17,11,GK,LB,CB,CB,RB,DCM,DCM,CAM,RM,LM,F,
15-30,8,RM,1,24,,,,,,,,,,,,,,,,,,,,,30,7,14,19,4,8,16,15,24,17,11,GK,LB,CB,CB,RB,DCM,DCM,CAM,RM,LM,F,2
15-30,24,RM,1,4,,,,,,,,,,,,,,,,,,,,,30,7,14,19,4,8,16,15,24,17,11,GK,LB,CB,CB,RB,DCM,DCM,CAM,RM,LM,F,2
15-30,4,RD,1,19,,,,,,,,,,,,,,,,,,,,,30,7,14,19,4,8,16,15,24,17,11,GK,LB,CB,CB,RB,DCM,DCM,CAM,RM,LM,F,2
15-30,19,CM,1,8,,,,,,,,,,,,,,,,,,,,,30,7,14,19,4,8,16,15,24,17,11,GK,LB,CB,CB,RB,DCM,DCM,CAM,RM,LM,F,2
15-30,8,RD,1,19,,,,,,,,,,,,,,,,,,,,,30,7,14,19,4,8,16,15,24,17,11,GK,LB,CB,CB,RB,DCM,DCM,CAM,RM,LM,F,4
15-30,19,CD,1,30,,,,,,,,,,,,,,,,,,,,,30,7,14,19,4,8,16,15,24,17,11,GK,LB,CB,CB,RB,DCM,DCM,CAM,RM,LM,F,2
15-30,30,CD,0,8,,,,,,,,,,,,,,,,,,,,,30,7,14,19,4,8,16,15,24,17,11,GK,LB,CB,CB,RB,DCM,DCM,CAM,RM,LM,F,1
15-30,30,CD,,,,,,,,,,Run of Play,25,SOT,5,,,,,,,,,,30,7,14,19,4,8,16,15,24,17,11,GK,LB,CB,CB,RB,DCM,DCM,CAM,RM,LM,F,
15-30,30,CA,0,9,,,,,,,,,,,,,,,,,,,,,30,7,14,19,4,8,16,15,22,17,9,GK,LB,CB,CB,RB,DCM,DCM,CAM,RM,LM,F,1
15-30,14,RD,,,2,Possession Added,,,,,,,,,,,,,,,,,,,30,7,14,19,4,8,16,15,22,17,9,GK,LB,CB,CB,RB,DCM,DCM,CAM,RM,LM,F,
15-30,30,LD,1,7,,,,,,,,,,,,,,,,,,,,,30,7,14,19,4,8,16,15,22,17,9,GK,LB,CB,CB,RB,DCM,DCM,CAM,RM,LM,F,1
15-30,7,CD,1,30,,,,,,,,,,,,,,,,,,,,,30,7,14,19,4,8,16,15,22,17,9,GK,LB,CB,CB,RB,DCM,DCM,CAM,RM,LM,F,2
15-30,30,CM,0,9,,,,,,,,,,,,,,,,,,,,,30,7,14,19,4,8,16,15,22,17,9,GK,LB,CB,CB,RB,DCM,DCM,CAM,RM,LM,F,1
15-30,15,CM,,,2,Possession Added,,,,,,,,,,,,,,,,,,,30,7,14,19,4,8,16,15,22,17,9,GK,LB,CB,CB,RB,DCM,DCM,CAM,RM,LM,F,
15-30,15,CM,1,8,,,,,,,,,,,,,,,,,,,,,30,7,14,19,4,8,16,15,22,17,9,GK,LB,CB,CB,RB,DCM,DCM,CAM,RM,LM,F,2
15-30,8,RM,1,4,,,,,,,,,,,,,,,,,,,,,30,7,14,19,4,8,16,15,22,17,9,GK,LB,CB,CB,RB,DCM,DCM,CAM,RM,LM,F,3
15-30,4,CM,1,9,,,,,,,,,,,,,,,,,,,,,30,7,14,19,4,8,16,15,22,17,9,GK,LB,CB,CB,RB,DCM,DCM,CAM,RM,LM,F,3
15-30,9,CM,1,8,,,,,,,,,,,,,,,,,,,,,30,7,14,19,4,8,16,15,22,17,9,GK,LB,CB,CB,RB,DCM,DCM,CAM,RM,LM,F,3
15-30,8,LM,0,7,,,,,,,,,,,,,,,,,,,,,30,7,14,19,4,8,16,15,22,17,9,GK,LB,CB,CB,RB,DCM,DCM,CAM,RM,LM,F,3
15-30,7,LD,1,14,,,,,,,,,,,,,,,,,,,,,30,7,14,19,4,8,16,15,22,17,9,GK,LB,CB,CB,RB,DCM,DCM,CAM,RM,LM,F,1
15-30,14,CD,1,30,,,,,,,,,,,,,,,,,,,,,30,7,14,19,4,8,16,15,22,17,9,GK,LB,CB,CB,RB,DCM,DCM,CAM,RM,LM,F,2
15-30,30,RD,1,19,,,,,,,,,,,,,,,,,,,,,30,7,14,19,4,8,16,15,22,17,9,GK,LB,CB,CB,RB,DCM,DCM,CAM,RM,LM,F,2
15-30,19,RM,1,4,,,,,,,,,,,,,,,,,,,,,30,7,14,19,4,8,16,15,22,17,9,GK,LB,CB,CB,RB,DCM,DCM,CAM,RM,LM,F,3
15-30,4,RA,0,22,,,,,,,,,,,,,,,,,,,,,30,7,14,19,4,8,16,15,22,17,9,GK,LB,CB,CB,RB,DCM,DCM,CAM,RM,LM,F,2
30-45,22,RM,,,4,Possession Added,,,,,,,,,,,,,,,,,,,30,7,14,19,4,8,16,15,22,17,9,GK,LB,CB,CB,RB,DCM,DCM,CAM,RM,LM,F,
30-45,22,RA,0,,,,,Yes,,,,,,,,,,,,,,,,,30,7,14,19,4,8,16,15,22,17,9,GK,LB,CB,CB,RB,DCM,DCM,CAM,RM,LM,F,3
30-45,15,CA,0,9,,,,,,,,,,,,,,,,,,,,,30,7,14,19,4,8,16,15,22,17,9,GK,LB,CB,CB,RB,DCM,DCM,CAM,RM,LM,F,1
30-45,7,LM,,,3,Possession Added,,,,,,,,,,,,,,,,,,,30,7,14,19,4,8,16,15,22,17,9,GK,LB,CB,CB,RB,DCM,DCM,CAM,RM,LM,F,
30-45,7,LA,0,9,,,,,,,,,,,,,,,,,,,,,30,7,14,19,4,8,16,15,22,17,9,GK,LB,CB,CB,RB,DCM,DCM,CAM,RM,LM,F,1
30-45,14,LM,,,4,Play Disrupted,,,,,,,,,,,,,,,,,,,30,7,14,19,4,8,16,15,22,17,9,GK,LB,CB,CB,RB,DCM,DCM,CAM,RM,LM,F,
30-45,17,LD,,,2,Play Disrupted,,,,,,,,,,,,,,,,,,,30,7,14,19,4,8,16,15,22,17,9,GK,LB,CB,CB,RB,DCM,DCM,CAM,RM,LM,F,
30-45,4,CD,,,5,Possession Added,,,,,,,,,,,,,,,,,,,30,7,14,19,4,8,16,15,22,17,9,GK,LB,CB,CB,RB,DCM,DCM,CAM,RM,LM,F,
30-45,4,RM,1,9,,,,,,,,,,,,,,,,,,,,,30,7,14,19,4,8,16,15,22,17,9,GK,LB,CB,CB,RB,DCM,DCM,CAM,RM,LM,F,1
30-45,9,RM,1,22,,,,,,,,,,,,,,,,,,,,,30,7,14,19,4,8,16,15,22,17,9,GK,LB,CB,CB,RB,DCM,DCM,CAM,RM,LM,F,2
30-45,22,CM,1,15,,,,,,,,,,,,,,,,,,,,,30,7,14,19,4,8,16,15,22,17,9,GK,LB,CB,CB,RB,DCM,DCM,CAM,RM,LM,F,2
30-45,15,RA,0,9,,,,,,,,,,,,,,,,,,,,,30,7,14,19,4,8,16,15,22,17,9,GK,LB,CB,CB,RB,DCM,DCM,CAM,RM,LM,F,2
30-45,30,RD,,,,,,,,,,Run of Play,17,Goal,7,,,,,,,,,,30,7,14,19,4,16,8,15,22,17,9,GK,LB,CB,CB,RB,DCM,DCM,CAM,RM,LM,F,
30-45,9,CM,1,15,,,,,,,,,,,,,,,,,,,,,30,7,14,19,4,20,8,15,22,16,9,GK,LB,CB,CB,RB,DCM,DCM,CAM,RM,LM,F,1
30-45,,,,,,,,,,,,,,,,,,,,,,,,,30,7,14,19,4,20,8,15,22,16,9,GK,LB,CB,CB,RB,DCM,DCM,CAM,RM,LM,F,
30-45,15,CM,1,8,,,,,,,,,,,,,,,,,,,,,30,7,14,19,4,20,8,15,22,16,9,GK,LB,CB,CB,RB,DCM,DCM,CAM,RM,LM,F,1
30-45,8,LM,1,7,,,,,,,,,,,,,,,,,,,,,30,7,14,19,4,8,20,15,22,16,9,GK,LB,CB,CB,RB,DCM,DCM,CAM,RM,LM,F,2
30-45,7,LM,1,16,,,,,,,,,,,,,,,,,,,,,30,7,14,19,4,8,20,15,22,16,9,GK,LB,CB,CB,RB,DCM,DCM,CAM,RM,LM,F,2
30-45,16,CM,1,9,,,,,,,,,,,,,,,,,,,,,30,7,14,19,4,8,20,15,22,16,9,GK,LB,CB,CB,RB,DCM,DCM,CAM,RM,LM,F,2
30-45,9,CM,Possession Lost,,,,,,,,,,,,,,,,,,,,,,30,7,14,19,4,8,20,15,22,16,9,GK,LB,CB,CB,RB,DCM,DCM,CAM,RM,LM,F,3
30-45,14,LD,,,5,Play Disrupted,,,,,,,,,,,,,,,,,,,30,7,14,19,4,8,20,15,22,16,9,GK,LB,CB,CB,RB,DCM,DCM,CAM,RM,LM,F,
30-45,14,CD,,,6,Play Disrupted,,,,,,,,,,,,,,,,,,,30,7,14,19,4,8,20,15,22,16,9,GK,LB,CB,CB,RB,DCM,DCM,CAM,RM,LM,F,
30-45,30,CD,,,,,,,,,,Run of Play,20,SOT,7,,,,,,,,,,30,7,14,19,4,8,20,15,22,16,9,GK,LB,CB,CB,RB,DCM,DCM,CAM,RM,LM,F,
30-45,30,CM,0,9,,,,,,,,,,,,,,,,,,,,,30,7,14,19,4,8,20,15,22,16,9,GK,LB,CB,CB,RB,DCM,DCM,CAM,RM,LM,F,1
30-45,7,LM,,,2,Play Disrupted,,,,,,,,,,,,,,,,,,,30,7,14,19,4,8,20,15,22,16,9,GK,LB,CB,CB,RB,DCM,DCM,CAM,RM,LM,F,
30-45,9,LA,,,5,Play Disrupted,Yes,,,,,,,,,,,,,,,,,,30,7,14,19,4,8,20,15,22,16,9,GK,LB,CB,CB,RB,DCM,DCM,CAM,RM,LM,F,
30-45,4,RM,,,2,Possession Added,,,,,,,,,,,,,,,,,,,30,7,14,19,4,8,20,15,22,16,9,GK,LB,CB,CB,RB,DCM,DCM,CAM,RM,LM,F,
30-45,4,RM,0,9,,,Yes,,Yes,,,,,,,,,,,,,,,,30,7,14,19,4,8,20,15,22,16,9,GK,LB,CB,CB,RB,DCM,DCM,CAM,RM,LM,F,3
30-45,9,RM,,,,,,,Yes,,,,,,,,,,,,,,,,30,7,14,19,4,8,20,15,22,16,9,GK,LB,CB,CB,RB,DCM,DCM,CAM,RM,LM,F,
30-45,30,CD,,,3,Play Disrupted,,,,,,,,,,,,,,,,,,,30,7,14,19,4,8,20,15,22,16,9,GK,LB,CB,CB,RB,DCM,DCM,CAM,RM,LM,F,
30-45,9,CM,,,4,Play Disrupted,Yes,,,,,,,,,,,,,,,,,,30,7,14,19,4,8,20,15,22,16,9,GK,LB,CB,CB,RB,DCM,DCM,CAM,RM,LM,F,
30-45,15,CM,,,4,Possession Added,,,,,,,,,,,,,,,,,,,30,7,14,19,4,8,20,15,22,16,9,GK,LB,CB,CB,RB,DCM,DCM,CAM,RM,LM,F,
30-45,15,CM,1,22,,,,,,,,,,,,,,,,,,,,,30,7,14,19,4,8,20,15,22,16,9,GK,LB,CB,CB,RB,DCM,DCM,CAM,RM,LM,F,2
30-45,22,CM,1,15,,,,,,,,,,,,,,,,,,,,,30,7,14,19,4,8,20,15,22,16,9,GK,LB,CB,CB,RB,DCM,DCM,CAM,RM,LM,F,1
30-45,15,RM,1,8,,,,,,,,,,,,,,,,,,,,,30,7,14,19,4,8,20,15,22,16,9,GK,LB,CB,CB,RB,DCM,DCM,CAM,RM,LM,F,2
30-45,8,RA,1,9,,,,,,,,,,,,,,,,,,,,,30,7,14,19,4,8,20,15,22,16,9,GK,LB,CB,CB,RB,DCM,DCM,CAM,RM,LM,F,3
30-45,9,CA,Possession Lost,,,,,,,,,,,,,,,,,,,,,,30,7,14,19,4,8,20,15,22,16,9,GK,LB,CB,CB,RB,DCM,DCM,CAM,RM,LM,F,3
30-45,15,CM,,,3,Possession Added,,,,,,,,,,,,,,,,,,,30,7,14,19,4,8,20,15,22,16,9,GK,LB,CB,CB,RB,DCM,DCM,CAM,RM,LM,F,
30-45,15,CM,1,22,,,,,,,,,,,,,,,,,,,,,30,7,14,19,4,8,20,15,22,16,9,GK,LB,CB,CB,RB,DCM,DCM,CAM,RM,LM,F,2
30-45,22,CM,1,15,,,,,,,,,,,,,,,,,,,,,30,7,14,19,4,8,20,15,22,16,9,GK,LB,CB,CB,RB,DCM,DCM,CAM,RM,LM,F,2
30-45,15,LA,1,7,,,,,,,,,,,,,,,,,,,,,30,7,14,19,4,8,20,15,22,16,9,GK,LB,CB,CB,RB,DCM,DCM,CAM,RM,LM,F,3
30-45,7,LM,1,15,,,,,,,,,,,,,,,,,,,,,30,7,14,19,4,8,20,15,22,16,9,GK,LB,CB,CB,RB,DCM,DCM,CAM,RM,LM,F,2
30-45,15,LA,0,22,,,,,,,,,,,,,,,,,,,,,30,7,14,19,4,8,20,15,22,16,9,GK,LB,CB,CB,RB,DCM,DCM,CAM,RM,LM,F,2
30-45,7,LD,,,6,Possession Added,,,,,,,,,,,,,,,,,,,30,7,14,19,4,8,20,15,22,16,9,GK,LB,CB,CB,RB,DCM,DCM,CAM,RM,LM,F,
30-45,7,LD,1,16,,,,,,,,,,,,,,,,,,,,,30,7,14,19,4,8,20,15,22,16,9,GK,LB,CB,CB,RB,DCM,DCM,CAM,RM,LM,F,1
30-45,16,LD,,,,,,Yes,,,,,,,,,,,,,,,,,30,7,14,19,4,8,20,15,22,16,9,GK,LB,CB,CB,RB,DCM,DCM,CAM,RM,LM,F,
30-45,7,LA,0,9,,,,,,,,,,,,,,,,,,,,,30,7,14,19,4,8,20,15,22,16,9,GK,LB,CB,CB,RB,DCM,DCM,CAM,RM,LM,F,1
30-45,14,CM,,,0,Possession Added,,,,,,,,,,,,,,,,,,,30,7,14,19,4,8,20,15,22,16,9,GK,LB,CB,CB,RB,DCM,DCM,CAM,RM,LM,F,
30-45,14,CM,0,22,,,,,,,,,,,,,,,,,,,,,30,7,14,19,4,8,20,15,22,16,9,GK,LB,CB,CB,RB,DCM,DCM,CAM,RM,LM,F,2
30-45,30,CD,,,8,Possession Added,,,,,,,,,,,,,,,,,,,30,7,14,19,4,8,20,15,22,16,9,GK,LB,CB,CB,RB,DCM,DCM,CAM,RM,LM,F,
30-45,30,LM,0,22,,,,,,,,,,,,,,,,,,,,,30,7,14,19,4,8,20,15,22,16,9,GK,LB,CB,CB,RB,DCM,DCM,CAM,RM,LM,F,1
30-45,22,CM,1,16,,,,,,,,,,,,,,,,,,,,,30,7,14,19,4,8,20,15,22,16,9,GK,LB,CB,CB,RB,DCM,DCM,CAM,RM,LM,F,6
30-45,16,LA,1,22,,,,,,,,,,,,,,,,,,,,,30,7,14,19,4,8,20,15,22,16,9,GK,LB,CB,CB,RB,DCM,DCM,CAM,RM,LM,F,3
30-45,22,LA,Possession Lost,,,,,,,,,,,,,,,,,,,,,,30,7,14,19,4,8,20,15,22,16,9,GK,LB,CB,CB,RB,DCM,DCM,CAM,RM,LM,F,3
30-45,14,LM,,,2,Play Disrupted,Yes,,,,,,,,,,,,,,,,,,30,7,14,19,4,8,20,15,22,16,9,GK,LB,CB,CB,RB,DCM,DCM,CAM,RM,LM,F,
30-45,4,RD,,,3,Possession Added,,,,,,,,,,,,,,,,,,,30,7,14,19,4,8,20,15,22,16,9,GK,LB,CB,CB,RB,DCM,DCM,CAM,RM,LM,F,
30-45,30,CM,0,22,,,,,,,,,,,,,,,,,,,,,30,7,14,19,4,8,20,15,22,16,12,GK,LB,CB,CB,RB,DCM,DCM,CAM,RM,LM,F,1
30-45,7,CM,1,8,,,,,,,,,,,,,,,,,,,,,30,7,14,19,4,8,20,15,22,16,12,GK,LB,CB,CB,RB,DCM,DCM,CAM,RM,LM,F,2
30-45,8,LM,1,7,,,,,,,,,,,,,,,,,,,,,30,7,14,19,4,8,20,15,22,16,12,GK,LB,CB,CB,RB,DCM,DCM,CAM,RM,LM,F,3
30-45,7,LA,1,16,,,,,,,,,,,,,,,,,,,,,30,7,14,19,4,8,20,15,22,16,12,GK,LB,CB,CB,RB,DCM,DCM,CAM,RM,LM,F,4
30-45,16,CA,Possession Lost,,,,,,,,,,,,,,,,,,,,,,30,7,14,19,4,8,20,15,22,16,12,GK,LB,CB,CB,RB,DCM,DCM,CAM,RM,LM,F,3
30-45,8,LM,,,0,Play Disrupted,Yes,,,,,,,,,,,,,,,,,,30,7,14,19,4,8,20,15,22,16,12,GK,LB,CB,CB,RB,DCM,DCM,CAM,RM,LM,F,
30-45,7,LD,,,8,Possession Added,,,,,,,,,,,,,,,,,,,30,7,14,19,4,8,20,15,22,16,12,GK,LB,CB,CB,RB,DCM,DCM,CAM,RM,LM,F,
30-45,7,CM,1,20,,,,,,,,,,,,,,,,,,,,,30,7,14,19,4,8,20,15,22,16,12,GK,LB,CB,CB,RB,DCM,DCM,CAM,RM,LM,F,1
30-45,20,LM,1,7,,,,,,,,,,,,,,,,,,,,,30,7,14,19,4,8,20,15,22,16,12,GK,LB,CB,CB,RB,DCM,DCM,CAM,RM,LM,F,2
30-45,7,LD,1,14,,,,,,,,,,,,,,,,,,,,,30,7,14,19,4,8,20,15,22,16,12,GK,LB,CB,CB,RB,DCM,DCM,CAM,RM,LM,F,2
30-45,14,LD,Possession Lost,,,,,,,,,,,,,,,,,,,,,,30,7,14,19,4,8,20,15,22,16,12,GK,LB,CB,CB,RB,DCM,DCM,CAM,RM,LM,F,3
30-45,16,LD,,,4,Play Disrupted,,,,,,,,,,,,,,,,,,,30,7,14,19,4,8,20,15,22,16,12,GK,LB,CB,CB,RB,DCM,DCM,CAM,RM,LM,F,
30-45,30,CD,,,3,Possession Added,,,,,,,,,,,,,,,,,,,30,7,14,19,4,8,20,15,22,16,12,GK,LB,CB,CB,RB,DCM,DCM,CAM,RM,LM,F,
45-60,30,CD,,,4,Possession Added,,,,,,,,,,,,,,,,,,,30,7,3,14,12,8,2,16,22,15,11,GK,LB,CB,CB,RB,DCM,DCM,CAM,RM,LM,F,
45-60,30,RD,1,12,,,,,,,,,,,,,,,,,,,,,30,7,3,14,12,8,2,16,22,15,11,GK,LB,CB,CB,RB,DCM,DCM,CAM,RM,LM,F,1
45-60,12,RM,0,,,,,,,,,,,,,,,,,,,,,,30,7,3,14,12,8,2,16,22,15,11,GK,LB,CB,CB,RB,DCM,DCM,CAM,RM,LM,F,3
45-60,12,RM,0,16,,,,,,,,,,,,,,,,,,,,,30,7,3,14,12,8,2,16,22,15,11,GK,LB,CB,CB,RB,DCM,DCM,CAM,RM,LM,F,1
45-60,12,CM,1,8,,,,,,,,,,,,,,,,,,,,,30,7,3,14,12,8,2,16,22,15,11,GK,LB,CB,CB,RB,DCM,DCM,CAM,RM,LM,F,1
45-60,8,LM,1,7,,,,,,,,,,,,,,,,,,,,,30,7,3,14,12,8,2,16,22,15,11,GK,LB,CB,CB,RB,DCM,DCM,CAM,RM,LM,F,4
45-60,7,LM,Possession Lost,,,,,,,,,,,,,,,,,,,,,,30,7,3,14,12,8,2,16,22,15,11,GK,LB,CB,CB,RB,DCM,DCM,CAM,RM,LM,F,4
45-60,14,RD,0,12,,,,,,,,,,,,,,,,,,,,,30,7,3,14,12,8,2,16,22,15,11,GK,LB,CB,CB,RB,DCM,DCM,CAM,RM,LM,F,3
45-60,30,CD,,,,,,,,,,Run of Play,6,Goal,1,,,,,,,,,,30,7,3,14,12,8,2,16,22,15,11,GK,LB,CB,CB,RB,DCM,DCM,CAM,RM,LM,F,
45-60,11,CM,1,16,,,,,,,,,,,,,,,,,,,,,30,7,3,14,12,8,2,16,22,15,11,GK,LB,CB,CB,RB,DCM,DCM,CAM,RM,LM,F,1
45-60,16,CM,1,8,,,,,,,,,,,,,,,,,,,,,30,7,3,14,12,8,2,16,22,15,11,GK,LB,CB,CB,RB,DCM,DCM,CAM,RM,LM,F,1
45-60,8,RM,0,22,,,,,,,,,,,,,,,,,,,,,30,7,3,14,12,8,2,16,22,15,11,GK,LB,CB,CB,RB,DCM,DCM,CAM,RM,LM,F,2
45-60,12,RA,0,16,,,,,,,,,,,,,,,,,,,,,30,7,3,14,12,8,2,16,22,15,11,GK,LB,CB,CB,RB,DCM,DCM,CAM,RM,LM,F,1
45-60,12,CA,0,2,,,,,,,,,,,,,,,,,,,,,30,7,3,14,12,8,2,16,22,15,11,GK,LB,CB,CB,RB,DCM,DCM,CAM,RM,LM,F,1
45-60,7,CA,0,11,,,,,,,,,,,,,,,,,,,,,30,7,3,14,12,8,2,16,22,15,11,GK,LB,CB,CB,RB,DCM,DCM,CAM,RM,LM,F,4
45-60,8,CM,,,1,Possession Added,,,,,,,,,,,,,,,,,,,30,7,3,14,12,8,2,16,22,15,11,GK,LB,CB,CB,RB,DCM,DCM,CAM,RM,LM,F,
45-60,8,LM,1,2,,,,,,,,,,,,,,,,,,,,,30,7,3,14,12,8,2,16,22,15,11,GK,LB,CB,CB,RB,DCM,DCM,CAM,RM,LM,F,2
45-60,8,LM,1,7,,,,,,,,,,,,,,,,,,,,,30,7,3,14,12,8,2,16,22,15,11,GK,LB,CB,CB,RB,DCM,DCM,CAM,RM,LM,F,2
45-60,7,LD,1,3,,,,,,,,,,,,,,,,,,,,,30,7,3,14,12,8,2,16,22,15,11,GK,LB,CB,CB,RB,DCM,DCM,CAM,RM,LM,F,2
45-60,3,LD,1,8,,,,,,,,,,,,,,,,,,,,,30,7,3,14,12,8,2,16,22,15,11,GK,LB,CB,CB,RB,DCM,DCM,CAM,RM,LM,F,2
45-60,8,LD,1,3,,,,,,,,,,,,,,,,,,,,,30,7,3,14,12,8,2,16,22,15,11,GK,LB,CB,CB,RB,DCM,DCM,CAM,RM,LM,F,4
45-60,3,CM,1,2,,,,,,,,,,,,,,,,,,,,,30,7,3,14,12,8,2,16,22,15,11,GK,LB,CB,CB,RB,DCM,DCM,CAM,RM,LM,F,2
45-60,2,CD,1,14,,,,,,,,,,,,,,,,,,,,,30,7,3,14,12,8,2,16,22,15,11,GK,LB,CB,CB,RB,DCM,DCM,CAM,RM,LM,F,3
45-60,14,CD,1,2,,,,,,,,,,,,,,,,,,,,,30,7,3,14,12,8,2,16,22,15,11,GK,LB,CB,CB,RB,DCM,DCM,CAM,RM,LM,F,3
45-60,2,RD,1,22,,,,,,,,,,,,,,,,,,,,,30,7,3,14,12,8,2,16,22,15,11,GK,LB,CB,CB,RB,DCM,DCM,CAM,RM,LM,F,3
45-60,22,RD,0,,,,,,,,,,,,,,,,,,,,,,30,7,3,14,12,8,2,16,22,15,11,GK,LB,CB,CB,RB,DCM,DCM,CAM,RM,LM,F,4
45-60,12,RM,1,11,,,,,,,,,,,,,,,,,,,,,30,7,3,14,12,8,2,16,22,15,11,GK,LB,CB,CB,RB,DCM,DCM,CAM,RM,LM,F,1
45-60,11,CM,1,16,,,,,,,,,,,,,,,,,,,,,30,7,3,14,12,8,2,16,22,15,11,GK,LB,CB,CB,RB,DCM,DCM,CAM,RM,LM,F,3
45-60,16,LM,1,7,,,,,,,,,,,,,,,,,,,,,30,7,3,14,12,8,2,16,22,15,11,GK,LB,CB,CB,RB,DCM,DCM,CAM,RM,LM,F,4
45-60,7,CA,1,22,,,,,,,,,,,,,,,,,,,,,30,7,3,14,12,8,2,16,22,15,11,GK,LB,CB,CB,RB,DCM,DCM,CAM,RM,LM,F,2
45-60,22,CA,0,,,,,,,,,,,,,,,,,,,,,,30,7,3,14,12,8,2,16,22,15,11,GK,LB,CB,CB,RB,DCM,DCM,CAM,RM,LM,F,3
45-60,2,LM,1,7,,,,,,,,,,,,,,,,,,,,,30,7,3,14,12,8,2,16,22,15,11,GK,LB,CB,CB,RB,DCM,DCM,CAM,RM,LM,F,2
45-60,7,CA,1,11,,,,,,,,,,,,,,,,,,,,,30,7,3,14,12,8,2,16,22,15,11,GK,LB,CB,CB,RB,DCM,DCM,CAM,RM,LM,F,4
45-60,11,CA,0,22,,,,,,,,,,,,,,,,,,,,,30,7,3,14,12,8,2,16,22,15,11,GK,LB,CB,CB,RB,DCM,DCM,CAM,RM,LM,F,2
45-60,30,CD,,,7,Possession Added,,,,,,,,,,,,,,,,,,,30,7,3,14,12,8,2,16,22,15,11,GK,LB,CB,CB,RB,DCM,DCM,CAM,RM,LM,F,
45-60,30,LD,1,7,,,,,,,,,,,,,,,,,,,,,30,7,3,14,12,8,2,16,22,15,11,GK,LB,CB,CB,RB,DCM,DCM,CAM,RM,LM,F,1
45-60,7,CM,1,8,,,,,,,,,,,,,,,,,,,,,30,7,3,14,12,8,2,16,22,15,11,GK,LB,CB,CB,RB,DCM,DCM,CAM,RM,LM,F,2
45-60,8,CM,1,2,,,,,,,,,,,,,,,,,,,,,30,7,3,14,12,8,2,16,22,15,11,GK,LB,CB,CB,RB,DCM,DCM,CAM,RM,LM,F,2
45-60,2,CM,1,22,,,,,,,,,,,,,,,,,,,,,30,7,3,14,12,8,2,16,22,15,11,GK,LB,CB,CB,RB,DCM,DCM,CAM,RM,LM,F,2
45-60,22,CA,0,11,,,,,,,,,,,,,,,,,,,,,30,7,3,14,12,8,2,16,22,15,11,GK,LB,CB,CB,RB,DCM,DCM,CAM,RM,LM,F,4
45-60,2,CM,,,0,Possession Added,,,,,,,,,,,,,,,,,,,30,7,3,14,12,8,2,16,22,15,11,GK,LB,CB,CB,RB,DCM,DCM,CAM,RM,LM,F,
45-60,2,RM,1,12,,,,,,,,,,,,,,,,,,,,,30,7,3,14,12,8,2,16,22,15,11,GK,LB,CB,CB,RB,DCM,DCM,CAM,RM,LM,F,1
45-60,12,CA,0,11,,,,,,,,,,,,,,,,,,,,,30,7,3,14,12,8,2,16,22,15,11,GK,LB,CB,CB,RB,DCM,DCM,CAM,RM,LM,F,2
45-60,30,CD,,,2,Possession Added,,,,,,,,,,,,,,,,,,,30,7,3,14,12,8,2,16,22,15,11,GK,LB,CB,CB,RB,DCM,DCM,CAM,RM,LM,F,
45-60,30,LD,1,7,,,,,,,,,,,,,,,,,,,,,30,7,3,14,12,8,2,16,22,15,11,GK,LB,CB,CB,RB,DCM,DCM,CAM,RM,LM,F,1
45-60,7,LD,1,8,,,,,,,,,,,,,,,,,,,,,30,7,3,14,12,8,2,16,22,15,11,GK,LB,CB,CB,RB,DCM,DCM,CAM,RM,LM,F,2
45-60,8,LD,1,3,,,,,,,,,,,,,,,,,,,,,30,7,3,14,12,8,2,16,22,15,11,GK,LB,CB,CB,RB,DCM,DCM,CAM,RM,LM,F,2
45-60,3,LM,0,16,,,,,,,,,,,,,,,,,,,,,30,7,3,14,12,8,2,16,22,15,11,GK,LB,CB,CB,RB,DCM,DCM,CAM,RM,LM,F,2
45-60,30,CD,,,3,Possession Added,,,,,,,,,,,,,,,,,,,30,7,3,14,12,8,2,16,22,15,11,GK,LB,CB,CB,RB,DCM,DCM,CAM,RM,LM,F,
45-60,30,RD,1,14,,,,,,,,,,,,,,,,,,,,,30,7,3,14,12,8,2,16,22,15,11,GK,LB,CB,CB,RB,DCM,DCM,CAM,RM,LM,F,1
45-60,14,CM,1,11,,,,,,,,,,,,,,,,,,,,,30,7,3,14,12,8,2,16,22,15,11,GK,LB,CB,CB,RB,DCM,DCM,CAM,RM,LM,F,2
45-60,11,CM,1,2,,,,,,,,,,,,,,,,,,,,,30,7,3,14,12,8,2,16,22,15,11,GK,LB,CB,CB,RB,DCM,DCM,CAM,RM,LM,F,1
45-60,2,CM,1,8,,,,,,,,,,,,,,,,,,,,,30,7,3,14,12,8,2,16,22,15,11,GK,LB,CB,CB,RB,DCM,DCM,CAM,RM,LM,F,2
45-60,2,LM,1,15,,,,,,,,,,,,,,,,,,,,,30,7,3,14,12,8,2,16,22,15,11,GK,LB,CB,CB,RB,DCM,DCM,CAM,RM,LM,F,3
45-60,15,CM,1,16,,,,,,,,,,,,,,,,,,,,,30,7,3,14,12,8,2,16,22,15,11,GK,LB,CB,CB,RB,DCM,DCM,CAM,RM,LM,F,2
45-60,16,CA,,,,,,,,,,,,,,Run of Play,20,SOT,6,16,15,2,8,11,30,7,3,14,12,8,2,16,22,15,11,GK,LB,CB,CB,RB,DCM,DCM,CAM,RM,LM,F,
45-60,3,LD,,,4,Possession Added,,,,,,,,,,,,,,,,,,,30,7,3,14,12,8,2,16,22,15,11,GK,LB,CB,CB,RB,DCM,DCM,CAM,RM,LM,F,
45-60,3,LD,1,7,,,,,,,,,,,,,,,,,,,,,30,7,3,14,12,8,2,16,22,15,11,GK,LB,CB,CB,RB,DCM,DCM,CAM,RM,LM,F,2
45-60,7,LD,1,3,,,,,,,,,,,,,,,,,,,,,30,7,3,14,12,2,8,16,22,15,11,GK,LB,CB,CB,RB,DCM,DCM,CAM,RM,LM,F,2
45-60,3,CM,0,11,,,,,,,,,,,,,,,,,,,,,30,7,3,14,12,2,8,16,22,15,11,GK,LB,CB,CB,RB,DCM,DCM,CAM,RM,LM,F,3
45-60,30,CD,,,,,,,,,,Run of Play,22,SOT,4,,,,,,,,,,30,7,3,14,12,2,8,16,22,15,11,GK,LB,CB,CB,RB,DCM,DCM,CAM,RM,LM,F,
45-60,30,CD,1,8,,,,,,,,,,,,,,,,,,,,,30,7,3,14,12,2,8,16,22,15,11,GK,LB,CB,CB,RB,DCM,DCM,CAM,RM,LM,F,1
45-60,8,LM,1,15,,,,,,,,,,,,,,,,,,,,,30,7,3,14,12,2,8,16,22,15,11,GK,LB,CB,CB,RB,DCM,DCM,CAM,RM,LM,F,4
45-60,15,LM,1,7,,,,,,,,,,,,,,,,,,,,,30,7,3,14,12,2,8,16,22,15,11,GK,LB,CB,CB,RB,DCM,DCM,CAM,RM,LM,F,1
45-60,7,LM,0,16,,,,,,,,,,,,,,,,,,,,,30,7,3,14,12,2,8,16,22,15,11,GK,LB,CB,CB,RB,DCM,DCM,CAM,RM,LM,F,2
45-60,11,LM,,,3,Play Disrupted,Yes,,,,,,,,,,,,,,,,,,30,7,3,14,12,2,8,16,22,15,11,GK,LB,CB,CB,RB,DCM,DCM,CAM,RM,LM,F,
45-60,12,RD,,,3,Play Disrupted,,,,,,,,,,,,,,,,,,,30,7,3,14,12,2,8,16,22,15,11,GK,LB,CB,CB,RB,DCM,DCM,CAM,RM,LM,F,
45-60,,,,,,,,,,,,,,,,,,,,,,,,,30,7,3,14,12,2,8,16,22,15,11,GK,LB,CB,CB,RB,DCM,DCM,CAM,RM,LM,F,
45-60,12,RA,,,0,Possession Added,,,,,,,,,,,,,,,,,,,30,7,3,14,12,2,8,16,22,15,11,GK,LB,CB,CB,RB,DCM,DCM,CAM,RM,LM,F,
45-60,12,CA,0,22,,,,,,,,,,,,,,,,,,,,,30,7,3,14,12,2,8,16,22,15,11,GK,LB,CB,CB,RB,DCM,DCM,CAM,RM,LM,F,1
45-60,7,LD,,,3,Possession Added,,,,,,,,,,,,,,,,,,,30,7,3,14,12,2,8,16,22,15,11,GK,LB,CB,CB,RB,DCM,DCM,CAM,RM,LM,F,
45-60,7,LM,1,16,,,,,,,,,,,,,,,,,,,,,30,7,3,14,12,2,8,16,22,15,11,GK,LB,CB,CB,RB,DCM,DCM,CAM,RM,LM,F,1
45-60,16,LM,,,,,,Yes,,,,,,,,,,,,,,,,,30,7,3,14,12,2,8,16,22,15,11,GK,LB,CB,CB,RB,DCM,DCM,CAM,RM,LM,F,
45-60,7,LD,1,3,,,,,,,,,,,,,,,,,,,,,30,7,3,14,12,2,8,16,22,15,11,GK,LB,CB,CB,RB,DCM,DCM,CAM,RM,LM,F,1
45-60,3,CD,1,14,,,,,,,,,,,,,,,,,,,,,30,7,3,14,12,2,8,16,22,15,11,GK,LB,CB,CB,RB,DCM,DCM,CAM,RM,LM,F,2
45-60,14,CD,1,30,,,,,,,,,,,,,,,,,,,,,30,7,3,14,12,2,8,16,22,15,11,GK,LB,CB,CB,RB,DCM,DCM,CAM,RM,LM,F,3
45-60,30,LD,1,3,,,,,,,,,,,,,,,,,,,,,30,7,3,14,12,2,8,16,22,15,11,GK,LB,CB,CB,RB,DCM,DCM,CAM,RM,LM,F,2
45-60,3,LM,1,15,,,,,,,,,,,,,,,,,,,,,30,7,3,14,12,2,8,16,22,15,11,GK,LB,CB,CB,RB,DCM,DCM,CAM,RM,LM,F,2
45-60,15,LD,1,3,,,,,,,,,,,,,,,,,,,,,30,7,3,14,12,2,8,16,22,15,11,GK,LB,CB,CB,RB,DCM,DCM,CAM,RM,LM,F,4
45-60,3,CM,1,15,,,,,,,,,,,,,,,,,,,,,30,7,3,14,12,2,8,16,22,15,11,GK,LB,CB,CB,RB,DCM,DCM,CAM,RM,LM,F,2
45-60,15,RM,1,2,,,,,,,,,,,,,,,,,,,,,30,7,3,14,12,2,8,16,22,15,11,GK,LB,CB,CB,RB,DCM,DCM,CAM,RM,LM,F,2
45-60,2,CA,1,22,,,,,,,,,,,,,,,,,,,,,30,7,3,14,12,2,8,16,22,15,11,GK,LB,CB,CB,RB,DCM,DCM,CAM,RM,LM,F,3
45-60,22,CA,,,,,,Yes,,,,,,,,,,,,,,,,,30,7,3,14,12,2,8,16,22,15,11,GK,LB,CB,CB,RB,DCM,DCM,CAM,RM,LM,F,
45-60,8,CA ,,,,,,,,,,,,,,Set Piece,20,Shot Blocked,0,8,,,,,30,7,3,14,12,2,8,16,22,15,11,GK,LB,CB,CB,RB,DCM,DCM,CAM,RM,LM,F,
45-60,30,LD,1,7,,,,,,,,,,,,,,,,,,,,,30,7,3,14,12,2,8,16,22,15,11,GK,LB,CB,CB,RB,DCM,DCM,CAM,RM,LM,F,3
45-60,7,CD,1,30,,,,,,,,,,,,,,,,,,,,,30,7,3,14,12,2,8,16,22,15,11,GK,LB,CB,CB,RB,DCM,DCM,CAM,RM,LM,F,4
45-60,30,LM,1,7,,,,,,,,,,,,,,,,,,,,,30,7,3,14,12,2,8,16,22,15,11,GK,LB,CB,CB,RB,DCM,DCM,CAM,RM,LM,F,2
45-60,7,CD,1,3,,,,,,,,,,,,,,,,,,,,,30,7,3,14,12,2,8,16,22,15,11,GK,LB,CB,CB,RB,DCM,DCM,CAM,RM,LM,F,2
45-60,3,CD,1,14,,,,,,,,,,,,,,,,,,,,,30,7,3,14,12,2,8,16,22,15,11,GK,LB,CB,CB,RB,DCM,DCM,CAM,RM,LM,F,2
45-60,14,RM,1,12,,,,,,,,,,,,,,,,,,,,,30,7,3,14,12,2,8,16,22,15,11,GK,LB,CB,CB,RB,DCM,DCM,CAM,RM,LM,F,2
45-60,12,RM,1,2,,,,,,,,,,,,,,,,,,,,,30,7,3,14,12,2,8,16,22,15,11,GK,LB,CB,CB,RB,DCM,DCM,CAM,RM,LM,F,1
45-60,2,RM,1,11,,,,,,,,,,,,,,,,,,,,,30,7,3,14,12,2,8,16,22,15,11,GK,LB,CB,CB,RB,DCM,DCM,CAM,RM,LM,F,4
45-60,11,CA,,,,,,,,,,,,,,Run of Play,20,SOG,8,11,2,12,14,3,30,7,3,14,12,2,8,16,22,15,11,GK,LB,CB,CB,RB,DCM,DCM,CAM,RM,LM,F,
45-60,2,CM,,,8,Possession Added,,,,,,,,,,,,,,,,,,,30,7,3,14,12,2,8,16,22,15,11,GK,LB,CB,CB,RB,DCM,DCM,CAM,RM,LM,F,
45-60,2,CD,1,3,,,,,,,,,,,,,,,,,,,,,30,7,3,14,12,2,8,16,22,15,11,GK,LB,CB,CB,RB,DCM,DCM,CAM,RM,LM,F,2
45-60,3,RD,1,14,,,,,,,,,,,,,,,,,,,,,30,7,3,14,12,2,8,16,22,15,11,GK,LB,CB,CB,RB,DCM,DCM,CAM,RM,LM,F,2
45-60,14,CD,1,3,,,,,,,,,,,,,,,,,,,,,30,7,3,14,12,2,8,16,22,15,11,GK,LB,CB,CB,RB,DCM,DCM,CAM,RM,LM,F,2
45-60,3,CM,1,8,,,,,,,,,,,,,,,,,,,,,30,7,3,14,12,2,8,16,22,15,11,GK,LB,CB,CB,RB,DCM,DCM,CAM,RM,LM,F,3
45-60,8,LM,0,7,,,,,,,,,,,,,,,,,,,,,30,7,3,14,12,2,8,16,22,15,11,GK,LB,CB,CB,RB,DCM,DCM,CAM,RM,LM,F,3
45-60,7,LM,,,3,Possession Added,,,,,,,,,,,,,,,,,,,30,7,3,14,12,2,8,16,22,15,11,GK,LB,CB,CB,RB,DCM,DCM,CAM,RM,LM,F,
45-60,7,LM,1,22,,,,,,,,,,,,,,,,,,,,,30,7,3,14,12,2,8,16,22,15,11,GK,LB,CB,CB,RB,DCM,DCM,CAM,RM,LM,F,1
45-60,22,LA,,,,,,,,,,,,,,Run of Play,15,Goal,1,22,7,,,,30,7,3,14,12,2,8,16,22,15,11,GK,LB,CB,CB,RB,DCM,DCM,CAM,RM,LM,F,
45-60,30,CD,,,5,Possession Added,,,,,,Run of Play,22,SOT,5,,,,,,,,,,30,7,3,14,12,2,8,16,22,15,11,GK,LB,CB,CB,RB,DCM,DCM,CAM,RM,LM,F,
60-75,30,LM,1,7,,,,,,,,,,,,,,,,,,,,,30,7,3,14,12,2,8,16,22,15,11,GK,LB,CB,CB,RB,DCM,DCM,CAM,RM,LM,F,1
60-75,7,LD,1,3,,,,,,,,,,,,,,,,,,,,,30,7,3,14,12,2,8,16,22,15,11,GK,LB,CB,CB,RB,DCM,DCM,CAM,RM,LM,F,2
60-75,3,CD,1,30,,,,,,,,,,,,,,,,,,,,,30,7,3,14,12,2,8,16,22,15,11,GK,LB,CB,CB,RB,DCM,DCM,CAM,RM,LM,F,2
60-75,30,CM,0,11,,,,,,,,,,,,,,,,,,,,,30,7,3,14,12,2,8,16,22,15,11,GK,LB,CB,CB,RB,DCM,DCM,CAM,RM,LM,F,2
60-75,8,CM,,,2,Play Disrupted,Yes,,,,,,,,,,,,,,,,,,30,7,3,14,12,2,8,16,22,15,11,GK,LB,CB,CB,RB,DCM,DCM,CAM,RM,LM,F,
60-75,30,CD,,,0,Possession Added,,,,,,,,,,,,,,,,,,,30,7,3,14,12,2,8,16,22,15,11,GK,LB,CB,CB,RB,DCM,DCM,CAM,RM,LM,F,
60-75,30,RM,1,22,,,,,,,,,,,,,,,,,,,,,30,7,3,14,12,2,8,16,22,15,11,GK,LB,CB,CB,RB,DCM,DCM,CAM,RM,LM,F,1
60-75,22,CM,1,2,,,,,,,,,,,,,,,,,,,,,30,7,3,14,12,2,8,16,22,15,11,GK,LB,CB,CB,RB,DCM,DCM,CAM,RM,LM,F,1
60-75,2,CM,,,,,,Yes,,,,,,,,,,,,,,,,,30,7,3,14,12,2,8,16,22,15,11,GK,LB,CB,CB,RB,DCM,DCM,CAM,RM,LM,F,
60-75,2,CD,1,30,,,,,,,,,,,,,,,,,,,,,30,7,3,14,12,2,8,16,22,15,11,GK,LB,CB,CB,RB,DCM,DCM,CAM,RM,LM,F,1
60-75,30,LD,1,3,,,,,,,,,,,,,,,,,,,,,30,7,3,14,12,2,8,16,22,15,11,GK,LB,CB,CB,RB,DCM,DCM,CAM,RM,LM,F,2
60-75,3,CM,1,8,,,,,,,,,,,,,,,,,,,,,30,7,3,14,12,2,8,16,22,15,11,GK,LB,CB,CB,RB,DCM,DCM,CAM,RM,LM,F,3
60-75,8,CD,1,30,,,,,,,,,,,,,,,,,,,,,30,7,3,14,12,2,8,16,22,15,11,GK,LB,CB,CB,RB,DCM,DCM,CAM,RM,LM,F,3
60-75,30,LM,0,16,,,,,,,,,,,,,,,,,,,,,30,7,3,14,12,2,8,16,22,15,11,GK,LB,CB,CB,RB,DCM,DCM,CAM,RM,LM,F,2
60-75,30,CD,,,3,Possession Added,,,,,,,,,,,,,,,,,,,30,7,3,14,12,2,8,16,22,15,11,GK,LB,CB,CB,RB,DCM,DCM,CAM,RM,LM,F,
60-75,30,RM,1,22,,,,,,,,,,,,,,,,,,,,,30,7,3,14,12,2,8,16,22,15,11,GK,LB,CB,CB,RB,DCM,DCM,CAM,RM,LM,F,1
60-75,22,CM,,,,,,Yes,opp.,,,,,,,,,,,,,,,,30,7,3,14,12,2,8,16,22,15,11,GK,LB,CB,CB,RB,DCM,DCM,CAM,RM,LM,F,
60-75,8,CA ,0,15,,,,,,,,,,,,,,,,,,,,,30,7,3,14,12,2,8,16,22,15,11,GK,LB,CB,CB,RB,DCM,DCM,CAM,RM,LM,F,1
60-75,12,RM,,,0,Possession Added,,,,,,,,,,,,,,,,,,,30,7,3,14,12,2,8,16,22,15,11,GK,LB,CB,CB,RB,DCM,DCM,CAM,RM,LM,F,
60-75,12,CA,0,22,,,,,,,Yes,,,,,,,,,,,,,,30,7,3,14,12,2,8,16,22,15,11,GK,LB,CB,CB,RB,DCM,DCM,CAM,RM,LM,F,3
60-75,2,CD,,,5,Possession Added,,,,,,,,,,,,,,,,,,,30,7,3,14,12,2,8,16,22,15,11,GK,LB,CB,CB,RB,DCM,DCM,CAM,RM,LM,F,
60-75,7,LM,1,15,,,,,,,,,,,,,,,,,,,,,30,7,3,14,12,2,8,16,22,15,11,GK,LB,CB,CB,RB,DCM,DCM,CAM,RM,LM,F,2
60-75,15,LM,,,,,,Yes,opp.,,,,,,,,,,,,,,,,30,7,3,14,12,2,8,16,22,15,11,GK,LB,CB,CB,RB,DCM,DCM,CAM,RM,LM,F,
60-75,3,CD,1,8,,,,,,,,,,,,,,,,,,,,,30,7,3,14,12,2,8,16,22,15,11,GK,LB,CB,CB,RB,DCM,DCM,CAM,RM,LM,F,1
60-75,8,CM,1,16,,,,,,,,,,,,,,,,,,,,,30,7,3,14,12,2,8,16,22,15,11,GK,LB,CB,CB,RB,DCM,DCM,CAM,RM,LM,F,3
60-75,16,CM,1,8,,,,,,,,,,,,,,,,,,,,,30,7,3,14,12,2,8,16,22,15,11,GK,LB,CB,CB,RB,DCM,DCM,CAM,RM,LM,F,5
60-75,8,RM,1,14,,,,,,,,,,,,,,,,,,,,,30,7,3,14,12,2,8,16,22,15,11,GK,LB,CB,CB,RB,DCM,DCM,CAM,RM,LM,F,2
60-75,14,CD,1,30,,,,,,,,,,,,,,,,,,,,,30,7,3,14,12,2,8,16,22,15,11,GK,LB,CB,CB,RB,DCM,DCM,CAM,RM,LM,F,6
60-75,30,LD,1,3,,,,,,,,,,,,,,,,,,,,,30,7,3,14,12,2,8,16,22,15,11,GK,LB,CB,CB,RB,DCM,DCM,CAM,RM,LM,F,2
60-75,3,CM,1,2,,,,,,,,,,,,,,,,,,,,,30,7,3,14,12,2,8,16,22,15,11,GK,LB,CB,CB,RB,DCM,DCM,CAM,RM,LM,F,2
60-75,2,CM,1,8,,,,,,,,,,,,,,,,,,,,,30,7,3,14,12,2,8,16,22,15,11,GK,LB,CB,CB,RB,DCM,DCM,CAM,RM,LM,F,1
60-75,8,LA,0,15,,,,,,,,,,,,,,,,,,,,,30,7,3,14,12,2,8,16,22,15,11,GK,LB,CB,CB,RB,DCM,DCM,CAM,RM,LM,F,2
60-75,8,LM,1,16,,,,,,,,,,,,,,,,,,,,,30,7,3,14,12,2,8,16,22,15,11,GK,LB,CB,CB,RB,DCM,DCM,CAM,RM,LM,F,2
60-75,16,LA,1,7,,,,,,,,,,,,,,,,,,,,,30,7,3,14,12,2,8,16,22,15,11,GK,LB,CB,CB,RB,DCM,DCM,CAM,RM,LM,F,4
60-75,7,LA,0,16,,,,,,,,,,,,,,,,,,,,,30,7,3,14,12,2,8,16,22,15,11,GK,LB,CB,CB,RB,DCM,DCM,CAM,RM,LM,F,2
60-75,18,CM,,,3,Possession Added,,,,,,,,,,,,,,,,,,,30,7,3,14,12,2,18,16,22,15,11,GK,LB,CB,CB,RB,DCM,CAM,DCM,RM,LM,F,
60-75,18,CM,1,2,,,,,,,,,,,,,,,,,,,,,30,7,3,14,12,2,18,16,22,15,11,GK,LB,CB,CB,RB,DCM,CAM,DCM,RM,LM,F,2
60-75,2,LM,1,11,,,,,,,,,,,,,,,,,,,,,30,7,3,14,12,2,18,16,22,15,11,GK,LB,CB,CB,RB,DCM,CAM,DCM,RM,LM,F,3
60-75,11,LM,1,7,,,,,,,,,,,,,,,,,,,,,30,7,3,14,12,2,18,16,22,15,11,GK,LB,CB,CB,RB,DCM,CAM,DCM,RM,LM,F,3
60-75,7,CM,1,18,,,,,,,,,,,,,,,,,,,,,30,7,3,14,12,2,18,16,22,15,11,GK,LB,CB,CB,RB,DCM,CAM,DCM,RM,LM,F,2
60-75,18,CM,1,22,,,,,,,,,,,,,,,,,,,,,30,7,3,14,12,2,18,16,22,15,11,GK,LB,CB,CB,RB,DCM,CAM,DCM,RM,LM,F,2
60-75,22,RM,1,12,,,,,,,,,,,,,,,,,,,,,30,7,3,14,12,2,18,16,22,15,11,GK,LB,CB,CB,RB,DCM,CAM,DCM,RM,LM,F,3
60-75,12,RM,Possession Lost,,,,,,,,,,,,,,,,,,,,,,30,7,3,14,12,2,18,16,22,15,11,GK,LB,CB,CB,RB,DCM,CAM,DCM,RM,LM,F,2
60-75,2,RD,,,0,Play Disrupted,Yes,,Yes,,,,,,,,,,,,,,,,30,7,3,14,12,2,18,16,22,15,11,GK,LB,CB,CB,RB,DCM,CAM,DCM,RM,LM,F,
60-75,30,CD,,,,,,,,,,Set Piece,10,SOG,1,,,,,,,,,,30,7,3,14,12,2,18,16,22,15,11,GK,LB,CB,CB,RB,DCM,CAM,DCM,RM,LM,F,
60-75,30,LD,1,3,,,,,,,,,,,,,,,,,,,,,30,7,3,14,12,2,18,16,22,15,11,GK,LB,CB,CB,RB,DCM,CAM,DCM,RM,LM,F,1
60-75,3,CM,1,2,,,,,,,,,,,,,,,,,,,,,30,7,3,14,12,2,18,16,22,15,11,GK,LB,CB,CB,RB,DCM,CAM,DCM,RM,LM,F,2
60-75,2,CA,1,22,,,,,,,,,,,,,,,,,,,,,30,7,3,14,12,2,18,16,22,15,11,GK,LB,CB,CB,RB,DCM,CAM,DCM,RM,LM,F,3
60-75,22,CA,,,,,,Yes,,,,,,,,,,,,,,,,,30,7,3,14,12,2,18,16,22,15,11,GK,LB,CB,CB,RB,DCM,CAM,DCM,RM,LM,F,
60-75,15,CM,1,16,,,,,,,,,,,,,,,,,,,,,30,7,3,14,12,2,18,16,22,15,11,GK,LB,CB,CB,RB,DCM,CAM,DCM,RM,LM,F,1
60-75,16,LD,1,3,,,,,,,,,,,,,,,,,,,,,30,7,3,14,12,2,18,16,22,15,11,GK,LB,CB,CB,RB,DCM,CAM,DCM,RM,LM,F,2
60-75,3,RM,1,14,,,,,,,,,,,,,,,,,,,,,30,7,3,14,12,2,18,16,22,15,11,GK,LB,CB,CB,RB,DCM,CAM,DCM,RM,LM,F,3
60-75,14,CD,1,30,,,,,,,,,,,,,,,,,,,,,30,7,3,14,12,2,18,16,22,15,11,GK,LB,CB,CB,RB,DCM,CAM,DCM,RM,LM,F,5
60-75,30,RD,1,14,,,,,,,,,,,,,,,,,,,,,30,7,3,14,12,2,18,16,22,15,11,GK,LB,CB,CB,RB,DCM,CAM,DCM,RM,LM,F,2
60-75,14,CM,1,18,,,,,,,,,,,,,,,,,,,,,30,7,3,14,12,2,18,16,22,15,11,GK,LB,CB,CB,RB,DCM,CAM,DCM,RM,LM,F,3
60-75,18,LA,0,15,,,,,,,,,,,,,,,,,,,,,30,7,3,14,12,2,18,16,22,15,11,GK,LB,CB,CB,RB,DCM,CAM,DCM,RM,LM,F,2
60-75,16,LM,,,2,Play Disrupted,,,,,,,,,,,,,,,,,,,30,7,3,14,12,2,18,16,22,15,11,GK,LB,CB,CB,RB,DCM,CAM,DCM,RM,LM,F,
60-75,30,CD,,,10,Possession Added,,,,,,,,,,,,,,,,,,,30,7,3,14,12,2,18,16,22,15,11,GK,LB,CB,CB,RB,DCM,CAM,DCM,RM,LM,F,
60-75,30,CM,1,18,,,,,,,,,,,,,,,,,,,,,30,7,3,14,12,2,18,16,22,15,11,GK,LB,CB,CB,RB,DCM,CAM,DCM,RM,LM,F,1
60-75,18,RM,0,22,,,,,,,,,,,,,,,,,,,,,30,7,3,14,12,2,18,16,22,15,11,GK,LB,CB,CB,RB,DCM,CAM,DCM,RM,LM,F,2
60-75,30,CD,,,3,Possession Added,,,,,,,,,,,,,,,,,,,30,7,3,14,12,2,18,16,22,15,11,GK,LB,CB,CB,RB,DCM,CAM,DCM,RM,LM,F,
60-75,30,LD,1,3,,,,,,,,,,,,,,,,,,,,,30,7,3,14,12,2,18,16,22,15,11,GK,LB,CB,CB,RB,DCM,CAM,DCM,RM,LM,F,1
60-75,3,CD,1,30,,,,,,,,,,,,,,,,,,,,,30,7,3,14,12,2,18,16,22,15,11,GK,LB,CB,CB,RB,DCM,CAM,DCM,RM,LM,F,2
60-75,30,LD,1,3,,,,,,,,,,,,,,,,,,,,,30,7,3,14,12,2,18,16,22,15,11,GK,LB,CB,CB,RB,DCM,CAM,DCM,RM,LM,F,2
60-75,3,CM,1,11,,,,,,,,,,,,,,,,,,,,,30,7,3,14,12,2,18,16,22,15,11,GK,LB,CB,CB,RB,DCM,CAM,DCM,RM,LM,F,3
60-75,11,RM,1,22,,,,,,,,,,,,,,,,,,,,,30,7,3,14,12,2,18,16,22,15,11,GK,LB,CB,CB,RB,DCM,CAM,DCM,RM,LM,F,2
60-75,22,RA,Possession Lost,,,,,,,,,,,,,,,,,,,,,,30,7,3,14,12,2,18,16,22,15,11,GK,LB,CB,CB,RB,DCM,CAM,DCM,RM,LM,F,5
60-75,12,RM,,,2,Play Disrupted,,,,,,,,,,,,,,,,,,,,7,3,14,12,2,18,16,22,17,11,GK,LB,CB,CB,RB,DCM,CAM,DCM,RM,LM,F,
60-75,16,RM,,,3,Possession Added,,,,,,,,,,,,,,,,,,,,7,3,14,12,2,18,16,22,17,11,GK,LB,CB,CB,RB,DCM,CAM,DCM,RM,LM,F,
60-75,12,RM,1,11,,,,,,,,,,,,,,,,,,,,,,7,3,14,12,2,18,16,22,17,11,GK,LB,CB,CB,RB,DCM,CAM,DCM,RM,LM,F,1
60-75,11,CA,Possession Lost,,,,,,,,,,,,,,,,,,,,,,,7,3,14,12,2,18,16,22,17,11,GK,LB,CB,CB,RB,DCM,CAM,DCM,RM,LM,F,5
60-75,2,CM,,,4,Possession Added,,,,,,,,,,,,,,,,,,,,7,3,14,12,2,18,16,22,17,11,GK,LB,CB,CB,RB,DCM,CAM,DCM,RM,LM,F,
60-75,2,CM,1,22,,,,,,,,,,,,,,,,,,,,,,7,3,14,12,2,18,16,22,17,11,GK,LB,CB,CB,RB,DCM,CAM,DCM,RM,LM,F,2
60-75,22,CM,Possession Lost,,,,,,,,,,,,,,,,,,,,,,,7,3,14,12,2,18,16,22,17,11,GK,LB,CB,CB,RB,DCM,CAM,DCM,RM,LM,F,3
60-75,14,CD,,,13,Play Disrupted,,,,,,,,,,,,,,,,,,,,7,3,14,12,2,18,16,22,17,11,GK,LB,CB,CB,RB,DCM,CAM,DCM,RM,LM,F,
60-75,12,RD,,,3,Play Disrupted,,,,,,,,,,,,,,,,,,,,7,3,14,12,2,18,16,22,17,11,GK,LB,CB,CB,RB,DCM,CAM,DCM,RM,LM,F,
60-75,30,CD,,,0,Possession Added,,,,,,,,,,,,,,,,,,,,7,3,14,12,2,18,16,22,17,11,GK,LB,CB,CB,RB,DCM,CAM,DCM,RM,LM,F,
60-75,30,CM,1,2,,,,,,,,,,,,,,,,,,,,,,7,3,14,12,2,18,16,22,17,11,GK,LB,CB,CB,RB,DCM,CAM,DCM,RM,LM,F,1
60-75,2,CD,1,30,,,,,,,,,,,,,,,,,,,,,,7,3,14,12,2,18,16,22,17,11,GK,LB,CB,CB,RB,DCM,CAM,DCM,RM,LM,F,2
60-75,30,CM,0,17,,,,,,,,,,,,,,,,,,,,,,7,3,14,12,2,18,16,22,17,11,GK,LB,CB,CB,RB,DCM,CAM,DCM,RM,LM,F,1
60-75,14,CD,,,3,Possession Added,,Yes,,,,,,,,,,,,,,,,,,7,3,14,12,2,18,16,24, ,11,GK,LB,CB,CB,RB,DCM,CAM,DCM,RM,LM,F,
60-75,30,RM,1,12,,,,,,,,,,,,,,,,,,,,,,7,3,14,12,2,18,16,24, ,11,GK,LB,CB,CB,RB,DCM,CAM,DCM,RM,LM,F,1
60-75,12,RM,0,18,,,,,,,,,,,,,,,,,,,,,,7,3,14,12,2,18,16,24, ,11,GK,LB,CB,CB,RB,DCM,CAM,DCM,RM,LM,F,2
60-75,3,CD,,,1,Possession Added,,,,,,,,,,,,,,,,,,,,7,3,14,12,2,18,16,24, ,11,GK,LB,CB,CB,RB,DCM,CAM,DCM,RM,LM,F,
60-75,3,CM,1,24,,,,,,,,,,,,,,,,,,,,,,7,3,14,12,2,18,16,24, ,11,GK,LB,CB,CB,RB,DCM,CAM,DCM,RM,LM,F,1
60-75,24,CM,1,2,,,,,,,,,,,,,,,,,,,,,,7,3,14,12,2,18,16,24, ,11,GK,LB,CB,CB,RB,DCM,CAM,DCM,RM,LM,F,2
60-75,2,LA,1,7,,,,,,,,,,,,,,,,,,,,,,7,3,14,12,2,18,16,24, ,11,GK,LB,CB,CB,RB,DCM,CAM,DCM,RM,LM,F,3
60-75,7,LA,Possession Lost,,,,,,,,,,,,,,,,,,,,,,,7,3,14,12,2,18,16,24, ,11,GK,LB,CB,CB,RB,DCM,CAM,DCM,RM,LM,F,3
60-75,7,LA,0,17,,,,,,,,,,,,,,,,,,,,,,7,3,14,12,2,18,16,24,17,11,GK,LB,CB,CB,RB,DCM,CAM,DCM,RM,LM,F,1
60-75,3,LM,,,4,Possession Added,,,,,,,,,,,,,,,,,,,30,7,3,14,12,2,16,18,17,24,11,GK,LB,CB,CB,RB,DCM,DCM,CAM,LM,RM,F,
60-75,3,CD,1,30,,,,,,,,,,,,,,,,,,,,,30,7,3,14,12,2,16,18,17,24,11,GK,LB,CB,CB,RB,DCM,DCM,CAM,LM,RM,F,2
60-75,30,CM,1,2,,,,,,,,,,,,,,,,,,,,,30,7,3,14,12,2,16,18,17,24,11,GK,LB,CB,CB,RB,DCM,DCM,CAM,LM,RM,F,2
60-75,2,RD,1,14,,,,,,,,,,,,,,,,,,,,,30,7,3,14,12,2,16,18,17,24,11,GK,LB,CB,CB,RB,DCM,DCM,CAM,LM,RM,F,4
60-75,14,CM,1,16,,,,,,,,,,,,,,,,,,,,,30,7,3,14,12,2,16,18,17,24,11,GK,LB,CB,CB,RB,DCM,DCM,CAM,LM,RM,F,3
60-75,16,RD,1,14,,,,,,,,,,,,,,,,,,,,,30,7,3,14,12,2,16,18,17,24,11,GK,LB,CB,CB,RB,DCM,DCM,CAM,LM,RM,F,2
60-75,14,CD,1,30,,,,,,,,,,,,,,,,,,,,,30,7,3,14,12,2,16,18,17,24,11,GK,LB,CB,CB,RB,DCM,DCM,CAM,LM,RM,F,2
60-75,30,LM,1,3,,,,,,,,,,,,,,,,,,,,,30,7,3,14,12,2,16,18,17,24,11,GK,LB,CB,CB,RB,DCM,DCM,CAM,LM,RM,F,3
60-75,3,CM,1,16,,,,,,,,,,,,,,,,,,,,,30,7,3,14,12,2,16,18,17,24,11,GK,LB,CB,CB,RB,DCM,DCM,CAM,LM,RM,F,2
60-75,16,CD,1,30,,,,,,,,,,,,,,,,,,,,,30,7,3,14,12,2,16,18,17,24,11,GK,LB,CB,CB,RB,DCM,DCM,CAM,LM,RM,F,2
60-75,30,CM,1,16,,,,,,,,,,,,,,,,,,,,,30,7,3,14,12,2,16,18,17,24,11,GK,LB,CB,CB,RB,DCM,DCM,CAM,LM,RM,F,2
60-75,16,CD,1,14,,,,,,,,,,,,,,,,,,,,,30,7,3,14,12,2,16,18,17,24,11,GK,LB,CB,CB,RB,DCM,DCM,CAM,LM,RM,F,3
60-75,14,CM,1,16,,,,,,,,,,,,,,,,,,,,,30,7,3,14,12,2,16,18,17,24,11,GK,LB,CB,CB,RB,DCM,DCM,CAM,LM,RM,F,4
60-75,16,LM,1,17,,,,,,,,,,,,,,,,,,,,,30,7,3,14,12,2,16,18,17,24,11,GK,LB,CB,CB,RB,DCM,DCM,CAM,LM,RM,F,3
60-75,17,LM,1,3,,,,,,,,,,,,,,,,,,,,,30,7,3,14,12,2,16,18,17,24,11,GK,LB,CB,CB,RB,DCM,DCM,CAM,LM,RM,F,2
60-75,3,LA,1,7,,,,,,,,,,,,,,,,,,,,,30,7,3,14,12,2,16,18,17,24,11,GK,LB,CB,CB,RB,DCM,DCM,CAM,LM,RM,F,2
60-75,7,LA,1,18,,,,,,,,,,,,,,,,,,,,,30,7,3,14,12,2,16,18,17,24,11,GK,LB,CB,CB,RB,DCM,DCM,CAM,LM,RM,F,3
60-75,18,LM,0,17,,,,,,,,,,,,,,,,,,,,,30,7,3,14,12,2,16,18,17,24,11,GK,LB,CB,CB,RB,DCM,DCM,CAM,LM,RM,F,3
60-75,2,CM,,,3,Possession Added,,,,,,,,,,,,,,,,,,,30,7,3,14,12,2,16,18,17,24,11,GK,LB,CB,CB,RB,DCM,DCM,CAM,LM,RM,F,
60-75,3,RM,1,12,,,,,,,,,,,,,,,,,,,,,30,7,3,14,12,2,16,18,17,24,11,GK,LB,CB,CB,RB,DCM,DCM,CAM,LM,RM,F,3
60-75,12,CA,0,11,,,,,,,,,,,,,,,,,,,,,30,7,3,14,12,2,16,18,17,24,11,GK,LB,CB,CB,RB,DCM,DCM,CAM,LM,RM,F,3
60-75,3,CD,,,5,Possession Added,,,,,opp.,,,,,,,,,,,,,,30,7,3,14,12,2,16,18,17,24,11,GK,LB,CB,CB,RB,DCM,DCM,CAM,LM,RM,F,
60-75,3,RD,1,14,,,,,,,,,,,,,,,,,,,,,30,7,3,14,12,2,16,18,17,24,11,GK,LB,CB,CB,RB,DCM,DCM,CAM,LM,RM,F,3
60-75,14,CM,1,2,,,,,,,,,,,,,,,,,,,,,30,7,3,14,12,2,16,18,17,24,11,GK,LB,CB,CB,RB,DCM,DCM,CAM,LM,RM,F,6
60-75,2,RM,1,14,,,,,,,,,,,,,,,,,,,,,30,7,3,14,12,2,16,18,17,24,11,GK,LB,CB,CB,RB,DCM,DCM,CAM,LM,RM,F,2
60-75,14,RM,1,12,,,,,,,,,,,,,,,,,,,,,30,7,3,14,12,2,16,18,17,24,11,GK,LB,CB,CB,RB,DCM,DCM,CAM,LM,RM,F,3
60-75,12,RA,0,11,,,,,,,,,,,,,,,,,,,,,30,7,3,14,12,2,16,18,17,24,11,GK,LB,CB,CB,RB,DCM,DCM,CAM,LM,RM,F,3
60-75,2,CM,,,5,Possession Added,,,,,,,,,,,,,,,,,,,30,7,3,14,12,2,16,18,17,24,11,GK,LB,CB,CB,RB,DCM,DCM,CAM,LM,RM,F,
60-75,2,CM,1,18,,,,,,,,,,,,,,,,,,,,,30,7,3,14,12,2,16,18,17,24,11,GK,LB,CB,CB,RB,DCM,DCM,CAM,LM,RM,F,2
60-75,18,LM,0,17,,,,,,,,,,,,,,,,,,,,,30,7,3,14,12,2,16,18,17,24,11,GK,LB,CB,CB,RB,DCM,DCM,CAM,LM,RM,F,2
60-75,3,CD,,,0,Possession Added,,,,,,,,,,,,,,,,,,,30,7,3,14,12,2,16,18,17,24,11,GK,LB,CB,CB,RB,DCM,DCM,CAM,LM,RM,F,
60-75,30,CD,1,7,,,,,,,,,,,,,,,,,,,,,38,7,3,14,12,2,16,18,17,24,11,GK,LB,CB,CB,RB,DCM,DCM,CAM,LM,RM,F,1
60-75,7,LD,1,3,,,,,,,,,,,,,,,,,,,,,38,7,3,14,12,2,16,18,17,24,11,GK,LB,CB,CB,RB,DCM,DCM,CAM,LM,RM,F,2
60-75,3,CM,0,4,,,,,,,,,,,,,,,,,,,,,38,7,3,14,12,2,16,18,17,24,4,GK,LB,CB,CB,RB,DCM,DCM,CAM,LM,RM,F,2
60-75,18,CM,,,3,Possession Added,,,,,,,,,,,,,,,,,,,38,7,3,14,12,2,16,18,17,24,4,GK,LB,CB,CB,RB,DCM,DCM,CAM,LM,RM,F,
60-75,18,RM,0,4,,,,,,,,,,,,,,,,,,,,,38,7,3,14,12,2,16,18,17,24,4,GK,LB,CB,CB,RB,DCM,DCM,CAM,LM,RM,F,2
60-75,12,RD,,,1,Play Disrupted,,,,,,,,,,,,,,,,,,,38,7,3,14,12,2,16,18,17,24,4,GK,LB,CB,CB,RB,DCM,DCM,CAM,LM,RM,F,
60-75,16,CD,,,0,Possession Added,,,,,,,,,,,,,,,,,,,38,7,3,14,12,2,16,18,17,24,4,GK,LB,CB,CB,RB,DCM,DCM,CAM,LM,RM,F,
60-75,16,LM,1,24,,,,,,,,,,,,,,,,,,,,,38,7,3,14,12,2,16,18,17,24,4,GK,LB,CB,CB,RB,DCM,DCM,CAM,LM,RM,F,2
60-75,24,CM,1,16,,,,,,,,,,,,,,,,,,,,,38,7,3,14,12,2,16,18,17,24,4,GK,LB,CB,CB,RB,DCM,DCM,CAM,LM,RM,F,6
60-75,16,LA,1,7,,,,,,,,,,,,,,,,,,,,,38,7,3,14,12,2,16,18,17,24,4,GK,LB,CB,CB,RB,DCM,DCM,CAM,LM,RM,F,3
60-75,7,CA,1,4,,,,,,,,,,,,,,,,,,,,,38,7,3,14,12,2,16,18,17,24,4,GK,LB,CB,CB,RB,DCM,DCM,CAM,LM,RM,F,2
60-75,4,CA,1,18,,,,,,,,,,,,,,,,,,,,,38,7,3,14,12,2,16,18,17,24,4,GK,LB,CB,CB,RB,DCM,DCM,CAM,LM,RM,F,2
60-75,18,CA,,,,,,,,,,,,,,Run of Play,24,SOG,5,18,4,7,16,24,38,7,3,14,12,2,16,18,17,24,4,GK,LB,CB,CB,RB,DCM,DCM,CAM,LM,RM,F,
60-75,18,LM,,,3,Possession Added,,,,,,,,,,,,,,,,,,,38,7,3,14,12,2,16,18,17,24,4,GK,LB,CB,CB,RB,DCM,DCM,CAM,LM,RM,F,
60-75,18,CM,1,8,,,,,,,,,,,,,,,,,,,,,38,7,3,14,12,2,16,18,17,24,4,GK,LB,CB,CB,RB,DCM,DCM,CAM,LM,RM,F,2
60-75,8,LD,1,3,,,,,,,,,,,,,,,,,,,,,38,7,3,14,12,2,16,18,17,24,4,GK,LB,CB,CB,RB,DCM,DCM,CAM,LM,RM,F,3
60-75,3,RM,1,14,,,,,,,,,,,,,,,,,,,,,38,7,3,14,12,2,16,18,17,24,4,GK,LB,CB,CB,RB,DCM,DCM,CAM,LM,RM,F,2
60-75,14,CM,1,16,,,,,,,,,,,,,,,,,,,,,38,7,3,14,12,2,16,18,17,24,4,GK,LB,CB,CB,RB,DCM,DCM,CAM,LM,RM,F,3
60-75,16,RA,0,4,,,,,,,,,,,,,,,,,,,,,38,7,3,14,12,2,16,18,17,24,4,GK,LB,CB,CB,RB,DCM,DCM,CAM,LM,RM,F,2
60-75,12,CA,0,18,,,,,,,,,,,,,,,,,,,,,38,7,3,14,12,8,16,18,17,24,4,GK,LB,CB,CB,RB,DCM,DCM,CAM,LM,RM,F,1
60-75,17,CM,,,6,Possession Added,,,,,,,,,,,,,,,,,,,38,7,3,14,12,8,16,18,17,24,4,GK,LB,CB,CB,RB,DCM,DCM,CAM,LM,RM,F,
60-75,17,CM,1,24,,,,,,,,,,,,,,,,,,,,,38,7,3,14,12,8,16,18,17,24,4,GK,LB,CB,CB,RB,DCM,DCM,CAM,LM,RM,F,2
60-75,24,CM,Possession Lost,,,,,,,,,,,,,,,,,,,,,,38,7,3,14,12,8,16,18,17,24,4,GK,LB,CB,CB,RB,DCM,DCM,CAM,LM,RM,F,3
60-75,24,CM,,,3,Possession Added,,,,,,,,,,,,,,,,,,,38,7,3,14,12,8,16,18,17,24,4,GK,LB,CB,CB,RB,DCM,DCM,CAM,LM,RM,F,
60-75,24,CM,Possession Lost,,,,,,,,,,,,,,,,,,,,,,38,7,3,14,12,8,16,18,17,24,4,GK,LB,CB,CB,RB,DCM,DCM,CAM,LM,RM,F,3
60-75,14,RD,,,2,Possession Added,,,,,,,,,,,,,,,,,,,38,7,3,14,12,8,16,18,17,24,4,GK,LB,CB,CB,RB,DCM,DCM,CAM,LM,RM,F,
60-75,14,RD,,,2,Play Disrupted,,,,,,,,,,,,,,,,,,,38,7,3,14,12,8,16,18,17,24,4,GK,LB,CB,CB,RB,DCM,DCM,CAM,LM,RM,F,
75-90,30,CD,,,,,,,,,,Set Piece,5,SOG,1,,,,,,,,,,38,7,3,14,12,8,16,18,17,24,4,GK,LB,CB,CB,RB,DCM,DCM,CAM,LM,RM,F,
75-90,30,LD,1\,3,,,,,,,,,,,,,,,,,,,,,38,7,3,14,12,8,16,18,17,24,4,GK,LB,CB,CB,RB,DCM,DCM,CAM,LM,RM,F,1
75-90,30,LD,1,3,,,,,,,,,,,,,,,,,,,,,38,7,3,14,12,8,16,18,17,24,4,GK,LB,CB,CB,RB,DCM,DCM,CAM,LM,RM,F,1
75-90,3,LM,1,7,,,,,,,,,,,,,,,,,,,,,38,7,3,14,12,8,16,18,17,24,4,GK,LB,CB,CB,RB,DCM,DCM,CAM,LM,RM,F,2
75-90,7,LM,1,8,,,,,,,,,,,,,,,,,,,,,38,7,3,14,12,8,16,18,17,24,4,GK,LB,CB,CB,RB,DCM,DCM,CAM,LM,RM,F,2
75-90,8,LM,1,7,,,,,,,,,,,,,,,,,,,,,38,7,3,14,12,8,16,18,17,24,4,GK,LB,CB,CB,RB,DCM,DCM,CAM,LM,RM,F,3
75-90,7,LA,1,8,,,,,,,,,,,,,,,,,,,,,38,7,3,14,12,8,16,18,17,24,4,GK,LB,CB,CB,RB,DCM,DCM,CAM,LM,RM,F,5
75-90,8,CA,1,7,,,,,,,,,,,,,,,,,,,,,38,7,3,14,12,8,16,18,17,24,4,GK,LB,CB,CB,RB,DCM,DCM,CAM,LM,RM,F,5
75-90,7,CA,,,,,,,,,,,,,,Run of Play,8,SOG,5,7,8,7,8,7,38,7,3,14,12,8,16,18,17,24,4,GK,LB,CB,CB,RB,DCM,DCM,CAM,LM,RM,F,
75-90,12,RD,,,8,Play Disrupted,,,,,,,,,,,,,,,,,,,38,7,3,14,12,8,16,18,17,24,4,GK,LB,CB,CB,RB,DCM,DCM,CAM,LM,RM,F,
75-90,12,RD,,,,,Yes,,,,,,,,,,,,,,,,,,38,7,3,14,12,8,16,18,17,24,4,GK,LB,CB,CB,RB,DCM,DCM,CAM,LM,RM,F,
75-90,14,CD,,,0,Play Disrupted,,,,,,,,,,,,,,,,,,,38,7,3,14,12,8,16,18,17,24,4,GK,LB,CB,CB,RB,DCM,DCM,CAM,LM,RM,F,
75-90,12,RD,,,8,Play Disrupted,,,,,,,,,,,,,,,,,,,38,7,3,14,12,8,16,18,17,24,4,GK,LB,CB,CB,RB,DCM,DCM,CAM,LM,RM,F,
75-90,17,LM,,,9,Play Disrupted,Yes,,,,,,,,,,,,,,,,,,38,7,3,14,12,8,16,18,17,24,4,GK,LB,CB,CB,RB,DCM,DCM,CAM,LM,RM,F,
75-90,12,RM,,,5,Possession Added,,,,,,,,,,,,,,,,,,,38,7,3,14,12,8,16,18,17,24,4,GK,LB,CB,CB,RB,DCM,DCM,CAM,LM,RM,F,
75-90,12,CD,1,14,,,,,,,,,,,,,,,,,,,,,38,7,3,14,12,8,16,18,17,24,4,GK,LB,CB,CB,RB,DCM,DCM,CAM,LM,RM,F,2
75-90,14,RM,0,12,,,,,,,,,,,,,,,,,,,,,38,7,3,14,12,8,16,18,17,24,4,GK,LB,CB,CB,RB,DCM,DCM,CAM,LM,RM,F,2
75-90,12,RM,0,22,,,,,,,,,,,,,,,,,,,,,30,7,3,22,12,8,16,11,17,15,4,GK,LB,CB,RM,RB,DCM,DCM,F,LM,CAM,F,1
75-90,3,LD,,,7,Possession Added,,,,,,,,,,,,,,,,,,,30,7,3,22,12,8,16,11,17,15,4,GK,LB,CB,RM,RB,DCM,DCM,F,LM,CAM,F,
75-90,7,CM,1,16,,,,,,,,,,,,,,,,,,,,,30,7,3,22,12,8,16,11,17,15,4,GK,LB,CB,RM,RB,DCM,DCM,F,LM,CAM,F,2
75-90,16,RA,0,22,,,,,,,,,,,,,,,,,,,,,30,7,3,22,12,8,16,11,17,15,4,GK,LB,CB,RM,RB,DCM,DCM,F,LM,CAM,F,3
75-90,12,CA,0,11,,,,,,,,,,,,,,,,,,,,,30,7,3,22,12,8,16,11,17,15,4,GK,LB,CB,RM,RB,DCM,DCM,F,LM,CAM,F,1
75-90,3,CD,1,30,,,,,,,,,,,,,,,,,,,,,30,7,3,22,12,8,16,11,17,15,4,GK,LB,CB,RM,RB,DCM,DCM,F,LM,CAM,F,3
75-90,30,LD,0,7,,,,,,,,,,,,,,,,,,,,,30,7,3,22,12,8,16,11,17,15,4,GK,LB,CB,RM,RB,DCM,DCM,F,LM,CAM,F,2
75-90,8,CD,,,0,Possession Added,,,,,opp.,,,,,,,,,,,,,,30,7,3,22,12,8,16,11,17,15,4,GK,LB,CB,RM,RB,DCM,DCM,F,LM,CAM,F,
75-90,8,CD,1,16,,,,,,,,,,,,,,,,,,,,,30,7,3,22,12,8,16,11,17,15,4,GK,LB,CB,RM,RB,DCM,DCM,F,LM,CAM,F,1
75-90,16,RM,1,12,,,,,,,,,,,,,,,,,,,,,30,7,3,22,12,8,16,11,17,15,4,GK,LB,CB,RM,RB,DCM,DCM,F,LM,CAM,F,2
75-90,12,CM,1,16,,,,,,,,,,,,,,,,,,,,,30,7,3,22,12,8,16,11,17,15,4,GK,LB,CB,RM,RB,DCM,DCM,F,LM,CAM,F,2
75-90,16,CM,1,15,,,,,,,,,,,,,,,,,,,,,30,7,3,22,12,8,16,11,17,15,4,GK,LB,CB,RM,RB,DCM,DCM,F,LM,CAM,F,3
75-90,15,LM,1,7,,,,,,,,,,,,,,,,,,,,,30,7,3,22,12,8,16,11,17,15,4,GK,LB,CB,RM,RB,DCM,DCM,F,LM,CAM,F,2
75-90,7,CM,1,15,,,,,,,,,,,,,,,,,,,,,30,7,3,22,12,8,16,11,17,15,4,GK,LB,CB,RM,RB,DCM,DCM,F,LM,CAM,F,3
75-90,15,LM,1,8,,,,,,,,,,,,,,,,,,,,,30,7,3,22,12,8,16,11,17,15,4,GK,LB,CB,RM,RB,DCM,DCM,F,LM,CAM,F,3
75-90,8,CM,1,3,,,,,,,,,,,,,,,,,,,,,30,7,3,22,12,8,16,11,17,15,4,GK,LB,CB,RM,RB,DCM,DCM,F,LM,CAM,F,2
75-90,3,LA,0,7,,,,,,,,,,,,,,,,,,,,,30,7,3,22,12,8,16,11,17,15,4,GK,LB,CB,RM,RB,DCM,DCM,F,LM,CAM,F,3
75-90,8,LM,,,3,Possession Added,,,,,,,,,,,,,,,,,,,30,7,3,22,12,8,16,11,17,15,4,GK,LB,CB,RM,RB,DCM,DCM,F,LM,CAM,F,
75-90,8,RM,1,12,,,,,,,,,,,,,,,,,,,,,30,7,3,22,12,8,16,11,17,15,4,GK,LB,CB,RM,RB,DCM,DCM,F,LM,CAM,F,3
75-90,12,CA,0,11,,,,,,,,,,,,,,,,,,,,,30,7,3,22,12,8,16,11,17,15,4,GK,LB,CB,RM,RB,DCM,DCM,F,LM,CAM,F,2
75-90,8,LM,,,5,Possession Added,,,,,,,,,,,,,,,,,,,30,7,3,22,12,8,16,11,17,15,4,GK,LB,CB,RM,RB,DCM,DCM,F,LM,CAM,F,
75-90,8,CM,1,15,,,,,,,,,,,,,,,,,,,,,30,7,3,22,12,8,16,11,17,15,4,GK,LB,CB,RM,RB,DCM,DCM,F,LM,CAM,F,2
75-90,15,RM,1,12,,,,,,,,,,,,,,,,,,,,,30,7,3,22,12,8,16,11,17,15,4,GK,LB,CB,RM,RB,DCM,DCM,F,LM,CAM,F,3
75-90,12,CA,1,4,,,,,,,,,,,,,,,,,,,,,30,7,3,22,12,8,16,11,17,15,4,GK,LB,CB,RM,RB,DCM,DCM,F,LM,CAM,F,2
75-90,4,CA,Possession Lost,,,,,,,,,,,,,,,,,,,,,,30,7,3,22,12,8,16,11,17,15,4,GK,LB,CB,RM,RB,DCM,DCM,F,LM,CAM,F,3
75-90,12,RM,,,0,Possession Added,,,,,,,,,,,,,,,,,,,30,7,3,22,12,8,16,11,17,15,4,GK,LB,CB,RM,RB,DCM,DCM,F,LM,CAM,F,
75-90,12,RA,0,4,,,,,,,,,,,,,,,,,,,,,30,7,3,22,12,8,16,11,17,15,4,GK,LB,CB,RM,RB,DCM,DCM,F,LM,CAM,F,2
75-90,12,RM,,,2,Possession Added,,,,,,,,,,,,,,,,,,,30,7,3,22,12,8,16,11,17,15,4,GK,LB,CB,RM,RB,DCM,DCM,F,LM,CAM,F,
75-90,12,RM,1,15,,,,,,,,,,,,,,,,,,,,,30,7,3,22,12,8,16,11,17,15,4,GK,LB,CB,RM,RB,DCM,DCM,F,LM,CAM,F,3
75-90,15,RA,0,17,,,,,,,,,,,,,,,,,,,,,30,7,3,22,12,8,16,11,17,15,4,GK,LB,CB,RM,RB,DCM,DCM,F,LM,CAM,F,1
75-90,12,CA,1,16,,,,,,,,,,,,,,,,,,,,,30,7,3,22,12,8,16,11,17,15,4,GK,LB,CB,RM,RB,DCM,DCM,F,LM,CAM,F,1
75-90,16,CA,1,8,,,,,,,,,,,,,,,,,,,,,30,7,3,22,12,8,16,11,17,15,4,GK,LB,CB,RM,RB,DCM,DCM,F,LM,CAM,F,1
75-90,8,CA,,,,,,,,,,,,,,Run of Play,30,SOT,2,8,16,12,,,30,7,3,22,12,8,16,11,17,15,4,GK,LB,CB,RM,RB,DCM,DCM,F,LM,CAM,F,
75-90,22,RM,,,0,Possession Added,,,,,,,,,,,,,,,,,,,30,7,3,22,12,8,16,11,17,15,4,GK,LB,CB,RM,RB,DCM,DCM,F,LM,CAM,F,
75-90,22,RA,1,11,,,,,,,,,,,,,,,,,,,,,30,7,3,22,12,8,16,11,17,15,4,GK,LB,CB,RM,RB,DCM,DCM,F,LM,CAM,F,2
75-90,11,RM,1,12,,,,,,,,,,,,,,,,,,,,,30,7,3,22,12,8,16,11,17,15,4,GK,LB,CB,RM,RB,DCM,DCM,F,LM,CAM,F,2
75-90,12,CM,1,15,,,,,,,,,,,,,,,,,,,,,30,7,3,22,12,8,16,11,17,15,4,GK,LB,CB,RM,RB,DCM,DCM,F,LM,CAM,F,1
75-90,15,CM,1,17,,,,,,,,,,,,,,,,,,,,,30,7,3,22,12,8,16,11,17,15,4,GK,LB,CB,RM,RB,DCM,DCM,F,LM,CAM,F,3
75-90,17,RA,0,22,,,,,,,,,,,,,,,,,,,,,30,7,3,22,12,8,16,11,17,15,4,GK,LB,CB,RM,RB,DCM,DCM,F,LM,CAM,F,3
75-90,12,CA,1,11,,,,,,,,,,,,,,,,,,,,,30,7,3,22,12,8,16,11,17,15,18,GK,LB,CB,RM,RB,DCM,DCM,F,LM,CAM,F,1
75-90,22,CM,,,4,Possession Added,,,,,,,,,,,,,,,,,,,30,7,3,22,12,8,16,11,17,15,18,GK,LB,CB,RM,RB,DCM,DCM,F,LM,CAM,F,
75-90,22,CA,,,,,,Yes,opp.,,,,,,,,,,,,,,,,30,7,3,22,12,8,16,11,17,15,18,GK,LB,CB,RM,RB,DCM,DCM,F,LM,CAM,F,5
75-90,18,CA,,,,,,,,,,,,,,Set Piece,24,SOG,0,18,,,,,30,7,3,22,12,8,16,11,17,15,18,GK,LB,CB,RM,RB,DCM,DCM,F,LM,CAM,F,
75-90,7,LD,,,1,Possession Added,,,,,,,,,,,,,,,,,,,30,7,3,22,12,8,16,11,17,15,18,GK,LB,CB,RM,RB,DCM,DCM,F,LM,CAM,F,
75-90,7,CD,1,18,,,,,,,,,,,,,,,,,,,,,30,7,3,22,12,8,16,11,17,15,18,GK,LB,CB,RM,RB,DCM,DCM,F,LM,CAM,F,1
75-90,18,CD,1,12,,,,,,,,,,,,,,,,,,,,,30,7,3,22,12,8,16,11,17,15,18,GK,LB,CB,RM,RB,DCM,DCM,F,LM,CAM,F,2
75-90,12,CM,0,15,,,,,,,,,,,,,,,,,,,,,30,7,3,22,12,8,16,11,17,15,18,GK,LB,CB,RM,RB,DCM,DCM,F,LM,CAM,F,2
75-90,7,LD,,,3,Play Disrupted,,,,,,,,,,,,,,,,,,,30,7,3,22,12,8,16,11,17,15,18,GK,LB,CB,RM,RB,DCM,DCM,F,LM,CAM,F,
75-90,12,RM,,,1,Possession Added,,,,,,,,,,,,,,,,,,,30,7,3,22,12,8,16,11,17,15,18,GK,LB,CB,RM,RB,DCM,DCM,F,LM,CAM,F,
75-90,12,RA,0,22,,,,,,,,,,,,,,,,,,,,,30,7,3,22,12,8,16,11,17,15,18,GK,LB,CB,RM,RB,DCM,DCM,F,LM,CAM,F,2
75-90,12,CA,0,17,,,,,,,,,,,,,,,,,,,,,30,7,3,22,12,8,16,11,17,15,18,GK,LB,CB,RM,RB,DCM,DCM,F,LM,CAM,F,1
75-90,17,CA,,,,,Yes,,Yes,,,,,,,,,,,,,,,,30,7,3,22,12,8,16,11,17,15,18,GK,LB,CB,RM,RB,DCM,DCM,F,LM,CAM,F,
75-90,3,CM,,,4,Possession Added,,,,,,,,,,,,,,,,,,,30,7,3,22,12,8,16,11,17,15,18,GK,LB,CB,RM,RB,DCM,DCM,F,LM,CAM,F,