0-15,9,CM,1,18,,,,,,,,,,,,,,,,,,,,,1,7,3,19,12,2,8,18,22,15,9,GK,LB,CB,CB,RB,DCM,DCM,CAM,LM,RM,F,1
0-15,18,CM,1,2,,,,,,,,,,,,,,,,,,,,,1,7,3,19,12,2,8,18,22,15,9,GK,LB,CB,CB,RB,DCM,DCM,CAM,LM,RM,F,1
0-15,2,LM,0,22,,,Yes,,,,,,,,,,,,,,,,,,1,7,3,19,12,2,8,18,22,15,9,GK,LB,CB,CB,RB,DCM,DCM,CAM,LM,LM,F,2
0-15,2,CM,,,5,Possession Added,,Yes,,,,,,,,,,,,,,,,,1,7,3,19,12,2,8,18,22,15,9,GK,LB,CB,CB,RB,DCM,DCM,CAM,LM,RM,F,
0-15,2,CM,1,3,,,,,,,,,,,,,,,,,,,,,1,7,3,19,12,2,8,18,22,15,9,GK,LB,CB,CB,RB,DCM,DCM,CAM,LM,RM,F,1
0-15,3,CD,1,19,,,,,,,,,,,,,,,,,,,,,1,7,3,19,12,2,8,18,22,15,9,GK,LB,CB,CB,RB,DCM,DCM,CAM,LM,RM,F,2
0-15,19,CD,1,3,,,,,,,,,,,,,,,,,,,,,1,7,3,19,12,2,8,18,22,15,9,GK,LB,CB,CB,RB,DCM,DCM,CAM,LM,RM,F,2
0-15,3,CM,1,8,,,,,,,,,,,,,,,,,,,,,1,7,3,19,12,2,8,18,22,15,9,GK,LB,CB,CB,RB,DCM,DCM,CAM,LM,RM,F,2
0-15,8,CM,1,9,,,,,,,,,,,,,,,,,,,,,1,7,3,19,12,2,8,18,22,15,9,GK,LB,CB,CB,RB,DCM,DCM,CAM,LM,RM,F,3
0-15,9,CM,1,8,,,,,,,,,,,,,,,,,,,,,1,7,3,19,12,2,8,18,22,15,9,GK,LB,CB,CB,RB,DCM,DCM,CAM,LM,RM,F,2
0-15,8,LM,0,7,,,,,,,,,,,,,,,,,,,,,1,7,3,19,12,2,8,18,22,15,9,GK,LB,CB,CB,RB,DCM,DCM,CAM,LM,RM,F,4
0-15,8,CM,,,6,Possession Added,,,,,,,,,,,,,,,,,,,1,7,3,19,12,2,8,18,22,15,9,GK,LB,CB,CB,RB,DCM,DCM,CAM,LM,RM,F,
0-15,8,CM,1,2,,,,,,,,,,,,,,,,,,,,,1,7,3,19,12,2,8,18,22,15,9,GK,LB,CB,CB,RB,DCM,DCM,CAM,LM,RM,F,3
0-15,2,RM,1,12,,,,,,,,,,,,,,,,,,,,,1,7,3,19,12,2,8,18,22,15,9,GK,LB,CB,CB,RB,DCM,DCM,CAM,LM,RM,F,3
0-15,12,RD,1,19,,,,,,,,,,,,,,,,,,,,,1,7,3,19,12,2,8,18,22,15,9,GK,LB,CB,CB,RB,DCM,DCM,CAM,LM,RM,F,2
0-15,19,LD,1,3,,,,,,,,,,,,,,,,,,,,,1,7,3,19,12,2,8,18,22,15,9,GK,LB,CB,CB,RB,DCM,DCM,CAM,LM,RM,F,2
0-15,3,LM,1,22,,,,,,,,,,,,,,,,,,,,,1,7,3,19,12,2,8,18,22,15,9,GK,LB,CB,CB,RB,DCM,DCM,CAM,LM,RM,F,3
0-15,22,LM,1,3,,,,,,,,,,,,,,,,,,,,,1,7,3,19,12,2,8,18,22,15,9,GK,LB,CB,CB,RB,DCM,DCM,CAM,LM,RM,F,2
0-15,3,LM,0,9,,,,,,,,,,,,,,,,,,,,,1,7,3,19,12,2,8,18,22,15,9,GK,LB,CB,CB,RB,DCM,DCM,CAM,LM,RM,F,1
0-15,8,CM,,,1,Possession Added,,,,,,,,,,,,,,,,,,,1,7,3,19,12,2,8,18,22,15,9,GK,LB,CB,CB,RB,DCM,DCM,CAM,LM,RM,F,
0-15,8,CM,1,2,,,,,,,,,,,,,,,,,,,,,1,7,3,19,12,2,8,18,22,15,9,GK,LB,CB,CB,RB,DCM,DCM,CAM,LM,RM,F,1
0-15,2,CM,1,19,,,,,,,,,,,,,,,,,,,,,1,7,3,19,12,2,8,18,22,15,9,GK,LB,CB,CB,RB,DCM,DCM,CAM,LM,RM,F,2
0-15,19,CM,1,18,,,,,,,,,,,,,,,,,,,,,1,7,3,19,12,2,8,18,22,15,9,GK,LB,CB,CB,RB,DCM,DCM,CAM,LM,RM,F,3
0-15,18,CM,1,19,,,,,,,,,,,,,,,,,,,,,1,7,3,19,12,2,8,18,22,15,9,GK,LB,CB,CB,RB,DCM,DCM,CAM,LM,RM,F,1
0-15,19,RM,1,9,,,,,,,,,,,,,,,,,,,,,1,7,3,19,12,2,8,18,22,15,9,GK,LB,CB,CB,RB,DCM,DCM,CAM,LM,RM,F,3
0-15,9,RM,0,15,,,,,,,,,,,,,,,,,,,,,1,7,3,19,12,2,8,18,22,15,9,GK,LB,CB,CB,RB,DCM,DCM,CAM,LM,RM,F,2
0-15,1,RD,,,0,Possession Added,,,,,,,,,,,,,,,,,,,1,7,3,19,12,2,8,18,22,15,9,GK,LB,CB,CB,RB,DCM,DCM,CAM,LM,RM,F,
0-15,1,LD,1,3,,,,,,,,,,,,,,,,,,,,,1,7,3,19,12,2,8,18,22,15,9,GK,LB,CB,CB,RB,DCM,DCM,CAM,LM,RM,F,3
0-15,3,CD,1,1,,,,,,,,,,,,,,,,,,,,,1,7,3,19,12,2,8,18,22,15,9,GK,LB,CB,CB,RB,DCM,DCM,CAM,LM,RM,F,4
0-15,1,CM,1,18,,,,,,,,,,,,,,,,,,,,,1,7,3,19,12,2,8,18,22,15,9,GK,LB,CB,CB,RB,DCM,DCM,CAM,LM,RM,F,2
0-15,18,CM,1,8,,,,,,,,,,,,,,,,,,,,,1,7,3,19,12,2,8,18,22,15,9,GK,LB,CB,CB,RB,DCM,DCM,CAM,LM,RM,F,2
0-15,8,RA,0,15,,,,,,,,,,,,,,,,,,,,,1,7,3,19,12,2,8,18,22,15,9,GK,LB,CB,CB,RB,DCM,DCM,CAM,LM,RM,F,3
0-15,19,CM,,,2,Possession Added,,,,,,,,,,,,,,,,,,,1,7,3,19,12,2,8,18,22,15,9,GK,LB,CB,CB,RB,DCM,DCM,CAM,LM,RM,F,
0-15,19,CD,1,1,,,,,,,,,,,,,,,,,,,,,1,7,3,19,12,2,8,18,22,15,9,GK,LB,CB,CB,RB,DCM,DCM,CAM,LM,RM,F,1
0-15,1,CM,1,2,,,,,,,,,,,,,,,,,,,,,1,7,3,19,12,2,8,18,22,15,9,GK,LB,CB,CB,RB,DCM,DCM,CAM,LM,RM,F,2
0-15,2,CD,1,1,,,,,,,,,,,,,,,,,,,,,1,7,3,19,12,2,8,18,22,15,9,GK,LB,CB,CB,RB,DCM,DCM,CAM,LM,RM,F,2
0-15,1,LD,1,3,,,,,,,,,,,,,,,,,,,,,1,7,3,19,12,2,8,18,22,15,9,GK,LB,CB,CB,RB,DCM,DCM,CAM,LM,RM,F,1
0-15,3,LM,1,8,,,,,,,,,,,,,,,,,,,,,1,7,3,19,12,2,8,18,22,15,9,GK,LB,CB,CB,RB,DCM,DCM,CAM,LM,RM,F,3
0-15,8,CM,1,19,,,,,,,,,,,,,,,,,,,,,1,7,3,19,12,2,8,18,22,15,9,GK,LB,CB,CB,RB,DCM,DCM,CAM,LM,RM,F,4
0-15,19,CD,1,1,,,,,,,,,,,,,,,,,,,,,1,7,3,19,12,2,8,18,22,15,9,GK,LB,CB,CB,RB,DCM,DCM,CAM,LM,RM,F,5
0-15,1,LD,1,3,,,,,,,,,,,,,,,,,,,,,1,7,3,19,12,2,8,18,22,15,9,GK,LB,CB,CB,RB,DCM,DCM,CAM,LM,RM,F,3
0-15,3,CD,1,1,,,,,,,,,,,,,,,,,,,,,1,7,3,19,12,2,8,18,22,15,9,GK,LB,CB,CB,RB,DCM,DCM,CAM,LM,RM,F,3
0-15,1,CD,1,19,,,,,,,,,,,,,,,,,,,,,1,7,3,19,12,2,8,18,22,15,9,GK,LB,CB,CB,RB,DCM,DCM,CAM,LM,RM,F,2
0-15,19,CA,0,9,,,,,,,,,,,,,,,,,,,,,1,7,3,19,12,2,8,18,22,15,9,GK,LB,CB,CB,RB,DCM,DCM,CAM,Lm,RM,F,3
0-15,2,CM,,,3,Play Disrupted,,,,,,,,,,,,,,,,,,,1,7,3,19,12,2,8,18,22,15,9,GK,LB,CB,CB,RB,DCM,DCM,CAM,LM,RM,F,
0-15,19,CD,,,1,Possession Added,,,,,,,,,,,,,,,,,,,1,7,3,19,12,2,8,18,22,15,9,GK,LB,CB,CB,RB,DCM,DCM,CAM,LM,RM,F,
0-15,19,CM,1,8,,,,,,,,,,,,,,,,,,,,,1,7,3,19,12,2,8,18,22,15,9,GK,LB,CB,CB,RB,DCM,DCM,CAM,LM,RM,F,1
0-15,8,CD,1,3,,, ,,,,,,,,,,,,,,,,,,1,7,3,19,12,2,8,18,22,15,9,GK,LB,CB,CB,RB,DCM,DCM,CAM,LM,RM,F,3
0-15,3,CD,1,19,,,,,,,,,,,,,,,,,,,,,1,7,3,19,12,2,8,18,22,15,9,GK,LB,CB,CB,RB,DCM,DCM,CAM,LM,RM,F,2
0-15,19,LD,1,3,,,,,,,,,,,,,,,,,,,,,1,7,3,19,12,2,8,18,22,15,9,GK,LB,CB,CB,RB,DCM,DCM,CAM,LM,RM,F,2
0-15,3,CM,1,2,,,,,,,,,,,,,,,,,,,,,1,7,3,19,12,2,8,18,22,15,9,GK,LB,CB,CB,RB,DCM,DCM,CAM,LM,RM,F,2
0-15,2,CD,1,3,,,,,,,,,,,,,,,,,,,,,1,7,3,19,12,2,8,18,22,15,9,GK,LB,CB,CB,RB,DCM,DCM,CAM,LM,RM,F,1
0-15,3,LM,1,18,,,,,,,,,,,,,,,,,,,,,1,7,3,19,12,2,8,18,22,15,9,GK,LB,CB,CB,RB,DCM,DCM,CAM,LM,RM,F,3
0-15,18,CM,1,8,,,,,,,,,,,,,,,,,,,,,1,7,3,19,12,2,8,18,22,15,9,GK,LB,CB,CB,RB,DCM,DCM,CAM,LM,RM,F,3
0-15,8,LM,1,7,,,,,,,,,,,,,,,,,,,,,1,7,3,19,12,2,8,18,22,15,9,GK,LB,CB,CB,RB,DCM,DCM,CAM,LM,RM,F,2
0-15,7,LM,1,9,,,,,,,,,,,,,,,,,,,,,1,7,3,19,12,2,8,18,22,15,9,GK,LB,CB,CB,RB,DCM,DCM,CAM,LM,RM,F,3
0-15,9,LM,1,22,,,,,,,,,,,,,,,,,,,,,1,7,3,19,12,2,8,18,22,15,9,GK,LB,CB,CB,RB,DCM,DCM,CAM,LM,RM,F,1
0-15,22,CM,1,2,,,,,,,,,,,,,,,,,,,,,1,7,3,19,12,2,8,18,22,15,9,GK,LB,CB,CB,RB,DCM,DCM,CAM,LM,RM,F,2
0-15,2,CM,Possession Lost,,,,,,,,,,,,,,,,,,,,,,1,7,3,19,12,2,8,18,22,15,9,GK,LB,CB,CB,RB,DCM,DCM,CAM,LM,RM,F,3
0-15,19,CM,,,3,Possession Added,,,,,,,,,,,,,,,,,,,1,7,3,19,12,2,8,18,22,15,9,GK,LB,CB,CB,RB,DCM,DCM,CAM,LM,RM,F,
0-15,19,CM,1,9,,,,,,,,,,,,,,,,,,,,,1,7,3,19,12,2,8,18,22,15,9,GK,LB,CB,CB,RB,DCM,DCM,CAM,LM,RM,F,2
0-15,9,LA,1,22,,,,,,,,,,,,,,,,,,,,,1,7,3,19,12,2,8,18,22,15,9,GK,LB,CB,CB,RB,DCM,DCM,CAM,LM,RM,F,3
0-15,22,CA,Possession Lost,,,,,,,,,,,,,,,,,,,,,,1,7,3,19,12,2,8,18,22,15,9,GK,LB,CB,CB,RB,DCM,DCM,CAM,LM,RM,F,4
0-15,7,LM,,,4,Possession Added,,,,,,,,,,,,,,,,,,,1,7,3,19,12,2,8,18,22,15,9,GK,LB,CB,CB,RB,DCM,DCM,CAM,LM,RM,F,
0-15,7,CM,1,2,,,,,,,,,,,,,,,,,,,,,1,7,3,19,12,2,8,18,22,15,9,GK,LB,CB,CB,RB,DCM,DCM,CAM,LM,RM,F,1
0-15,2,LM,1,7,,,,,,,,,,,,,,,,,,,,,1,7,3,19,12,2,8,18,22,15,9,GK,LB,CB,CB,RB,DCM,DCM,CAM,LM,RM,F,2
0-15,7,CD,1,1,,,,,,,,,,,,,,,,,,,,,1,7,3,19,12,2,8,18,22,15,9,GK,LB,CB,CB,RB,DCM,DCM,CAM,LM,RM,F,2
0-15,1,LD,1,3,,,,,,,,,,,,,,,,,,,,,1,7,3,19,12,2,8,18,22,15,9,GK,LB,CB,CB,RB,DCM,DCM,CAM,LM,RM,F,4
0-15,3,LM,1,22,,,,,,,,,,,,,,,,,,,,,1,7,3,19,12,2,8,18,22,15,9,GK,LB,CB,CB,RB,DCM,DCM,CAM,LM,RM,F,2
0-15,22,LM,1,3,,,,,,,,,,,,,,,,,,,,,1,7,3,19,12,2,8,18,22,15,9,GK,LB,CB,CB,RB,DCM,DCM,CAM,LM,RM,F,1
0-15,3,CM,1,8,,,,,,,,,,,,,,,,,,,,,1,7,3,19,12,2,8,18,22,15,9,GK,LB,CB,CB,RB,DCM,DCM,CAM,LM,RM,F,1
0-15,8,CM,1,2,,,,,,,,,,,,,,,,,,,,,1,7,3,19,12,2,8,18,22,15,9,GK,LB,CB,CB,RB,DCM,DCM,CAM,LM,RM,F,2
0-15,2,CM,1,8,,,,,,,,,,,,,,,,,,,,,1,7,3,19,12,2,8,18,22,15,9,GK,LB,CB,CB,RB,DCM,DCM,CAM,LM,RM,F,1
0-15,8,LM,1,3,,,,,,,,,,,,,,,,,,,,,1,7,3,19,12,2,8,18,22,15,9,GK,LB,CB,CB,RB,DCM,DCM,CAM,LM,RM,F,3
0-15,3,LA,Possession Lost,9,,,,,,,,,,,,,,,,,,,,,1,7,3,19,12,2,8,18,22,15,9,GK,LB,CB,CB,RB,DCM,DCM,CAM,LM,RM,F,3
0-15,7,LM,,,0,Play Disrupted,,,,,,,,,,,,,,,,,,,1,7,3,19,12,2,8,18,22,15,9,GK,LB,CB,CB,RB,DCM,DCM,CAM,LM,RM,F,
0-15,3,LM,,,2,Possession Added,,,,,,,,,,,,,,,,,,,1,7,3,19,12,2,8,18,22,15,9,GK,LB,CB,CB,RB,DCM,DCM,CAM,LM,RM,F,
0-15,7,LM,1,18,,,,,,,,,,,,,,,,,,,,,1,7,3,19,12,2,8,18,22,15,9,GK,LB,CB,CB,RB,DCM,DCM,CAM,LM,RM,F,1
0-15,18,CA,0,9,,,,,,,,,,,,,,,,,,,,,1,7,3,19,12,2,8,18,22,15,9,GK,LB,CB,CB,RB,DCM,DCM,CAM,LM,RM,F,2
0-15,7,LA,1,18,,,,,,,,,,,,,,,,,,,,,1,7,3,19,12,2,8,18,22,15,9,GK,LB,CB,CB,RB,DCM,DCM,CAM,LM,RM,F,1
0-15,18,CA,0,9,,,,,,,,,,,,,,,,,,,,,1,7,3,19,12,2,8,18,22,15,9,GK,LB,CB,CB,RB,DCM,DCM,CAM,LM,RM,F,2
0-15,7,LA,1,9,,,,,,,,,,,,,,,,,,,,,1,7,3,19,12,2,8,18,22,15,9,GK,LB,CB,CB,RB,DCM,DCM,CAM,LM,RM,F,1
0-15,9,LA,Possession Lost,7,,,,,,,,,,,,,,,,,,,,,1,7,3,19,12,2,8,18,22,15,9,GK,LB,CB,CB,RB,DCM,DCM,CAM,LM,RM,F,1
0-15,9,LA,,,3,Possession Added,,,,,,,,,,,,,,,,,,,1,7,3,19,12,2,8,18,22,15,9,GK,LB,CB,CB,RB,DCM,DCM,CAM,LM,RM,F,
0-15,9,LM,1,18,,,,,,,,,,,,,,,,,,,,,1,7,3,19,12,2,8,18,22,15,9,GK,LB,CB,CB,RB,DCM,DCM,CAM,LM,RM,F,1
0-15,18,CM,1,19,,,,,,,,,,,,,,,,,,,,,1,7,3,19,12,2,8,18,22,15,9,GK,LB,CB,CB,RB,DCM,DCM,CAM,LM,RM,F,2
0-15,19,RA,1,12,,,,,,,,,,,,,,,,,,,,,1,7,3,19,12,2,8,18,22,15,9,GK,LB,CB,CB,RB,DCM,DCM,CAM,LM,RM,F,3
0-15,12,CA,Possession Lost,8,,,Yes,,,,,,,,,,,,,,,,,,1,7,3,19,12,2,8,18,22,15,9,GK,LB,CB,CB,RB,DCM,DCM,CAM,LM,RM,F,4
0-15,19,CD,,,0,Play Disrupted,,,,,,,,,,,,,,,,,,,1,7,3,19,12,2,8,18,22,15,9,GK,LB,CB,CB,RB,DCM,DCM,CAM,LM,RM,F,
0-15,3,CD,,,1,Possession Added,,,,,,,,,,,,,,,,,,,1,7,3,19,12,2,8,18,22,15,9,GK,LB,CB,CB,RB,DCM,DCM,CAM,LM,RM,F,
0-15,3,LD,1,8,,,,,,,,,,,,,,,,,,,,,1,7,3,19,12,2,8,18,22,15,9,GK,LB,CB,CB,RB,DCM,DCM,CAM,LM,RM,F,2
0-15,8,LM,1,22,,,,,,,,,,,,,,,,,,,,,1,7,3,19,12,2,8,18,22,15,9,GK,LB,CB,CB,RB,DCM,DCM,CAM,LM,RM,F,1
0-15,22,CM,0,2,,,,Yes,,,,,,,,,,,,,,,,,1,7,3,19,12,2,8,18,22,15,9,GK,LB,CB,CB,RB,DCM,DCM,CAM,LM,RM,F,3
0-15,7,LD,1,3,,,,,,,,,,,,,,,,,,,,,1,7,3,19,12,2,8,18,22,15,9,GK,LB,CB,CB,RB,DCM,DCM,CAM,LM,RM,F,1
0-15,3,RD,1,19,,,,,,,,,,,,,,,,,,,,,1,7,3,19,12,2,8,18,22,15,9,GK,LB,CB,CB,RB,DCM,DCM,CAM,LM,RM,F,2
0-15,19,RM,0,2,,,,,,,,,,,,,,,,,,,,,1,7,3,19,12,2,8,18,22,15,9,GK,LB,CB,CB,RB,DCM,DCM,CAM,LM,RM,F,3
0-15,15,CM,,,,,Yes,,,,,,,,,,,,,,,,,,1,7,3,19,12,2,8,18,22,15,9,GK,LB,CB,CB,RB,DCM,DCM,CAM,LM,RM,F,
0-15,19,CD,,,7,Play Disrupted,,,,,,,,,,,,,,,,,,,1,7,3,19,12,2,8,18,22,15,9,GK,LB,CB,CB,RB,DCM,DCM,CAM,LM,RM,F,
0-15,2,LD,,,1,Possession Added,,,,,,,,,,,,,,,,,,,1,7,3,19,12,2,8,18,22,15,9,GK,LB,CB,CB,RB,DCM,DCM,CAM,LM,RM,F,
0-15,2,LD,1,22,,,,,,,,,,,,,,,,,,,,,1,7,3,19,12,2,8,18,22,15,9,GK,LB,CB,CB,RB,DCM,DCM,CAM,LM,RM,F,1
0-15,22,LD,1,7,,,,,,,,,,,,,,,,,,,,,1,7,3,19,12,2,8,18,22,15,9,GK,LB,CB,CB,RB,DCM,DCM,CAM,LM,RM,F,2
0-15,7,LM,1,9,,,,,,,,,,,,,,,,,,,,,1,7,3,19,12,2,8,18,22,15,9,GK,LB,CB,CB,RB,DCM,DCM,CAM,LM,RM,F,1
0-15,9,CM,0,8,,,,,,,,,,,,,,,,,,,,,1,7,3,19,12,2,8,18,22,15,9,GK,LB,CB,CB,RB,DCM,DCM,CAM,LM,RM,F,1
0-15,19,CD,,,2,Possession Added,,,,,,,,,,,,,,,,,,,1,7,3,19,12,2,8,18,22,15,9,GK,LB,CB,CB,RB,DCM,DCM,CAM,LM,RM,F,
0-15,19,CD,1,1,,,,,,,,,,,,,,,,,,,,,1,7,3,19,12,2,8,18,22,15,9,GK,LB,CB,CB,RB,DCM,DCM,CAM,LM,RM,F,1
0-15,1,CM,0,15,,,,,,,,,,,,,,,,,,,,,1,7,3,19,12,2,8,18,22,15,9,GK,LB,CB,CB,RB,DCM,DCM,CAM,LM,RM,F,1
0-15,22,CD,,,5,Play Disrupted,Yes,,,,,,,,,,,,,,,,,,1,7,3,19,12,2,8,18,22,15,9,GK,LB,CB,CB,RB,DCM,DCM,CAM,LM,RM,F,
0-15,19,CD,,,0,Play Disrupted,,,,,,Set Piece,25,SOG,0,,,,,,,,,,1,7,3,19,12,2,8,18,22,15,9,GK,LB,CB,CB,RB,DCM,DCM,CAM,RM,RM,F,
0-15,12,CD,,,1,Play Disrupted,,,,,,,,,,,,,,,,,,,1,7,3,19,12,2,8,18,22,15,9,GK,LB,CB,CB,RB,DCM,DCM,CAM,LM,RM,F,
0-15,1,CD,,,0,Possession Added,,,,,,Run of Play,10,SOT,0,,,,,,,,,,1,7,3,19,12,2,8,18,22,15,9,GK,LB,CB,CB,RB,DCM,DCM,CAM,LM,RM,F,
0-15,1,LD,1,3,,,,,,,,,,,,,,,,,,,,,1,7,3,19,12,2,8,18,22,15,9,GK,LB,CB,CB,RB,DCM,DCM,CAM,LM,RM,F,1
0-15,3,CD,1,1,,,,,,,,,,,,,,,,,,,,,1,7,3,19,12,2,8,18,22,15,9,GK,LB,CB,CB,RB,DCM,DCM,CAM,LM,RM,F,2
0-15,1,LM,1,7,,,,,,,,,,,,,,,,,,,,,1,7,3,19,12,2,8,18,22,15,9,GK,LB,CB,CB,RB,DCM,DCM,CAM,LM,RM,F,2
0-15,7,LM,0,22,,,,,,,,,,,,,,,,,,,,,1,7,3,19,12,2,8,18,22,15,9,GK,LB,CB,CB,RB,DCM,DCM,CAM,LM,RM,F,1
0-15,7,LM,1,9,,,,,,,,,,,,,,,,,,,,,1,7,3,19,12,2,8,18,22,15,9,GK,LB,CB,CB,RB,DCM,DCM,CAM,LM,RM,F,1
0-15,9,LA,0,22,,,,,,,,,,,,,,,,,,,,,1,7,3,19,12,2,8,18,22,15,9,GK,LB,CB,CB,RB,DCM,DCM,CAM,LM,RM,F,1
0-15,9,LA,,,0,Play Disrupted,,,,,,,,,,,,,,,,,,,1,7,3,19,12,2,8,18,22,15,9,GK,LB,CB,CB,RB,DCM,DCM,CAM,LM,RM,F,
0-15,7,LA,Possession Lost,9,,,Yes,,,,,,,,,,,,,,,,,,1,7,3,19,12,2,8,18,22,15,9,GK,LB,CB,CB,RB,DCM,DCM,CAM,LM,RM,F,1
0-15,1,LD,,,10,Play Disrupted,,,,,,,,,,,,,,,,,,,1,7,3,19,12,2,8,18,22,15,9,GK,LB,CB,CB,RB,DCM,DCM,CAM,LM,RM,F,
0-15,3,LD,,,0,Play Disrupted,Yes,,,,,,,,,,,,,,,,,,1,7,3,19,12,2,8,18,22,15,9,GK,LB,CB,CB,RB,DCM,DCM,CAM,LM,RM,F,
0-15,2,CD,,,0,Play Disrupted,,,,,,,,,,,,,,,,,,,1,7,3,19,12,2,8,18,22,15,9,GK,LB,CB,CB,RB,DCM,DCM,CAM,LM,RM,F,
0-15,8,CD,,,0,Play Disrupted,,,,,,,,,,,,,,,,,,,1,7,3,19,12,2,8,18,22,15,9,GK,LB,CB,CB,RB,DCM,DCM,CAM,LM,RM,F,
0-15,15,CM,,,0,Possession Added,,,,,,,,,,,,,,,,,,,1,7,3,19,12,2,8,18,22,15,9,GK,LB,CB,CB,RB,DCM,DCM,CAM,LM,RM,F,
0-15,15,LM,1,9,,,,,,,,,,,,,,,,,,,,,1,7,3,19,12,2,8,18,22,15,9,GK,LB,CB,CB,RB,DCM,DCM,CAM,LM,RM,F,1
0-15,9,CA,0,18,,,,,,,,,,,,,,,,,,,,,1,7,3,19,12,2,8,18,22,15,9,GK,LB,CB,CB,RB,DCM,DCM,CAM,LM,RM,F,2
0-15,12,RM,,,1,Possession Added,,,,,,,,,,,,,,,,,,,1,7,3,19,12,2,8,18,22,15,9,GK,LB,CB,CB,RB,DCM,DCM,CAM,LM,RM,F,
0-15,12,RM,0,9,,,,Yes,,,,,,,,,,,,,,,,,1,7,3,19,12,2,8,18,22,15,9,GK,LB,CB,CB,RB,DCM,DCM,CAM,LM,RM,F,1
0-15,8,CA,0,2,,,,,,,,,,,,,,,,,,,,,1,7,3,19,12,2,8,18,22,15,9,GK,LB,CB,CB,RB,DCM,DCM,CAM,LM,RM,F,1
0-15,7,LM,,,3,Play Disrupted,,,,,,,,,,,,,,,,,,,1,7,3,19,12,2,8,18,22,15,9,GK,LB,CB,CB,RB,DCM,DCM,CAM,LM,RM,F,
0-15,7,LD,,,4,Possession Added,,,,,,,,,,,,,,,,,,,1,7,3,19,12,2,8,18,22,15,9,GK,LB,CB,CB,RB,DCM,DCM,CAM,LM,RM,F,
15-30,7,LM,1,9,,,,,,,,,,,,,,,,,,,,,1,7,3,19,12,7,2,18,22,15,9,GK,LB,CB,CB,RB,DCM,DCM,CAM,LM,RM,F,1
15-30,9,CM,1,8,,,,,,,,,,,,,,,,,,,,,1,7,3,19,12,7,2,18,22,15,9,GK,LB,CB,CB,RB,DCM,DCM,CAM,LM,RM,F,2
15-30,8,RM,0,12,,,,,,,,,,,,,,,,,,,,,1,7,3,19,12,7,2,18,22,15,9,GK,LB,CB,CB,RB,DCM,DCM,CAM,LM,RM,F,2
15-30,12,RM,0,9,,,,,,,,,,,,,,,,,,,,,1,7,3,19,12,7,2,18,22,15,9,GK,LB,CB,CB,RB,DCM,DCM,CAM,LM,RM,F,1
15-30,3,LM,,,6,Play Disrupted,,,,,,,,,,,,,,,,,,,1,7,3,19,12,7,2,18,22,15,9,GK,LB,CB,CB,RB,DCM,DCM,CAM,LM,RM,F,
15-30,19,CD,,,3,Play Disrupted,,,,,,,,,,,,,,,,,,,1,7,3,19,12,7,2,18,22,15,9,GK,LB,CB,CB,RB,DCM,DCM,CAM,LM,RM,F,
15-30,22,LD,,,0,Play Disrupted,,,,,,,,,,,,,,,,,,,1,7,3,19,12,7,2,18,22,15,9,GK,LB,CB,CB,RB,DCM,DCM,CAM,LM,RM,F,
15-30,7,LM,0,9,,,,,,,,,,,,,,,,,,,,,1,7,3,19,12,7,2,18,22,15,9,GK,LB,CB,CB,RB,DCM,DCM,CAM,LM,RM,F,1
15-30,7,LM,Possession Lost,,,,,,,,,,,,,,,,,,,,,,1,7,3,19,12,7,2,18,22,15,9,GK,LB,CB,CB,RB,DCM,DCM,CAM,LM,RM,F,2
15-30,3,CD,,,4,Play Disrupted,,,,,,,,,,,,,,,,,,,1,7,3,19,12,7,2,18,22,15,9,GK,LB,CB,CB,RB,DCM,DCM,CAM,LM,RM,F,
15-30,1,CD,,,2,Possession Added,,,,,,,,,,,,,,,,,,,1,7,3,19,12,7,2,18,22,15,9,GK,LB,CB,CB,RB,DCM,DCM,CAM,LM,RM,F,
15-30,1,RD,1,19,,,,,,,,,,,,,,,,,,,,,1,7,3,19,12,7,2,18,22,15,9,GK,LB,CB,CB,RB,DCM,DCM,CAM,LM,RM,F,1
15-30,19,CM,1,2,,,,,,,,,,,,,,,,,,,,,1,7,3,19,12,7,2,18,22,15,9,GK,LB,CB,CB,RB,DCM,DCM,CAM,LM,RM,F,3
15-30,2,CD,1,1,,,,,,,,,,,,,,,,,,,,,1,7,3,19,12,7,2,18,22,15,9,GK,LB,CB,CB,RB,DCM,DCM,CAM,LM,RM,F,2
15-30,1,LD,1,3,,,,,,,,,,,,,,,,,,,,,1,7,3,19,12,7,2,18,22,15,9,GK,LB,CB,CB,RB,DCM,DCM,CAM,LM,RM,F,1
15-30,3,CD,1,8,,,,,,,,,,,,,,,,,,,,,1,7,3,19,12,7,2,18,22,15,9,GK,LB,CB,CB,RB,DCM,DCM,CAM,LM,RM,F,4
15-30,8,RD,1,19,,,,,,,,,,,,,,,,,,,,,1,7,3,19,12,7,2,18,22,15,9,GK,LB,CB,CB,RB,DCM,DCM,CAM,LM,RM,F,2
15-30,19,CD,1,8,,,,,,,,,,,,,,,,,,,,,1,7,3,19,12,7,2,18,22,15,9,GK,LB,CB,CB,RB,DCM,DCM,CAM,LM,RM,F,2
15-30,8,CD,1,1,,,,,,,,,,,,,,,,,,,,,1,7,3,19,12,7,2,18,22,15,9,GK,LB,CB,CB,RB,DCM,DCM,CAM,LM,RM,F,4
15-30,1,CD,1,8,,,,,,,,,,,,,,,,,,,,,1,7,3,19,12,7,2,18,22,15,9,GK,LB,CB,CB,RB,DCM,DCM,CAM,LM,RM,F,2
15-30,8,CM,1,2,,,,,,,,,,,,,,,,,,,,,1,7,3,19,12,7,2,18,22,15,9,GK,LB,CB,CB,RB,DCM,DCM,CAM,LM,RM,F,2
15-30,2,RD,1,19,,,,,,,,,,,,,,,,,,,,,1,7,3,19,12,7,2,18,22,15,9,GK,LB,CB,CB,RB,DCM,DCM,CAM,LM,RM,F,1
15-30,19,RA,1,9,,,,,,,,,,,,,,,,,,,,,1,7,3,19,12,7,2,18,22,15,9,GK,LB,CB,CB,RB,DCM,DCM,CAM,LM,RM,F,3
15-30,9,CA,Possession Lost,,,,,,,,,,,,,,,,,,,,,,1,7,3,19,12,7,2,18,22,15,9,GK,LB,CB,CB,RB,DCM,DCM,CAM,LM,RM,F,4
15-30,19,RM,,,0,Possession Added,,,,,,,,,,,,,,,,,,,1,7,3,19,12,7,2,18,22,15,9,GK,LB,CB,CB,RB,DCM,DCM,CAM,LM,RM,F,
15-30,19,CA,1,9,,,,,,,,,,,,,,,,,,,,,1,7,3,19,12,7,2,18,22,15,9,GK,LB,CB,CB,RB,DCM,DCM,CAM,RM,RM,F,1
15-30,9,CA,,,,,,,,,,,,,,Run of Play,25,SOT,1,9,19,,,,1,7,3,19,12,7,2,18,22,15,9,GK,LB,CB,CB,RB,DCM,DCM,CAM,LM,RM,F,
15-30,7,LM,,,10,Possession Added,,,,,,,,,,,,,,,,,,,1,7,3,19,12,7,2,16,22,15,9,GK,LB,CB,CB,RB,DCM,DCM,CAM,LM,RM,F,
15-30,7,LM,1,15,,,,,,,,,,,,,,,,,,,,,1,7,3,19,12,7,2,16,22,15,9,GK,LB,CB,CB,RB,DCM,DCM,CAM,LM,RM,F,2
15-30,15,LM,0,22,,,,,,,,,,,,,,,,,,,,,1,7,3,19,12,7,2,16,22,15,9,GK,LB,CB,CB,RB,DCM,DCM,CAM,LM,RM,F,2
15-30,1,CD,,,6,Possession Added,,,,,,,,,,,,,,,,,,,1,7,3,19,12,2,8,16,15,22,9,GK,LB,CB,CB,RB,DCM,DCM,CAM,RM,LM,F,
15-30,1,CD,1,8,,,,,,,,,,,,,,,,,,,,,1,7,3,19,12,2,8,16,15,22,9,GK,LB,CB,CB,RB,DCM,DCM,CAM,RM,LM,F,1
15-30,8,LD,1,3,,,,,,,,,,,,,,,,,,,,,1,7,3,19,12,2,8,16,15,22,9,GK,LB,CB,CB,RB,DCM,DCM,CAM,RM,LM,F,5
15-30,3,LM,1,22,,,,,,,,,,,,,,,,,,,,,1,7,3,19,12,2,8,16,15,22,9,GK,LB,CB,CB,RB,DCM,DCM,CAM,RM,LM,F,2
15-30,22,LM,Possession Lost,,,,,,,,,,,,,,,,,,,,,,1,7,3,19,12,2,8,16,15,22,9,GK,LB,CB,CB,RB,DCM,DCM,CAM,RM,LM,F,3
15-30,3,CD,,,0,Possession Added,,,,,,,,,,,,,,,,,,,1,7,3,19,12,2,8,16,15,22,9,GK,LB,CB,CB,RB,DCM,DCM,CAM,RM,LM,F,
15-30,3,CD,1,8,,,,,,,,,,,,,,,,,,,,,1,7,3,19,12,2,8,16,15,22,9,GK,LB,CB,CB,RB,DCM,DCM,CAM,RM,LM,F,1
15-30,8,CM,1,16,,,,,,,,,,,,,,,,,,,,,1,7,3,19,12,2,8,16,15,22,9,GK,LB,CB,CB,RB,DCM,DCM,CAM,RM,LM,F,2
15-30,16,RD,1,12,,,,,,,,,,,,,,,,,,,,,1,7,3,19,12,2,8,16,15,22,9,GK,LB,CB,CB,RB,DCM,DCM,CAM,RM,LM,F,4
15-30,12,RD,1,19,,,,,,,,,,,,,,,,,,,,,1,7,3,19,12,2,8,16,15,22,9,GK,LB,CB,CB,RB,DCM,DCM,CAM,RM,LM,F,2
15-30,19,RM,1,16,,,,,,,,,,,,,,,,,,,,,1,7,3,19,12,2,8,16,15,22,9,GK,LB,CB,CB,RB,DCM,DCM,CAM,RM,LM,F,3
15-30,16,RM,0,2,,,,Yes,,,,,,,,,,,,,,,,,1,7,3,19,12,2,8,16,15,22,9,GK,LB,CB,CB,RB,DCM,DCM,CAM,RM,LM,F,3
15-30,12,RA,0,9,,,Yes,,,,,,,,,,,,,,,,,,1,7,3,19,12,2,8,16,15,22,9,GK,LB,CB,CB,RB,DCM,DCM,CAM,RM,LM,F,1
15-30,3,CD,,,0,Play Disrupted,,,,,,,,,,,,,,,,,,,1,7,3,19,12,2,8,16,15,22,9,GK,LB,CB,CB,RB,DCM,DCM,CAM,RM,LM,F,
15-30,7,LD,,,3,Possession Added,,,,,,,,,,,,,,,,,,,1,7,3,19,12,2,8,16,15,22,9,GK,LB,CB,CB,RB,DCM,DCM,CAM,RM,LM,F,
15-30,7,LM,Possession Lost,22,,,,,,,,,,,,,,,,,,,,,1,7,3,19,12,2,8,16,15,22,9,GK,LB,CB,CB,RB,DCM,DCM,CAM,RM,LM,F,1
15-30,7,LD,,,6,Possession Added,,,,,,,,,,,,,,,,,,,1,7,3,19,12,2,8,16,15,22,9,GK,LB,CB,CB,RB,DCM,DCM,CAM,RM,LM,F,
15-30,7,CM,1,8,,,,,,,,,,,,,,,,,,,,,1,7,3,19,12,2,8,16,15,22,9,GK,LB,CB,CB,RB,DCM,DCM,CAM,RM,LM,F,1
15-30,8,LM,1,7,,,,,,,,,,,,,,,,,,,,,1,7,3,19,12,2,8,16,15,22,9,GK,LB,CB,CB,RB,DCM,DCM,CAM,RM,LM,F,5
15-30,7,LM,0,22,,,,,,,,,,,,,,,,,,,,,1,7,3,19,12,2,8,16,15,22,9,GK,LB,CB,CB,RB,DCM,DCM,CAM,RM,LM,F,2
15-30,7,LM,1,8,,,,,,,,,,,,,,,,,,,,,1,7,3,19,12,2,8,16,15,22,11,GK,LB,CB,CB,RB,DCM,DCM,CAM,RM,LM,F,1
15-30,8,LM,0,,,,,,,,,,,,,,,,,,,,,,1,7,3,19,12,2,8,16,15,22,11,GK,LB,CB,CB,RB,DCM,DCM,CAM,RM,LM,F,3
15-30,7,LA,1,11,,,,,,,,,,,,,,,,,,,,,1,7,3,19,12,2,8,16,15,22,11,GK,LB,CB,CB,RB,DCM,DCM,CAM,RM,LM,F,1
15-30,11,LA,Possession Lost,,,,,,,,,,,,,,,,,,,,,,1,7,3,19,12,2,8,16,15,22,11,GK,LB,CB,CB,RB,DCM,DCM,CAM,RM,LM,F,2
15-30,1,CD,,,1,Possession Added,,,,,,,,,,,,,,,,,,,1,7,3,19,12,2,8,16,15,22,11,GK,LB,CB,CB,RB,DCM,DCM,CAM,RM,LM,F,
15-30,1,CD,1,19,,,,,,,,,,,,,,,,,,,,,1,7,3,19,12,2,8,16,15,22,11,GK,LB,CB,CB,RB,DCM,DCM,CAM,RM,LM,F,2
15-30,12,RM,0,12,,,,,,,,,,,,,,,,,,,,,1,7,3,19,12,2,8,16,15,22,11,GK,LB,CB,CB,RB,DCM,DCM,CAM,RM,LM,F,3
15-30,1,RD,,,4,Possession Added,,,,,,,,,,,,,,,,,,,1,7,3,19,12,2,8,16,15,22,11,GK,LB,CB,CB,RB,DCM,DCM,CAM,RM,LM,F,
15-30,1,CD,1,8,,,,,,,,,,,,,,,,,,,,,1,7,3,19,12,2,8,16,15,22,11,GK,LB,CB,CB,RB,DCM,DCM,CAM,RM,LM,F,1
15-30,8,RD,1,3,,,,,,,,,,,,,,,,,,,,,1,7,3,19,12,2,8,16,15,22,11,GK,LB,CB,CB,RB,DCM,DCM,CAM,RM,LM,F,3
15-30,3,CD,1,8,,,,,,,,,,,,,,,,,,,,,1,7,3,19,12,2,8,16,15,22,11,GK,LB,CB,CB,RB,DCM,DCM,CAM,RM,LM,F,1
15-30,8,RD,1,3,,,,,,,,,,,,,,,,,,,,,1,7,3,19,12,2,8,16,15,22,11,GK,LB,CB,CB,RB,DCM,DCM,CAM,RM,LM,F,1
15-30,3,CD,1,1,,,,,,,,,,,,,,,,,,,,,1,7,3,19,12,2,8,16,15,22,11,GK,LB,CB,CB,RB,DCM,DCM,CAM,RM,LM,F,1
15-30,1,LM,0,22,,,,,,,,,,,,,,,,,,,,,1,7,3,19,12,2,8,16,15,22,11,GK,LB,CB,CB,RB,DCM,DCM,CAM,RM,LM,F,1
15-30,11,CM,,,0,Possession Added,,,,,,,,,,,,,,,,,,,1,7,3,19,12,2,8,16,15,22,11,GK,LB,CB,CB,RB,DCM,DCM,CAM,RM,LM,F,
15-30,11,RM,1,19,,,,,,,,,,,,,,,,,,,,,1,7,3,19,12,2,8,16,15,22,11,GK,LB,CB,CB,RB,DCM,DCM,CAM,RM,LM,F,3
15-30,19,RM,,,,,,Yes,,,,,,,,,,,,,,,,,1,7,3,19,12,2,8,16,15,22,11,GK,LB,CB,CB,RB,DCM,DCM,CAM,RM,LM,F,3
15-30,19,CD,1,3,,,,,,,,,,,,,,,,,,,,,1,7,3,19,12,2,8,16,15,22,11,GK,LB,CB,CB,RB,DCM,DCM,CAM,RM,LM,F,1
15-30,3,CM,1,16,,,,,,,,,,,,,,,,,,,,,1,7,3,19,12,2,8,16,15,22,11,GK,LB,CB,CB,RB,DCM,DCM,CAM,RM,LM,F,2
15-30,16,CM,1,2,,,,,,,,,,,,,,,,,,,,,1,7,3,19,12,2,8,16,15,22,11,GK,LB,CB,CB,RB,DCM,DCM,CAM,RM,LM,F,3
15-30,2,LM,1,7,,,,,,,,,,,,,,,,,,,,,1,7,3,19,12,2,8,16,15,22,11,GK,LB,CB,CB,RB,DCM,DCM,CAM,RM,LM,F,2
15-30,7,CD,1,3,,,,,,,,,,,,,,,,,,,,,1,7,3,19,12,2,8,16,15,22,11,GK,LB,CB,CB,RB,DCM,DCM,CAM,RM,LM,F,1
15-30,3,CM,1,8,,,,,,,,,,,,,,,,,,,,,1,7,3,19,12,2,8,16,15,22,11,GK,LB,CB,CB,RB,DCM,DCM,CAM,RM,LM,F,2
15-30,8,RA,Possession Lost,12,,,,,,,,,,,,,,,,,,,,,1,7,3,19,12,2,8,16,15,22,11,GK,LB,CB,CB,RB,DCM,DCM,CAM,RM,LM,F,2
15-30,12,CA,0,22,,,,Yes,,,,,,,,,,,,,,,,,1,7,3,19,12,2,8,16,15,22,11,GK,LB,CB,CB,RB,DCM,DCM,CAM,RM,LM,F,1
15-30,3,LD,1,8,,,,,,,,,,,,,,,,,,,,,1,7,3,19,12,2,8,16,15,22,11,GK,LB,CB,CB,RB,DCM,DCM,CAM,RM,LM,F,2
30-45,8,CM,1,16,,,,,,,,,,,,,,,,,,,,,1,7,3,19,12,2,8,16,15,22,11,GK,LB,CB,CB,RB,DCM,DCM,CAM,RM,LM,F,2
30-45,16,CA,1,11,,,,,,,,,,,,,,,,,,,,,1,7,3,19,12,2,8,16,15,22,11,GK,LB,CB,CB,RB,DCM,DCM,CAM,RM,LM,F,3
30-45,11,RA,Possession Lost,,,,,,,,,,,,,,,,,,,,,,1,7,3,19,12,2,8,16,15,22,11,GK,LB,CB,CB,RB,DCM,DCM,CAM,RM,LM,F,3
30-45,24,RM,,,6,Play Disrupted,,,,,,,,,,,,,,,,,,,1,7,3,19,12,2,8,16,24,22,11,GK,LB,CB,CB,RB,DCM,DCM,CAM,RM,LM,F,
30-45,7,LM,1,22,5,Possession Added,,,,,,,,,,,,,,,,,,,1,7,3,19,12,2,8,16,24,22,11,GK,LB,CB,CB,RB,DCM,DCM,CAM,RM,LM,F,2
30-45,22,CA,1,11,,,,,,,,,,,,,,,,,,,,,1,7,3,19,12,2,8,16,24,22,11,GK,LB,CB,CB,RB,DCM,DCM,CAM,RM,LM,F,3
30-45,11,CA,0,16,,,,,,,,,,,,,,,,,,,,,1,7,3,19,12,2,8,16,24,22,11,GK,LB,CB,CB,RB,DCM,DCM,CAM,RM,LM,F,2
30-45,3,LD,,,7,Play Disrupted,,,,,,,,,,,,,,,,,,,1,7,3,19,12,2,8,16,24,22,11,GK,LB,CB,CB,RB,DCM,DCM,CAM,RM,LM,F,
30-45,3,CD,1,8,6,Possession Added,,,,,,,,,,,,,,,,,,,1,7,3,19,12,2,8,16,24,22,11,GK,LB,CB,CB,RB,DCM,DCM,CAM,RM,LM,F,2
30-45,8,LA,0,11,,,,,,,,,,,,,,,,,,,,,1,7,3,19,12,2,8,16,24,22,11,GK,LB,CB,CB,RB,DCM,DCM,CAM,RM,LM,F,2
30-45,1,CD,,,2,Possession Added,,,,,,,,,,,,,,,,,,,1,7,3,19,12,2,8,16,24,22,11,GK,LB,CB,CB,RB,DCM,DCM,CAM,RM,LM,F,
30-45,1,CM,1,2,,,,,,,,,,,,,,,,,,,,,1,7,3,19,12,2,8,16,24,22,11,GK,LB,CB,CB,RB,DCM,DCM,CAM,RM,LM,F,1
30-45,2,RD,1,19,,,,,,,,,,,,,,,,,,,,,1,7,3,19,12,2,8,16,24,22,11,GK,LB,CB,CB,RB,DCM,DCM,CAM,RM,LM,F,1
30-45,19,CM,1,8,,,,,,,,,,,,,,,,,,,,,1,7,3,19,12,2,8,16,24,22,11,GK,LB,CB,CB,RB,DCM,DCM,CAM,RM,LM,F,2
30-45,8,RD,1,19,,,,,,,,,,,,,,,,,,,,,1,7,3,19,12,2,8,16,24,22,11,GK,LB,CB,CB,RB,DCM,DCM,CAM,RM,LM,F,1
30-45,19,CD,1,1,,,,,,,,,,,,,,,,,,,,,1,7,3,19,12,2,8,16,24,22,11,GK,LB,CB,CB,RB,DCM,DCM,CAM,RM,LM,F,2
30-45,1,CM,1,8,,,,,,,,,,,,,,,,,,,,,1,7,3,19,12,2,8,16,24,22,11,GK,LB,CB,CB,RB,DCM,DCM,CAM,RM,LM,F,2
30-45,8,RD,1,19,,,,,,,,,,,,,,,,,,,,,1,7,3,19,12,2,8,16,24,22,11,GK,LB,CB,CB,RB,DCM,DCM,CAM,RM,LM,F,5
30-45,19,LD,1,3,,,,,,,,,,,,,,,,,,,,,1,7,3,19,12,2,8,16,24,22,11,GK,LB,CB,CB,RB,DCM,DCM,CAM,RM,LM,F,2
30-45,3,LM,1,22,,,,,,,,,,,,,,,,,,,,,1,7,3,19,12,2,8,16,24,22,11,GK,LB,CB,CB,RB,DCM,DCM,CAM,RM,LM,F,3
30-45,22,LM,1,3,,,,,,,,,,,,,,,,,,,,,1,7,3,19,12,2,8,16,24,22,11,GK,LB,CB,CB,RB,DCM,DCM,CAM,RM,LM,F,1
30-45,3,LM,1,2,,,,,,,,,,,,,,,,,,,,,1,7,3,19,12,2,8,16,24,22,11,GK,LB,CB,CB,RB,DCM,DCM,CAM,RM,LM,F,1
30-45,2,LM,1,3,,,,,,,,,,,,,,,,,,,,,1,7,3,19,12,2,8,16,24,22,11,GK,LB,CB,CB,RB,DCM,DCM,CAM,RM,LM,F,1
30-45,3,CM,1,16,,,,,,,,,,,,,,,,,,,,,1,7,3,19,12,2,8,16,24,22,11,GK,LB,CB,CB,RB,DCM,DCM,CAM,RM,LM,F,3
30-45,16,LM,1,2,,,,,,,,,,,,,,,,,,,,,1,7,3,19,12,2,8,16,24,22,11,GK,LB,CB,CB,RB,DCM,DCM,CAM,RM,LM,F,1
30-45,2,LA,0,7,,,,,,,,,,,,,,,,,,,,,1,7,3,19,12,2,8,16,24,22,11,GK,LB,CB,CB,RB,DCM,DCM,CAM,RM,LM,F,3
30-45,7,CD,,,7,Possession Added,,,,,,,,,,,,,,,,,,,1,7,3,19,12,2,8,16,24,22,11,GK,LB,CB,CB,RB,DCM,DCM,CAM,RM,LM,F,
30-45,7,LM,0,22,,,,,,,,,,,,,,,,,,,,,1,7,3,19,12,2,8,16,24,22,11,GK,LB,CB,CB,RB,DCM,DCM,CAM,RM,LM,F,1
30-45,7,LD,,,3,Play Disrupted,,,,,,,,,,,,,,,,,,,1,7,3,19,12,2,8,16,24,22,11,GK,LB,CB,CB,RB,DCM,DCM,CAM,RM,LM,F,
30-45,1,CD,,,2,Possession Added,,Yes,,,,,,,,,,,,,,,,,1,7,3,19,12,2,8,16,24,22,11,GK,LB,CB,CB,RB,DCM,DCM,CAM,RM,LM,F,
30-45,1,LM,1,7,,,,,,,,,,,,,,,,,,,,,1,7,3,19,12,2,8,16,24,22,11,GK,LB,CB,CB,RB,DCM,DCM,CAM,RM,LM,F,1
30-45,7,CM,1,16,,,,,,,,,,,,,,,,,,,,,1,7,3,19,12,2,8,16,24,22,11,GK,LB,CB,CB,RB,DCM,DCM,CAM,RM,LM,F,1
30-45,16,CM,1,2,,,,,,,,,,,,,,,,,,,,,1,7,3,19,12,2,8,16,24,22,11,GK,LB,CB,CB,RB,DCM,DCM,CAM,RM,LM,F,2
30-45,2,CA,0,11,,,,,,,,,,,,,,,,,,,,,1,7,3,19,12,2,8,16,24,22,11,GK,LB,CB,CB,RB,DCM,DCM,CAM,RM,LM,F,1
30-45,3,CM,,,5,Play Disrupted,,,,,,,,,,,,,,,,,,,1,7,3,19,12,2,8,16,24,22,11,GK,LB,CB,CB,RB,DCM,DCM,CAM,RM,LM,F,
30-45,3,CM,,,4,Possession Added,,,,,,,,,,,,,,,,,,,1,7,3,19,12,2,8,16,24,22,11,GK,LB,CB,CB,RB,DCM,DCM,CAM,RM,LM,F,
30-45,3,RM,1,24,,,,,,,,,,,,,,,,,,,,,1,7,3,19,12,2,8,16,24,22,11,GK,LB,CB,CB,RB,DCM,DCM,CAM,RM,LM,F,2
30-45,24,RM,1,12,,,,,,,,,,,,,,,,,,,,,1,7,3,19,12,2,8,16,24,22,11,GK,LB,CB,CB,RB,DCM,DCM,CAM,RM,LM,F,3
30-45,12,RD,1,19,,,,,,,,,,,,,,,,,,,,,1,7,3,19,12,2,8,16,24,22,11,GK,LB,CB,CB,RB,DCM,DCM,CAM,RM,LM,F,3
30-45,19,CM,1,8,,,,,,,,,,,,,,,,,,,,,1,7,3,19,12,2,8,16,24,22,11,GK,LB,CB,CB,RB,DCM,DCM,CAM,RM,LM,F,2
30-45,8,CM,1,16,,,,,,,,,,,,,,,,,,,,,1,7,3,19,12,2,8,16,24,22,11,GK,LB,CB,CB,RB,DCM,DCM,CAM,RM,LM,F,6
30-45,16,CM,1,2,,,,,,,,,,,,,,,,,,,,,1,7,3,19,12,2,8,16,24,22,11,GK,LB,CB,CB,RB,DCM,DCM,CAM,RM,LM,F,1
30-45,2,RD,1,19,,,,,,,,,,,,,,,,,,,,,1,7,3,19,12,2,8,16,24,22,11,GK,LB,CB,CB,RB,DCM,DCM,CAM,RM,LM,F,1
30-45,19,CM,1,8,,,,,,,,,,,,,,,,,,,,,1,7,3,19,12,2,8,16,24,22,11,GK,LB,CB,CB,RB,DCM,DCM,CAM,RM,LM,F,2
30-45,8,CD,1,1,,,,,,,,,,,,,,,,,,,,,1,7,3,19,12,2,8,16,24,22,11,GK,LB,CB,CB,RB,DCM,DCM,CAM,RM,LM,F,1
30-45,1,LD,1,3,,,,,,,,,,,,,,,,,,,,,1,7,3,19,12,2,8,16,24,22,11,GK,LB,CB,CB,RB,DCM,DCM,CAM,RM,LM,F,3
30-45,3,CM,1,8,,,,,,,,,,,,,,,,,,,,,1,7,3,19,12,2,8,16,24,22,11,GK,LB,CB,CB,RB,DCM,DCM,CAM,RM,LM,F,3
30-45,8,LM,1,7,,,,,,,,,,,,,,,,,,,,,1,7,3,19,12,2,8,16,24,22,11,GK,LB,CB,CB,RB,DCM,DCM,CAM,RM,LM,F,2
30-45,7,LA,1,11,,,,,,,,,,,,,,,,,,,,,1,7,3,19,12,2,8,16,24,22,11,GK,LB,CB,CB,RB,DCM,DCM,CAM,RM,LM,F,3
30-45,11,LA,0,22,,,,,,,,,,,,,,,,,,,,,1,7,3,19,12,2,8,16,24,22,11,GK,LB,CB,CB,RB,DCM,DCM,CAM,RM,LM,F,1
30-45,7,CM,,,5,Possession Added,,,,,,,,,,,,,,,,,,,1,7,3,19,12,2,8,16,24,22,11,GK,LB,CB,CB,RB,DCM,DCM,CAM,RM,LM,F,
30-45,7,CM,1,11,,,,,,,,,,,,,,,,,,,,,1,7,3,19,12,2,8,16,24,22,11,GK,LB,CB,CB,RB,DCM,DCM,CAM,RM,LM,F,1
30-45,11,CM,1,8,,,,,,,,,,,,,,,,,,,,,1,7,3,19,12,2,8,16,24,22,11,GK,LB,CB,CB,RB,DCM,DCM,CAM,RM,LM,F,2
30-45,8,CM,1,11,,,,,,,,,,,,,,,,,,,,,1,7,3,19,12,2,8,16,24,22,11,GK,LB,CB,CB,RB,DCM,DCM,CAM,RM,LM,F,2
30-45,11,CM,,,,,,,,,,,,,,Run of Play,35,Shot Blocked,3,11,8,11,8,,1,7,3,19,12,2,8,16,24,22,11,GK,LB,CB,CB,RB,DCM,DCM,CAM,RM,LM,F,
30-45,7,LM,,,3,Play Disrupted,,,,,,,,,,,,,,,,,,,1,7,3,19,12,2,8,16,24,22,11,GK,LB,CB,CB,RB,DCM,DCM,CAM,RM,LM,F,
30-45,7,LM,,,4,Play Disrupted,Yes,,,,,,,,,,,,,,,,,,1,7,3,19,12,2,8,16,24,22,11,GK,LB,CB,CB,RB,DCM,DCM,CAM,RM,LM,F,
30-45,7,LD,,,3,Possession Added,,,,,,,,,,,,,,,,,,,1,7,3,19,12,2,8,16,24,22,11,GK,LB,CB,CB,RB,DCM,DCM,CAM,RM,LM,F,
30-45,7,LM,1,22,,,,,,,,,,,,,,,,,,,,,1,7,3,19,12,2,8,16,24,22,11,GK,LB,CB,CB,RB,DCM,DCM,CAM,RM,LM,F,1
30-45,22,LM,Possession Lost,,,,,,,,,,,,,,,,,,,,,,1,7,3,19,12,2,8,16,24,22,11,GK,LB,CB,CB,RB,DCM,DCM,CAM,RM,LM,F,3
30-45,2,CM,,,4,Play Disrupted,,,,,,,,,,,,,,,,,,,1,7,3,19,12,2,8,16,24,22,11,GK,LB,CB,CB,RB,DCM,DCM,CAM,RM,LM,F,
30-45,3,CD,,,5,Play Disrupted,,,,,,,,,,,,,,,,,,,1,7,3,19,12,2,8,16,24,22,11,GK,LB,CB,CB,RB,DCM,DCM,CAM,RM,LM,F,
30-45,19,CD,,,5,Play Disrupted,,,,,,,,,,,,,,,,,,,1,7,3,19,12,2,8,16,24,22,11,GK,LB,CB,CB,RB,DCM,DCM,CAM,RM,LM,F,
30-45,22,CM,,,4,Possession Added,,,,,,,,,,,,,,,,,,,1,7,3,19,12,2,8,16,24,22,11,GK,LB,CB,CB,RB,DCM,DCM,CAM,RM,LM,F,
30-45,22,CM,1,2,,,,,,,,,,,,,,,,,,,,,1,7,3,19,12,2,8,16,24,22,11,GK,LB,CB,CB,RB,DCM,DCM,CAM,RM,LM,F,1
30-45,2,RM,1,12,,,,,,,,,,,,,,,,,,,,,1,7,3,19,12,2,8,16,24,22,11,GK,LB,CB,CB,RB,DCM,DCM,CAM,RM,LM,F,3
30-45,12,RM,1,2,,,,,,,,,,,,,,,,,,,,,1,7,3,19,12,2,8,16,24,22,11,GK,LB,CB,CB,RB,DCM,DCM,CAM,RM,LM,F,3
30-45,2,RD,1,19,,,,,,,,,,,,,,,,,,,,,1,7,3,19,12,2,8,16,24,22,11,GK,LB,CB,CB,RB,DCM,DCM,CAM,RM,LM,F,1
30-45,19,RM,1,16,,,,,,,,,,,,,,,,,,,,,1,7,3,19,12,2,8,16,24,22,11,GK,LB,CB,CB,RB,DCM,DCM,CAM,RM,LM,F,2
30-45,16,RM,1,8,,,,,,,,,,,,,,,,,,,,,1,7,3,19,12,2,8,16,24,22,11,GK,LB,CB,CB,RB,DCM,DCM,CAM,RM,LM,F,5
30-45,8,RM,1,19,,,,,,,,,,,,,,,,,,,,,1,7,3,19,12,2,8,16,24,22,11,GK,LB,CB,CB,RB,DCM,DCM,CAM,RM,LM,F,3
30-45,19,RM,1,12,,,,,,,,,,,,,,,,,,,,,1,7,3,19,12,2,8,16,24,22,11,GK,LB,CB,CB,RB,DCM,DCM,CAM,RM,LM,F,3
30-45,12,RA,1,24,,,,,,,,,,,,,,,,,,,,,1,7,3,19,12,2,8,16,24,22,11,GK,LB,CB,CB,RB,DCM,DCM,CAM,RM,LM,F,3
30-45,24,CA,1,11,,,,,,,,,,,,,,,,,,,,,1,7,3,19,12,2,8,16,24,22,11,GK,LB,CB,CB,RB,DCM,DCM,CAM,RM,LM,F,5
30-45,11,CA,,,,,,,,,,,,,,Run of Play,18,SOG,9,11,24,12,19,8,1,7,3,19,12,2,8,16,24,22,11,GK,LB,CB,CB,RB,DCM,DCM,CAM,RM,LM,F,
30-45,8,LA,1,7,,,,,,,,,,,,,,,,,,,,,1,7,3,19,12,2,8,16,24,22,11,GK,LB,CB,CB,RB,DCM,DCM,CAM,RM,LM,F,1
30-45,7,LA,1,8,,,,,,,,,,,,,,,,,,,,,1,7,3,19,12,2,8,16,24,22,11,GK,LB,CB,CB,RB,DCM,DCM,CAM,RM,LM,F,2
30-45,8,CA,0,11,,,,,,,,,,,,,,,,,,,,,1,7,3,19,12,2,8,16,24,22,11,GK,LB,CB,CB,RB,DCM,DCM,CAM,RM,LM,F,2
30-45,7,LA,1,17,,,,,,,,,,,,,,,,,,,,,1,7,3,19,12,2,8,16,24,22,11,GK,LB,CB,CB,RB,DCM,DCM,CAM,RM,LM,F,1
30-45,17,LA,1,7,,,,,,,,,,,,,,,,,,,,,1,7,3,19,12,2,8,16,24,22,11,GK,LB,CB,CB,RB,DCM,DCM,CAM,RM,LM,F,2
30-45,7,LM,1,16,,,,,,,,,,,,,,,,,,,,,1,7,3,19,12,2,8,16,24,22,11,GK,LB,CB,CB,RB,DCM,DCM,CAM,RM,LM,F,3
30-45,16,CM,1,2,,,,,,,,,,,,,,,,,,,,,1,7,3,19,12,2,8,16,24,22,11,GK,LB,CB,CB,RB,DCM,DCM,CAM,RM,LM,F,2
30-45,2,RM,1,12,,,,,,,,,,,,,,,,,,,,,1,7,3,19,12,2,8,16,24,22,11,GK,LB,CB,CB,RB,DCM,DCM,CAM,RM,LM,F,2
30-45,12,CA,1,17,,,,,,,,,,,,,,,,,,,,,1,7,3,19,12,2,8,16,24,22,11,GK,LB,CB,CB,RB,DCM,DCM,CAM,RM,LM,F,2
30-45,17,CA,0,24,,,,,,,,,,,,,,,,,,,,,1,7,3,19,12,2,8,16,24,22,11,GK,LB,CB,CB,RB,DCM,DCM,CAM,RM,LM,F,1
30-45,11,CA,,,0,Play Disrupted,Yes,,,,,,,,,,,,,,,,,,1,7,3,19,12,2,8,16,24,22,11,GK,LB,CB,CB,RB,DCM,DCM,CAM,RM,LM,F,
30-45,3,LD,,,5,Possession Added,,,,,,,,,,,,,,,,,,,1,7,3,19,12,2,8,16,24,22,11,GK,LB,CB,CB,RB,DCM,DCM,CAM,RM,LM,F,
30-45,3,CD,1,1,,,,,,,,,,,,,,,,,,,,,1,7,3,19,12,2,8,16,24,22,11,GK,LB,CB,CB,RB,DCM,DCM,CAM,RM,LM,F,2
30-45,1,RD,1,19,,,,,,,,,,,,,,,,,,,,,1,7,3,19,12,2,8,16,24,22,11,GK,LB,CB,CB,RB,DCM,DCM,CAM,RM,LM,F,4
30-45,19,RA,0,16,,,,,,,,,,,,,,,,,,,,,1,7,3,19,12,2,8,16,24,22,11,GK,LB,CB,CB,RB,DCM,DCM,CAM,RM,LM,F,2
30-45,2,CM,,,2,Possession Added,,,,,,,,,,,,,,,,,,,1,7,3,19,12,2,8,16,24,22,11,GK,LB,CB,CB,RB,DCM,DCM,CAM,RM,LM,F,
30-45,2,CM,1,16,,,,,,,,,,,,,,,,,,,,,1,7,3,19,12,2,8,16,24,22,11,GK,LB,CB,CB,RB,DCM,DCM,CAM,RM,LM,F,2
45-60,1,CD,,,2,Possession Added,,,,,,,,,,,,,,,,,,,1,7,3,19,12,2,8,18,24,17,9,GK,LB,CB,CB,RB,DCM,DCM,CAM,RM,LM,F,
45-60,1,CD,1,8,,,,,,,,,,,,,,,,,,,,,1,7,3,19,12,2,8,18,24,17,9,GK,LB,CB,CB,RB,DCM,DCM,CAM,RM,LM,F,1
45-60,8,LD,1,3,,,,,,,,,,,,,,,,,,,,,1,7,3,19,12,2,8,18,24,17,9,GK,LB,CB,CB,RB,DCM,DCM,CAM,RM,LM,F,4
45-60,3,CM,1,8,,,,,,,,,,,,,,,,,,,,,1,7,3,19,12,2,8,18,24,17,9,GK,LB,CB,CB,RB,DCM,DCM,CAM,RM,LM,F,2
45-60,8,RM,1,19,,,,,,,,,,,,,,,,,,,,,1,7,3,19,12,2,8,18,24,17,9,GK,LB,CB,CB,RB,DCM,DCM,CAM,RM,LM,F,2
45-60,19,CD,1,1,,,,,,,,,,,,,,,,,,,,,1,7,3,19,12,2,8,18,24,17,9,GK,LB,CB,CB,RB,DCM,DCM,CAM,RM,LM,F,2
45-60,1,CD,1,8,,,,,,,,,,,,,,,,,,,,,1,7,3,19,12,2,8,18,24,17,9,GK,LB,CB,CB,RB,DCM,DCM,CAM,RM,LM,F,2
45-60,8,CM,1,18,,,,,,,,,,,,,,,,,,,,,1,7,3,19,12,2,8,18,17,17,9,GK,LB,CB,CB,RB,DCM,DCM,CAM,RM,LM,F,2
45-60,18,LA,0,7,,,,,,,,,,,,,,,,,,,,,1,7,3,19,12,2,8,18,24,17,9,GK,LB,CB,CB,RB,DCM,DCM,CAM,RM,LM,F,3
45-60,7,LA,1,18,,,,,,,,,,,,,,,,,,,,,1,7,3,19,12,2,8,18,24,17,9,GK,LB,CB,CB,RB,DCM,DCM,CAM,RM,LM,F,1
45-60,18,LA,1,7,,,,,,,,,,,,,,,,,,,,,1,7,3,19,12,2,8,18,24,17,9,GK,LB,CB,CB,RB,DCM,DCM,CAM,RM,LM,F,1
45-60,7,CA,0,,,,,,,,,,,,,,,,,,,,,,1,7,3,19,12,2,8,18,24,17,9,GK,LB,CB,CB,RB,DCM,DCM,CAM,RM,LM,F,3
45-60,18,CM,,,3,Possession Added,,,,,,,,,,,,,,,,,,,1,7,3,19,12,8,2,18,24,17,9,GK,LB,CB,CB,RB,DCM,DCM,CAM,RM,LM,F,
45-60,18,LM,1,17,,,,,,,,,,,,,,,,,,,,,1,7,3,19,12,8,2,18,24,17,9,GK,LB,CB,CB,RB,DCM,DCM,CAM,RM,LM,F,7
45-60,17,CA,1,9,,,,,,,,,,,,,,,,,,,,,1,7,3,19,12,8,2,18,24,17,9,GK,LB,CB,CB,RB,DCM,DCM,CAM,RM,LM,F,3
45-60,9,CA,1,8,,,,,,,,,,,,,,,,,,,,,1,7,3,19,12,8,2,18,24,17,9,GK,LB,CB,CB,RB,DCM,DCM,CAM,RM,LM,F,2
45-60,8,CA,,,,,,,,,,,,,,Run of Play,25,SOG,3,8,9,17,18,,1,7,3,19,12,8,2,18,24,17,9,GK,LB,CB,CB,RB,DCM,DCM,CAM,RM,LM,F,
45-60,2,LM,,,2,Play Disrupted,,,,,,,,,,,,,,,,,,,1,7,3,19,12,8,2,18,24,17,9,GK,LB,CB,CB,RB,DCM,DCM,CAM,RM,LM,F,
45-60,12,RM,,,6,Play Disrupted,,,,,,,,,,,,,,,,,,,1,7,3,19,12,8,2,18,24,17,9,GK,LB,CB,CB,RB,DCM,DCM,CAM,RM,LM,F,
45-60,18,LM,,,0,Possession Added,,,,,,,,,,,,,,,,,,,1,7,3,19,12,8,2,18,24,17,9,GK,LB,CB,CB,RB,DCM,DCM,CAM,RM,LM,F,
45-60,18,RA,0,9,,,,,,,,,,,,,,,,,,,,,1,7,3,19,12,8,2,18,24,17,9,GK,LB,CB,CB,RB,DCM,DCM,CAM,RM,LM,F,3
45-60,7,LM,,,0,Possession Added,,,,,,,,,,,,,,,,,,,1,7,3,19,12,8,2,18,24,17,9,GK,LB,CB,CB,RB,DCM,DCM,CAM,RM,LM,F,
45-60,7,LM,1,18,,,,,,,,,,,,,,,,,,,,,1,7,3,19,12,8,2,18,24,17,9,GK,LB,CB,CB,RB,DCM,DCM,CAM,RM,LM,F,1
45-60,18,LM,1,7,,,,,,,,,,,,,,,,,,,,,1,7,3,19,12,8,2,18,24,17,9,GK,LB,CB,CB,RB,DCM,DCM,CAM,RM,LM,F,1
45-60,7,LA,0,17,,,,,,,,,,,,,,,,,,,,,1,7,3,19,12,8,2,18,24,17,9,GK,LB,CB,CB,RB,DCM,DCM,CAM,RM,LM,F,1
45-60,24,RM,,,1,Possession Added,,,,,,,,,,,,,,,,,,,1,7,3,19,12,8,2,18,24,17,9,GK,LB,CB,CB,RB,DCM,DCM,CAM,RM,LM,F,
45-60,24,RM,1,12,,,,,,,,,,,,,,,,,,,,,1,7,3,19,12,8,2,18,24,17,9,GK,LB,CB,CB,RB,DCM,DCM,CAM,RM,LM,F,3
45-60,12,RA,0,24,,,,,,,,,,,,,,,,,,,,,1,7,3,19,12,8,2,18,24,17,9,GK,LB,CB,CB,RB,DCM,DCM,CAM,RM,LM,F,2
45-60,7,CM,,,3,Possession Added,,Yes,,,,,,,,,,,,,,,,,1,7,3,19,12,8,2,18,24,17,9,GK,LB,CB,CB,RB,DCM,DCM,CAM,RM,LM,F,
45-60,3,CM,1,18,,,,,,,,,,,,,,,,,,,,,1,7,3,19,12,8,2,18,24,17,9,GK,LB,CB,CB,RB,DCM,DCM,CAM,RM,LM,F,1
45-60,18,LA,1,17,,,,,,,,,,,,,,,,,,,,,1,7,3,19,12,8,2,18,24,17,9,GK,LB,CB,CB,RB,DCM,DCM,CAM,RM,LM,F,2
45-60,17,CA,1,18,,,,,,,,,,,,Run of Play,5,SOG,3,18,17,18,3,,1,7,3,19,12,8,2,18,24,17,9,GK,LB,CB,CB,RB,DCM,DCM,CAM,RM,LM,F,3
45-60,18,CA,1,2,,,,,,,,,,,,Set Piece,10,SOG,1,2,18,,,,1,7,3,19,12,8,2,18,24,17,9,GK,LB,CB,CB,RB,DCM,DCM,CAM,RM,LM,F,1
45-60,24,RM,,,1,Play Disrupted,,,,,,,,,,,,,,,,,,,1,7,3,19,12,8,2,18,24,17,9,GK,LB,CB,CB,RB,DCM,DCM,CAM,RM,LM,F,
45-60,12,RM,,,1,Play Disrupted,Yes,,,,,,,,,,,,,,,,,,1,7,3,19,12,8,2,18,24,17,9,GK,LB,CB,CB,RB,DCM,DCM,CAM,RM,LM,F,
45-60,12,RD,,,4,Possession Added,,,,,,,,,,,,,,,,,,,1,7,3,19,12,8,2,18,24,17,9,GK,LB,CB,CB,RB,DCM,DCM,CAM,RM,LM,F,
45-60,12,RM,1,18,,,,,,,,,,,,,,,,,,,,,1,7,3,19,12,8,2,18,24,17,9,GK,LB,CB,CB,RB,DCM,DCM,CAM,RM,LM,F,2
45-60,18,CM,1,8,,,,,,,,,,,,,,,,,,,,,1,7,3,19,12,8,2,18,24,17,9,GK,LB,CB,CB,RB,DCM,DCM,CAM,RM,LM,F,2
45-60,8,CM,1,2,,,,,,,,,,,,,,,,,,,,,1,7,3,19,12,8,2,18,24,17,9,GK,LB,CB,CB,RB,DCM,DCM,CAM,RM,LM,F,2
45-60,2,CM,1,18,,,,,,,,,,,,,,,,,,,,,1,7,3,19,12,8,2,18,24,17,9,GK,LB,CB,CB,RB,DCM,DCM,CAM,RM,LM,F,3
45-60,18,CA,1,8,,,,,,,,,,,,,,,,,,,,,1,7,3,19,12,8,2,18,24,17,9,GK,LB,CB,CB,RB,DCM,DCM,CAM,RM,LM,F,6
45-60,8,LA,1,7,,,,,,,,,,,,,,,,,,,,,1,7,3,19,12,8,2,18,24,17,9,GK,LB,CB,CB,RB,DCM,DCM,CAM,RM,LM,F,3
45-60,7,LM,1,2,,,,,,,,,,,,,,,,,,,,,1,7,3,19,12,8,2,18,24,17,9,GK,LB,CB,CB,RB,DCM,DCM,CAM,RM,LM,F,2
45-60,3,LA,1,8,,,,,,,,,,,,,,,,,,,,,1,7,3,19,12,8,2,18,24,17,9,GK,LB,CB,CB,RB,DCM,DCM,CAM,RM,LM,F,2
45-60,8,LA,0,7,,,,,,,,,,,,,,,,,,,,,1,7,3,19,12,8,2,18,24,17,9,GK,LB,CB,CB,RB,DCM,DCM,CAM,RM,LM,F,3
45-60,19,CD,,,6,Play Disrupted,,,,,,,,,,,,,,,,,,,1,7,3,19,12,8,2,18,24,17,9,GK,LB,CB,CB,RB,DCM,DCM,CAM,RM,LM,F,
45-60,24,RM,,,2,Possession Added,,,,,,,,,,,,,,,,,,,1,7,3,19,12,8,2,18,24,17,9,GK,LB,CB,CB,RB,DCM,DCM,CAM,RM,LM,F,
45-60,24,RM,1,9,,,,,,,,,,,,,,,,,,,,,1,7,3,19,12,8,2,18,24,17,9,GK,LB,CB,CB,RB,DCM,DCM,CAM,RM,LM,F,2
45-60,9,CM,1,18,,,,,,,,,,,,,,,,,,,,,1,7,3,19,12,8,2,18,24,17,9,GK,LB,CB,CB,RB,DCM,DCM,CAM,RM,LM,F,1
45-60,18,CM,1,8,,,,,,,,,,,,,,,,,,,,,1,7,3,19,12,8,2,18,24,17,9,GK,LB,CB,CB,RB,DCM,DCM,CAM,RM,LM,F,3
45-60,8,CA,,,,,,,,,,,,,,Run of Play,30,SOT,3,8,18,9,24,,1,7,3,19,12,8,2,18,24,17,9,GK,LB,CB,CB,RB,DCM,DCM,CAM,RM,LM,F,
45-60,18,CM,,,0,Possession Added,,,,,,,,,,,,,,,,,,,1,7,3,19,12,8,2,18,24,17,9,GK,LB,CB,CB,RB,DCM,DCM,CAM,RM,LM,F,
45-60,18,LM,1,9,,,,,,,,,,,,,,,,,,,,,1,7,3,19,12,8,2,18,24,17,9,GK,LB,CB,CB,RB,DCM,DCM,CAM,RM,LM,F,3
45-60,9,LA,0,17,,,,,,,,,,,,,,,,,,,,,1,7,3,19,12,8,2,18,24,17,9,GK,LB,CB,CB,RB,DCM,DCM,CAM,RM,LM,F,3
45-60,7,LA,1,9,,,,,,,,,,,,,,,,,,,,,1,7,3,19,12,8,2,18,24,17,9,GK,LB,CB,CB,RB,DCM,DCM,CAM,RM,LM,F,1
45-60,9,LA,1,18,,,,,,,,,,,,,,,,,,,,,1,7,3,19,12,8,2,18,24,17,9,GK,LB,CB,CB,RB,DCM,DCM,CAM,RM,LM,F,2
45-60,18,CA,0,24,,,,,,,,,,,,,,,,,,,,,1,7,3,19,12,8,2,18,24,17,9,GK,LB,CB,CB,RB,DCM,DCM,CAM,RM,LM,F,1
45-60,7,LA,,,2,Possession Added,,,,,,,,,,,,,,,,,,,1,7,3,19,12,8,2,18,24,17,9,GK,LB,CB,CB,RB,DCM,DCM,CAM,RM,LM,F,
45-60,7,CA,0,9,,,Yes,,,,,,,,,,,,,,,,,,1,7,3,19,12,8,2,18,24,17,9,GK,LB,CB,CB,RB,DCM,DCM,CAM,RM,LM,F,1
45-60,18,LM,,,5,Possession Added,,,,,,,,,,,,,,,,,,,1,7,3,19,12,8,2,18,24,17,9,GK,LB,CB,CB,RB,DCM,DCM,CAM,RM,LM,F,
45-60,18,CM,1,24,,,,,,,,,,,,,,,,,,,,,1,7,3,19,12,8,2,18,24,17,9,GK,LB,CB,CB,RB,DCM,DCM,CAM,RM,LM,F,2
45-60,24,RM,1,12,,,,,,,,,,,,,,,,,,,,,1,7,3,19,12,8,2,18,24,17,9,GK,LB,CB,CB,RB,DCM,DCM,CAM,RM,LM,F,2
45-60,12,RA,Possession Lost,,,,,,,,,,,,,,,,,,,,,,1,7,3,19,12,8,2,18,24,17,9,GK,LB,CB,CB,RB,DCM,DCM,CAM,RM,LM,F,3
45-60,19,CD,,,0,Possession Added,,,,,,,,,,,,,,,,,,,1,7,3,19,12,8,2,18,24,17,9,GK,LB,CB,CB,RB,DCM,DCM,CAM,RM,LM,F,
45-60,19,CD,1,3,,,,,,,,,,,,,,,,,,,,,1,7,3,19,12,8,2,18,24,17,9,GK,LB,CB,CB,RB,DCM,DCM,CAM,RM,LM,F,2
45-60,3,CD,1,1,,,,,,,,,,,,,,,,,,,,,1,7,3,19,12,8,2,18,24,17,9,GK,LB,CB,CB,RB,DCM,DCM,CAM,RM,LM,F,2
45-60,1,CD,1,3,,,,,,,,,,,,,,,,,,,,,1,7,3,19,12,8,2,18,24,17,9,GK,LB,CB,CB,RB,DCM,DCM,CAM,RM,LM,F,2
45-60,3,CM,1,2,,,,,,,,,,,,,,,,,,,,,1,7,3,19,12,8,2,18,24,17,9,GK,LB,CB,CB,RB,DCM,DCM,CAM,RM,LM,F,3
45-60,2,CM,1,8,,,,,,,,,,,,,,,,,,,,,1,7,3,19,12,8,2,18,24,17,9,GK,LB,CB,CB,RB,DCM,DCM,CAM,RM,LM,F,2
45-60,8,LM,1,17,,,,,,,,,,,,,,,,,,,,,1,7,3,19,12,8,2,18,24,17,9,GK,LB,CB,CB,RB,DCM,DCM,CAM,RM,LM,F,3
45-60,17,LM,1,3,,,,,,,,,,,,,,,,,,,,,1,7,3,19,12,8,2,18,24,17,9,GK,LB,CB,CB,RB,DCM,DCM,CAM,RM,LM,F,3
45-60,3,RM,1,19,,,,,,,,,,,,,,,,,,,,,1,7,3,19,12,8,2,18,24,17,9,GK,LB,CB,CB,RB,DCM,DCM,CAM,RM,LM,F,2
45-60,19,CM,1,2,,,,,,,,,,,,,,,,,,,,,1,7,3,19,12,8,2,18,24,17,9,GK,LB,CB,CB,RB,DCM,DCM,CAM,RM,LM,F,3
45-60,2,CM,1,17,,,,,,,,,,,,,,,,,,,,,1,7,3,19,12,8,2,18,24,17,9,GK,LB,CB,CB,RB,DCM,DCM,CAM,RM,LM,F,2
45-60,17,CM,Possession Lost,,,,,,,,,,,,,,,,,,,,,,1,7,3,19,12,8,2,18,24,17,9,GK,LB,CB,CB,RB,DCM,DCM,CAM,RM,LM,F,3
45-60,3,CM,,,0,Possession Added,,,,,,,,,,,,,,,,,,,1,7,3,19,12,8,2,18,24,17,9,GK,LB,CB,CB,RB,DCM,DCM,CAM,RM,LM,F,
45-60,3,LM,1,8,,,,,,,,,,,,,,,,,,,,,1,7,3,19,12,8,2,18,24,17,9,GK,LB,CB,CB,RB,DCM,DCM,CAM,RM,LM,F,2
45-60,8,CA,1,9,,,,,,,,,,,,,,,,,,,,,1,7,3,19,12,8,2,18,24,17,9,GK,LB,CB,CB,RB,DCM,DCM,CAM,RM,LM,F,2
45-60,9,CA,1,18,,,,,,,,,,,,,,,,,,,,,1,7,3,19,12,8,2,18,24,17,9,GK,LB,CB,CB,RB,DCM,DCM,CAM,RM,LM,F,3
45-60,18,CA,,,,,,,,,,,,,,Run of Play,30,SOG,3,18,9,8,3,,1,7,3,19,12,8,2,18,24,17,9,GK,LB,CB,CB,RB,DCM,DCM,CAM,RM,LM,F,
45-60,3,CD,,,6,Possession Added,,,,,,,,,,,,,,,,,,,1,7,3,19,12,8,2,18,24,17,9,GK,LB,CB,CB,RB,DCM,DCM,CAM,RM,LM,F,
45-60,3,CM,1,17,,,,,,,,,,,,,,,,,,,,,1,7,3,19,12,8,2,18,24,17,9,GK,LB,CB,CB,RB,DCM,DCM,CAM,RM,LM,F,1
45-60,17,CM,0,9,,,,,,,,,,,,,,,,,,,,,1,7,3,19,12,8,2,18,24,17,9,GK,LB,CB,CB,RB,DCM,DCM,CAM,RM,LM,F,3
45-60,7,LD,,,2,Possession Added,,,,,,,,,,,,,,,,,,,1,7,3,19,12,8,2,18,24,17,9,GK,LB,CB,CB,RB,DCM,DCM,CAM,RM,LM,F,
45-60,7,CM,1,9,,,,,,,,,,,,,,,,,,,,,1,7,3,19,12,8,2,18,24,17,9,GK,LB,CB,CB,RB,DCM,DCM,CAM,RM,LM,F,1
45-60,9,CA,Possession Lost,,,,,,,,,,,,,,,,,,,,,,1,7,3,19,12,8,2,18,24,17,9,GK,LB,CB,CB,RB,DCM,DCM,CAM,RM,LM,F,4
45-60,24,RM,,,3,Play Disrupted,Yes,,,,,,,,,,,,,,,,,,1,7,3,19,12,8,2,18,24,17,9,GK,LB,CB,CB,RB,DCM,DCM,CAM,RM,LM,F,
45-60,8,CM,,,6,Possession Added,,,,,,,,,,,,,,,,,,,1,7,3,19,12,8,2,18,24,17,9,GK,LB,CB,CB,RB,DCM,DCM,CAM,RM,LM,F,
45-60,8,CA,1,17,,,,,,,,,,,,,,,,,,,,,1,7,3,19,12,8,2,18,24,17,9,GK,LB,CB,CB,RB,DCM,DCM,CAM,RM,LM,F,7
45-60,17,CA,0,,,,,,,,,,,,,,,,,,,,,,1,7,3,19,12,8,2,18,24,17,9,GK,LB,CB,CB,RB,DCM,DCM,CAM,RM,LM,F,3
60-75,12,CA,0,11,,,,,,,,,,,,,,,,,,,,,1,7,3,19,12,8,2,18,15,17,11,GK,LB,CB,CB,RB,DCM,DCM,CAM,RM,LM,F,1
60-75,2,CM,,,3,Possession Added,,,,,,,,,,,,,,,,,,,1,7,3,19,12,8,2,18,15,17,11,GK,LB,CB,CB,RB,DCM,DCM,CAM,RM,LM,F,
60-75,2,CA,0,17,,,,,,,,,,,,,,,,,,,,,1,7,3,19,12,8,2,18,15,17,11,GK,LB,CB,CB,RB,DCM,DCM,CAM,RM,LM,F,5
60-75,15,CM,,,,,,Yes,,,,,,,,,,,,,,,,,1,7,3,19,12,8,2,18,15,17,11,GK,LB,CB,CB,RB,DCM,DCM,CAM,RM,LM,F,
60-75,8,RM,1,19,,,,,,,,,,,,,,,,,,,,,1,7,3,19,12,8,2,18,15,17,11,GK,LB,CB,CB,RB,DCM,DCM,CAM,RM,LM,F,1
60-75,19,RM,1,12,,,,,,,,,,,,,,,,,,,,,1,7,3,19,12,8,2,18,15,17,11,GK,LB,CB,CB,RB,DCM,DCM,CAM,RM,LM,F,4
60-75,12,CA,0,11,,,,,,,,,,,,,,,,,,,,,1,7,3,19,12,8,2,18,15,17,11,GK,LB,CB,CB,RB,DCM,DCM,CAM,RM,LM,F,2
60-75,12,CA,1,11,,,,,,,,,,,,,,,,,,,,,1,7,3,19,12,8,2,18,15,17,11,GK,LB,CB,CB,RB,DCM,DCM,CAM,RM,LM,F,1
60-75,11,CA,1,17,,,,,,,,,,,,Run of Play,6,SOT,2,17,11,12,,,1,7,3,19,12,8,2,18,15,17,11,GK,LB,CB,CB,RB,DCM,DCM,CAM,RM,LM,F,1
60-75,12,RM,,,6,Possession Added,,,,,,,,,,,,,,,,,,,1,7,3,19,12,8,2,18,15,17,11,GK,LB,CB,CB,RB,DCM,DCM,CAM,RM,LM,F,
60-75,12,CA,0,11,,,,,,,,,,,,,,,,,,,,,1,7,3,19,12,8,2,18,15,17,11,GK,LB,CB,CB,RB,DCM,DCM,CAM,RM,LM,F,1
60-75,2,CM,,,3,Possession Added,,,,,,,,,,,,,,,,,,,1,7,3,19,12,8,2,18,15,17,11,GK,LB,CB,CB,RB,DCM,DCM,CAM,RM,LM,F,
60-75,1,LM,1,7,,,,,,,,,,,,,,,,,,,,,1,7,3,19,12,8,2,18,15,17,11,GK,LB,CB,CB,RB,DCM,DCM,CAM,RM,LM,F,2
60-75,7,LD,1,3,,,,,,,,,,,,,,,,,,,,,1,7,3,19,12,8,2,18,15,17,11,GK,LB,CB,CB,RB,DCM,DCM,CAM,RM,LM,F,2
60-75,3,CM,1,18,,,,,,,,,,,,,,,,,,,,,1,7,3,19,12,8,2,18,15,17,11,GK,LB,CB,CB,RB,DCM,DCM,CAM,RM,LM,F,2
60-75,18,CM,1,8,,,,,,,,,,,,,,,,,,,,,1,7,3,19,12,8,2,18,15,17,11,GK,LB,CB,CB,RB,DCM,DCM,CAM,RM,LM,F,3
60-75,8,LM,0,17,,,,,,,Yes,,,,,,,,,,,,,,1,7,3,19,12,8,2,18,15,17,11,GK,LB,CB,CB,RB,DCM,DCM,CAM,RM,LM,F,2
60-75,1,CD,,,1,Possession Added,,,,,,,,,,,,,,,,,,,1,7,3,19,12,8,2,18,15,17,11,GK,LB,CB,CB,RB,DCM,DCM,CAM,RM,LM,F,
60-75,1,RD,1,19,,,,,,,,,,,,,,,,,,,,,1,7,3,19,12,8,2,18,15,17,11,GK,LB,CB,CB,RB,DCM,DCM,CAM,RM,LM,F,1
60-75,19,CD,1,1,,,,,,,,,,,,,,,,,,,,,1,7,3,19,12,8,2,18,15,17,11,GK,LB,CB,CB,RB,DCM,DCM,CAM,RM,LM,F,2
60-75,1,LD,1,3,,,,,,,,,,,,,,,,,,,,,1,7,3,19,12,8,2,18,15,17,11,GK,LB,CB,CB,RB,DCM,DCM,CAM,RM,LM,F,2
60-75,3,CM,0,17,,,,,,,,,,,,,,,,,,,,,1,7,3,19,12,8,2,18,15,17,11,GK,LB,CB,CB,RB,DCM,DCM,CAM,RM,LM,F,2
60-75,1,CD,,,4,Possession Added,,,,,,,,,,,,,,,,,,,1,7,3,19,12,8,2,18,15,17,11,GK,LB,CB,CB,RB,DCM,DCM,CAM,RM,LM,F,
60-75,1,LD,1,7,,,,,,,,,,,,,,,,,,,,,1,7,3,19,12,8,2,18,15,17,11,GK,LB,CB,CB,RB,DCM,DCM,CAM,RM,LM,F,1
60-75,7,CM,1,2,,,,,,,,,,,,,,,,,,,,,1,7,3,19,12,8,2,18,15,17,11,GK,LB,CB,CB,RB,DCM,DCM,CAM,RM,LM,F,2
60-75,2,LD,Possession Lost,3,,,,,,,,,,,,,,,,,,,,,1,7,3,19,12,8,2,18,15,17,11,GK,LB,CB,CB,RB,DCM,DCM,CAM,RM,LM,F,1
60-75,1,CD,,,2,Possession Added,,,,,opp.,,,,,,,,,,,,,,1,7,3,19,12,8,2,18,15,17,11,GK,LB,CB,CB,RB,DCM,DCM,CAM,RM,LM,F,
60-75,1,CM,0,11,,,,,,,,,,,,,,,,,,,,,1,7,3,19,12,8,2,18,15,17,11,GK,LB,CB,CB,RB,DCM,DCM,CAM,RM,LM,F,1
60-75,12,RD,,,3,Play Disrupted,,,,,,,,,,,,,,,,,,,1,7,3,19,12,8,2,18,15,17,11,GK,LB,CB,CB,RB,DCM,DCM,CAM,RM,LM,F,
60-75,7,LD,,,2,Possession Added,,,,,,,,,,,,,,,,,,,1,7,3,19,12,8,2,18,15,17,11,GK,LB,CB,CB,RB,DCM,DCM,CAM,RM,LM,F,
60-75,7,LM,1,18,,,,,,,,,,,,,,,,,,,,,1,7,3,19,12,16,8,18,22,15,11,GK,LB,CB,CB,RB,DCM,DCM,CAM,LM,RM,F,1
60-75,18,LA,0,11,,,Yes,,,,,,,,,,,,,,,,,,1,7,3,19,12,16,8,18,22,15,11,GK,LB,CB,CB,RB,DCM,DCM,CAM,LM,RM,F,2
60-75,,,,,,,,,,,,,,,,,,,,,,,,,1,7,3,19,12,16,8,18,22,15,11,GK,LB,CB,CB,RB,DCM,DCM,CAM,LM,RM,F,
60-75,15,RM,,,5,Play Disrupted,,,,,,,,,,,,,,,,,,,1,7,3,19,12,16,8,18,22,15,9,GK,LB,CB,CB,RB,DCM,DCM,CAM,LM,RM,F,
60-75,1,CD,,,4,Possession Added,,,,,,,,,,,,,,,,,,,1,7,3,19,12,16,8,18,22,15,9,GK,LB,CB,CB,RB,DCM,DCM,CAM,LM,RM,F,
60-75,12,RM,,,5,Play Disrupted,,,,,,,,,,,,,,,,,,,1,7,3,19,12,16,8,18,22,15,9,GK,LB,CB,CB,RB,DCM,DCM,CAM,LM,RM,F,
60-75,16,RM,,,6,Possession Added,,,,,,,,,,,,,,,,,,,1,7,3,19,12,16,8,18,22,15,9,GK,LB,CB,CB,RB,DCM,DCM,CAM,LM,RM,F,
60-75,12,RM,1,22,,,,,,,,,,,,,,,,,,,,,1,7,3,19,12,16,8,18,22,15,9,GK,LB,CB,CB,RB,DCM,DCM,CAM,LM,RM,F,1
60-75,22,RA,Possession Lost,,,,,,,,,,,,,,,,,,,,,,1,7,3,19,12,16,8,18,22,15,9,GK,LB,CB,CB,RB,DCM,DCM,CAM,LM,RM,F,6
60-75,22,RA,,,,,Yes,,,,,,,,,,,,,,,,,,1,7,3,19,12,16,8,18,22,15,9,GK,LB,CB,CB,RB,DCM,DCM,CAM,LM,RM,F,
60-75,7,LD,,,8,Possession Added,,,,,,,,,,,,,,,,,,,1,7,3,19,12,16,8,18,22,15,11,GK,LB,CB,CB,RB,DCM,DCM,CAM,LM,RM,F,
60-75,7,LM,1,8,,,,Yes,,,,,,,,,,,,,,,,,1,7,3,19,12,16,8,18,22,15,11,GK,LB,CB,CB,RB,DCM,DCM,CAM,LM,RM,F,1
60-75,,,,,,,,,opp.,,,,,,,,,,,,,,,,1,7,3,19,12,16,8,18,22,15,11,GK,LB,CB,CB,RB,DCM,DCM,CAM,LM,RM,F,
60-75,15,CA,0,,,,,,,,,,,,,,,,,,,,,,1,7,3,19,12,16,8,18,22,15,11,GK,LB,CB,CB,RB,DCM,DCM,CAM,LM,RM,F,1
60-75,1,CM,,,0,Play Disrupted,,,,,,,,,,,,,,,,,,,1,7,3,19,12,16,8,18,22,15,11,GK,LB,CB,CB,RB,DCM,DCM,CAM,LM,RM,F,
60-75,1,CD,,,5,Possession Added,,,,,,,,,,,,,,,,,,,1,7,3,19,12,16,8,18,22,15,11,GK,LB,CB,CB,RB,DCM,DCM,CAM,LM,RM,F,
60-75,1,RD,1,19,,,,,,,,,,,,,,,,,,,,,1,7,3,19,12,16,8,18,22,15,11,GK,LB,CB,CB,RB,DCM,DCM,CAM,LM,RM,F,1
60-75,19,RM,0,11,,,,,,,,,,,,,,,,,,,,,1,7,3,19,12,16,8,18,22,15,11,GK,LB,CB,CB,RB,DCM,DCM,CAM,LM,RM,F,2
60-75,1,CD,,,3,Possession Added,,,,,,,,,,,,,,,,,,,1,7,3,19,12,16,8,18,22,15,11,GK,LB,CB,CB,RB,DCM,DCM,CAM,LM,RM,F,
60-75,1,CD,1,8,,,,,,,,,,,,,,,,,,,,,1,7,3,19,12,16,8,18,22,15,11,GK,LB,CB,CB,RB,DCM,DCM,CAM,LM,RM,F,1
60-75,8,RM,1,12,,,,,,,,,,,,,,,,,,,,,1,7,3,19,12,16,8,18,22,15,11,GK,LB,CB,CB,RB,DCM,DCM,CAM,LM,RM,F,3
60-75,12,CM,1,8,,,,,,,,,,,,,,,,,,,,,1,7,3,19,12,16,8,18,22,15,11,GK,LB,CB,CB,RB,DCM,DCM,CAM,LM,RM,F,2
60-75,8,CM,1,16,,,,,,,,,,,,,,,,,,,,,1,7,3,19,12,16,8,18,22,15,11,GK,LB,CB,CB,RB,DCM,DCM,CAM,LM,RM,F,2
60-75,16,CD,1,3,,,,,,,,,,,,,,,,,,,,,1,7,3,19,12,16,8,18,22,15,11,GK,LB,CB,CB,RB,DCM,DCM,CAM,LM,RM,F,2
60-75,3,LM,1,7,,,,Yes,,,,,,,,,,,,,,,,,1,7,3,19,12,16,8,18,22,15,11,GK,LB,CB,CB,RB,DCM,DCM,CAM,LM,RM,F,2
60-75,7,LA,0,16,,,,,,,,,,,,,,,,,,,,,1,7,3,19,12,16,8,18,22,15,11,GK,LB,CB,CB,RB,DCM,DCM,CAM,LM,RM,F,1
60-75,3,LM,,,2,Possession Added,,,,,,,,,,,,,,,,,,,1,7,3,19,12,16,8,18,22,15,11,GK,LB,CB,CB,RB,DCM,DCM,CAM,LM,RM,F,
60-75,3,CD,1,1,,,,,,,,,,,,,,,,,,,,,1,7,3,19,12,16,8,18,22,15,11,GK,LB,CB,CB,RB,DCM,DCM,CAM,LM,RM,F,3
60-75,1,RD,1,19,,,,,,,,,,,,,,,,,,,,,1,7,3,19,12,16,8,18,22,15,11,GK,LB,CB,CB,RB,DCM,DCM,CAM,LM,RM,F,3
60-75,19,RM,1,15,,,,,,,,,,,,,,,,,,,,,1,7,3,19,12,16,8,18,22,15,11,GK,LB,CB,CB,RB,DCM,DCM,CAM,LM,RM,F,5
60-75,15,CA,0,22,,,Yes,,,,,,,,,,,,,,,,,,1,7,3,19,12,16,8,18,22,15,11,GK,LB,CB,CB,RB,DCM,DCM,CAM,LM,RM,F,3
60-75,15,CM,,,5,Play Disrupted,,,,,,,,,,,,,,,,,,,1,7,3,19,12,16,8,18,22,15,11,GK,LB,CB,CB,RB,DCM,DCM,CAM,LM,RM,F,
60-75,8,CM,,,3,Possession Added,,,,,,,,,,,,,,,,,,,1,7,3,19,12,16,8,18,22,15,11,GK,LB,CB,CB,RB,DCM,DCM,CAM,LM,RM,F,
60-75,8,CM,0,11,,,,,,,,,,,,,,,,,,,,,1,7,3,19,12,16,8,18,22,15,11,GK,LB,CB,CB,RB,DCM,DCM,CAM,LM,RM,F,3
60-75,3,CD,,,,,,,,,,Run of Play,18,Shot Blocked,6,,,,,,,,,,1,7,3,19,12,16,8,18,22,15,11,GK,LB,CB,CB,RB,DCM,DCM,CAM,LM,RM,F,
60-75,1,CD,,,0,Possession Added,,,,,,,,,,,,,,,,,,,1,7,3,19,12,16,8,18,22,15,11,GK,LB,CB,CB,RB,DCM,DCM,CAM,LM,RM,F,
75-90,1,LD,1,3,,,,,,,,,,,,,,,,,,,,,1,7,3,19,12,16,8,18,22,15,11,GK,LB,CB,CB,RB,DCM,DCM,CAM,LM,RM,F,1
75-90,3,CD,1,1,,,,,,,,,,,,,,,,,,,,,1,7,3,19,12,16,8,18,22,15,11,GK,LB,CB,CB,RB,DCM,DCM,CAM,LM,RM,F,2
75-90,1,CD,1,8,,,,,,,,,,,,,,,,,,,,,1,7,3,19,12,16,8,18,22,15,11,GK,LB,CB,CB,RB,DCM,DCM,CAM,LM,RM,F,2
75-90,8,LD,1,3,,,,,,,,,,,,,,,,,,,,,1,7,3,19,12,16,8,18,22,15,11,GK,LB,CB,CB,RB,DCM,DCM,CAM,LM,RM,F,3
75-90,3,LM,1,8,,,,Yes,,,,,,,,,,,,,,,,,1,7,3,19,12,16,8,18,22,15,11,GK,LB,CB,CB,RB,DCM,DCM,CAM,LM,RM,F,2
75-90,7,LD,1,3,,,,,,,,,,,,,,,,,,,,,1,7,3,19,12,16,8,18,22,15,11,GK,LB,CB,CB,RB,DCM,DCM,CAM,LM,RM,F,1
75-90,3,CM,1,16,,,,,,,,,,,,,,,,,,,,,1,7,3,19,12,16,8,18,22,15,11,GK,LB,CB,CB,RB,DCM,DCM,CAM,LM,RM,F,3
75-90,16,LM,1,7,,,,,,,,,,,,,,,,,,,,,1,7,3,19,12,16,8,18,22,15,11,GK,LB,CB,CB,RB,DCM,DCM,CAM,LM,RM,F,3
75-90,7,LM,1,3,,,,,,,,,,,,,,,,,,,,,1,7,3,19,12,16,8,18,22,15,11,GK,LB,CB,CB,RB,DCM,DCM,CAM,LM,RM,F,2
75-90,3,RM,1,19,,,,,,,,,,,,,,,,,,,,,1,7,3,19,12,16,8,18,22,15,11,GK,LB,CB,CB,RB,DCM,DCM,CAM,LM,RM,F,2
75-90,19,CA,0,22,,,,,,,,,,,,,,,,,,,,,1,7,3,19,12,16,8,18,22,15,11,GK,LB,CB,CB,RB,DCM,DCM,CAM,LM,RM,F,4
75-90,3,CD,,,8,Possession Added,,,,,,,,,,,,,,,,,,,1,7,3,19,12,16,8,18,22,15,11,GK,LB,CB,CB,RB,DCM,DCM,CAM,LM,RM,F,
75-90,3,CM,1,18,,,,,,,,,,,,,,,,,,,,,1,7,3,19,12,16,8,18,22,15,11,GK,LB,CB,CB,RB,DCM,DCM,CAM,LM,RM,F,1
75-90,18,CM,Possession Lost,,,,,,,,,,,,,,,,,,,,,,1,7,3,19,12,16,8,18,22,15,11,GK,LB,CB,CB,RB,DCM,DCM,CAM,LM,RM,F,3
75-90,1,CD,,,2,Possession Added,,,,,,,,,,,,,,,,,,,1,7,3,19,12,16,8,18,22,15,11,GK,LB,CB,CB,RB,DCM,DCM,CAM,LM,RM,F,
75-90,1,CM,1,16,,,,,,,,,,,,,,,,,,,,,1,7,3,19,12,16,8,18,22,15,11,GK,LB,CB,CB,RB,DCM,DCM,CAM,LM,RM,F,1
75-90,16,CD,1,1,,,,,,,,,,,,,,,,,,,,,1,7,3,19,12,16,8,18,22,15,11,GK,LB,CB,CB,RB,DCM,DCM,CAM,LM,RM,F,2
75-90,1,CM,1,16,,,,,,,,,,,,,,,,,,,,,1,7,3,19,12,16,8,18,22,15,11,GK,LB,CB,CB,RB,DCM,DCM,CAM,LM,RM,F,2
75-90,16,CD,1,1,,,,,,,,,,,,,,,,,,,,,1,7,3,19,12,16,8,18,22,15,11,GK,LB,CB,CB,RB,DCM,DCM,CAM,LM,RM,F,1
75-90,1,LM,0,7,,,,,,,,,,,,,,,,,,,,,1,7,3,19,12,16,8,18,22,15,11,GK,LB,CB,CB,RB,DCM,DCM,CAM,LM,RM,F,2
75-90,3,CD,,,0,Possession Added,,,,,,,,,,,,,,,,,,,1,7,3,19,12,16,8,18,22,15,11,GK,LB,CB,CB,RB,DCM,DCM,CAM,LM,RM,F,
75-90,3,CD,1,18,,,,,,,,,,,,,,,,,,,,,1,7,3,19,12,16,8,18,22,15,11,GK,LB,CB,CB,RB,DCM,DCM,CAM,LM,RM,F,2
75-90,18,LM,1,7,,,,,,,,,,,,,,,,,,,,,1,7,3,19,12,16,8,18,22,15,11,GK,LB,CB,CB,RB,DCM,DCM,CAM,LM,RM,F,3
75-90,7,LA,1,22,,,,,,,,,,,,,,,,,,,,,1,7,3,19,12,16,8,18,22,15,11,GK,LB,CB,CB,RB,DCM,DCM,CAM,LM,RM,F,3
75-90,22,LA,Possession Lost,,,,,,,,,,,,,,,,,,,,,,1,7,3,19,12,16,8,18,22,15,11,GK,LB,CB,CB,RB,DCM,DCM,CAM,LM,RM,F,2
75-90,15,RM,,,8,Play Disrupted,,,,,,,,,,,,,,,,,,,1,7,3,19,12,16,8,18,22,15,11,GK,LB,CB,CB,RB,DCM,DCM,CAM,LM,RM,F,
75-90,12,RA,Possession Lost,9,,,Yes,,,,,,,,,,,,,,,,,,1,7,3,19,12,2,8,16,22,15,9,GK,LB,CB,CB,RB,DCM,DCM,CAM,LM,RM,F,1
75-90,7,LM,,,1,Possession Added,,,,,,,,,,,,,,,,,,,1,7,3,19,12,2,8,16,24,15,9,GK,LB,CB,CB,RB,DCM,DCM,CAM,LM,RM,F,
75-90,7,CM,1,2,,,,,,,,,,,,,,,,,,,,,1,7,3,19,12,2,8,16,24,15,9,GK,LB,CB,CB,RB,DCM,DCM,CAM,LM,RM,F,1
75-90,2,CM,1,16,,,,,,,,,,,,,,,,,,,,,1,7,3,19,12,2,8,16,24,15,9,GK,LB,CB,CB,RB,DCM,DCM,CAM,LM,RM,F,2
75-90,16,RM,1,12,,,,,,,,,,,,,,,,,,,,,1,7,3,19,12,2,8,16,24,15,9,GK,LB,CB,CB,RB,DCM,DCM,CAM,LM,RM,F,3
75-90,12,RA,0,15,,,,,,,,,,,,,,,,,,,,,1,7,3,19,12,2,8,16,24,15,9,GK,LB,CB,CB,RB,DCM,DCM,CAM,LM,RM,F,2
75-90,12,RA,,,0,Possession Added,,Yes,,,,,,,,,,,,,,,,,1,7,3,19,12,2,8,16,24,15,9,GK,LB,CB,CB,RB,DCM,DCM,CAM,LM,RM,F,
75-90,8,CA,0,24,,,,,,,,,,,,,,,,,,,,,1,7,3,19,12,2,8,16,24,15,9,GK,LB,CB,CB,RB,DCM,DCM,CAM,LM,RM,F,1
75-90,15,CA ,0,16,,,,,,,,,,,,,,,,,,,,,1,7,3,19,12,2,8,16,24,15,9,GK,LB,CB,CB,RB,DCM,DCM,CAM,LM,RM,F,1
75-90,12,RM,1,15,,,,,,,,,,,,,,,,,,,,,1,7,3,19,12,2,8,16,24,15,9,GK,LB,CB,CB,RB,DCM,DCM,CAM,LM,RM,F,1
75-90,15,CM,1,18,,,,,,,,,,,,,,,,,,,,,1,7,3,19,12,2,8,16,24,15,9,GK,LB,CB,CB,RB,DCM,DCM,CAM,LM,RM,F,2
75-90,7,LD,,,3,Play Disrupted,,,,,,,,,,,,,,,,,,,1,7,3,19,12,2,8,16,24,15,9,GK,LB,CB,CB,RB,DCM,DCM,CAM,LM,RM,F,
75-90,1,CD,,,,,,,,,,Run of Play,30,SOT,1,,,,,,,,,,1,7,3,19,12,2,8,16,24,15,9,GK,LB,CB,CB,RB,DCM,DCM,CAM,LM,RM,F,
75-90,1,LD,1,3,,,,,,,,,,,,,,,,,,,,,1,7,3,19,12,2,8,16,24,15,9,GK,LB,CB,CB,RB,DCM,DCM,CAM,LM,RM,F,1
75-90,3,CD,1,2,,,,,,,,,,,,,,,,,,,,,1,7,3,19,12,2,8,16,24,15,9,GK,LB,CB,CB,RB,DCM,DCM,CAM,LM,RM,F,2
75-90,2,RD,1,19,,,,,,,,,,,,,,,,,,,,,1,7,3,19,12,2,8,16,24,15,9,GK,LB,CB,CB,RB,DCM,DCM,CAM,LM,RM,F,2
75-90,19,RM,1,15,,,,,,,,,,,,,,,,,,,,,1,7,3,19,12,2,8,16,24,15,9,GK,LB,CB,CB,RB,DCM,DCM,CAM,LM,RM,F,3
75-90,15,RM,0,12,,,,,,,,,,,,,,,,,,,,,1,7,3,19,12,2,8,16,24,15,9,GK,LB,CB,CB,RB,DCM,DCM,CAM,LM,RM,F,3
75-90,12,RM,1,9,,,,,,,,,,,,,,,,,,,,,1,7,3,19,12,2,8,16,24,15,9,GK,LB,CB,CB,RB,DCM,DCM,CAM,LM,RM,F,1
75-90,9,CM,0,24,,,,,,,,,,,,,,,,,,,,,1,7,3,19,12,2,8,16,24,15,9,GK,LB,CB,CB,RB,DCM,DCM,CAM,LM,RM,F,2
75-90,12,CD,,,3,Play Disrupted,,,,,,,,,,,,,,,,,,,1,7,3,19,12,2,8,16,24,15,9,GK,LB,CB,CB,RB,DCM,DCM,CAM,LM,RM,F,
75-90,7,CM,,,0,Possession Added,,Yes,,,,,,,,,,,,,,,,,1,7,3,19,12,2,8,16,24,15,9,GK,LB,CB,CB,RB,DCM,DCM,CAM,LM,RM,F,
75-90,8,CM,1,2,,,,Yes,,,,,,,,,,,,,,,,,1,7,3,19,12,2,8,16,24,15,9,GK,LB,CB,CB,RB,DCM,DCM,CAM,LM,RM,F,1
75-90,8,RM,1,19,,,,,,,,,,,,,,,,,,,,,1,7,3,19,12,2,8,16,24,15,9,GK,LB,CB,CB,RB,DCM,DCM,CAM,LM,RM,F,1
75-90,19,CM,1,2,,,,,,,,,,,,,,,,,,,,,1,7,3,19,12,2,8,16,24,15,9,GK,LB,CB,CB,RB,DCM,DCM,CAM,LM,RM,F,2
75-90,2,RA,1,16,,,,,,,,,,,,,,,,,,,,,1,7,3,19,12,2,8,16,24,15,9,GK,LB,CB,CB,RB,DCM,DCM,CAM,LM,RM,F,2
75-90,12,RM,,,0,Possession Added,,,,,,,,,,,,,,,,,,,1,7,3,19,12,2,8,16,24,15,9,GK,LB,CB,CB,RB,DCM,DCM,CAM,LM,RM,F,
75-90,12,RA,0,9,,,,,,,,,,,,,,,,,,,,,1,7,3,19,12,2,8,16,24,15,9,GK,LB,CB,CB,RB,DCM,DCM,CAM,LM,RM,F,1
75-90,15,RM,,,3,Possession Added,,,,,,,,,,,,,,,,,,,1,7,3,19,12,2,8,16,24,15,9,GK,LB,CB,CB,RB,DCM,DCM,CAM,LM,RM,F,
75-90,15,RD,1,12,,,,,,,,,,,,,,,,,,,,,1,7,3,19,12,2,8,16,24,15,9,GK,LB,CB,CB,RB,DCM,DCM,CAM,LM,RM,F,1
75-90,12,RM,1,8,,,,,,,,,,,,,,,,,,,,,1,7,3,19,12,2,8,16,24,15,9,GK,LB,CB,CB,RB,DCM,DCM,CAM,LM,RM,F,3
75-90,8,RM,0,15,,,,,,,,,,,,,,,,,,,,,1,7,3,19,12,2,8,16,24,15,9,GK,LB,CB,CB,RB,DCM,DCM,CAM,LM,RM,F,3
75-90,1,RD,,,7,Possession Added,,,,,,,,,,,,,,,,,,,1,7,3,19,12,2,8,16,24,15,9,GK,LB,CB,CB,RB,DCM,DCM,CAM,LM,RM,F,
75-90,1,CD,1,8,,,,,,,,,,,,,,,,,,,,,1,7,3,19,12,2,8,16,24,15,9,GK,LB,CB,CB,RB,DCM,DCM,CAM,LM,RM,F,1
75-90,8,CM,1,2,,,,,,,,,,,,,,,,,,,,,1,7,3,19,12,2,8,16,24,15,9,GK,LB,CB,CB,RB,DCM,DCM,CAM,LM,RM,F,3
75-90,2,CM,Possession Lost,,,,,,,,,,,,,,,,,,,,,,1,7,3,19,12,2,8,16,24,15,9,GK,LB,CB,CB,RB,DCM,DCM,CAM,LM,RM,F,2
75-90,19,CD,,,1,Possession Added,,,,,,,,,,,,,,,,,,,1,7,3,19,12,2,8,16,24,15,9,GK,LB,CB,CB,RB,DCM,DCM,CAM,LM,RM,F,
75-90,19,LM,1,7,,,,,,,,,,,,,,,,,,,,,1,7,3,19,12,2,8,16,24,15,9,GK,LB,CB,CB,RB,DCM,DCM,CAM,LM,RM,F,1
75-90,7,LA,0,16,,,,,,,,,,,,,,,,,,,,,1,7,3,19,12,2,8,16,24,15,9,GK,LB,CB,CB,RB,DCM,DCM,CAM,LM,RM,F,2
75-90,3,CD,,,0,Possession Added,,,,,,,,,,,,,,,,,,,1,7,3,19,12,2,8,16,24,15,9,GK,LB,CB,CB,RB,DCM,DCM,CAM,LM,RM,F,
75-90,3,CM,0,9,,,,,,,,,,,,,,,,,,,,,1,7,3,19,12,2,8,16,24,15,9,GK,LB,CB,CB,RB,DCM,DCM,CAM,LM,RM,F,1
75-90,8,CM,,,0,Possession Added,,,,,,,,,,,,,,,,,,,1,7,3,19,12,2,8,16,24,15,9,GK,LB,CB,CB,RB,DCM,DCM,CAM,LM,RM,F,
75-90,8,RM,1,12,,,,,,,,,,,,,,,,,,,,,1,7,3,19,12,2,8,16,24,15,9,GK,LB,CB,CB,RB,DCM,DCM,CAM,LM,RM,F,3
45-60,12,CM,1,8,,,,,,,,,,,,,,,,,,,,,1,7,3,19,12,2,8,16,24,15,9,GK,LB,CB,CB,RB,DCM,DCM,CAM,LM,RM,F,3
75-90,8,LM,1,7,,,,,,,,,,,,,,,,,,,,,1,7,3,19,12,2,8,16,24,15,9,GK,LB,CB,CB,RB,DCM,DCM,CAM,LM,RM,F,2
75-90,7,CA,1,24,,,,,,,,,,,,,,,,,,,,,1,7,3,19,12,2,8,16,24,15,9,GK,LB,CB,CB,RB,DCM,DCM,CAM,LM,RM,F,2
75-90,24,CA,,,,,,,,,,,,,,Run of Play,7,SOT,4,24,7,8,12,8,1,7,3,19,12,2,8,18,24,17,9,GK,LB,CB,CB,RB,DCM,DCM,CAM,LM,RM,F,
75-90,7,LD,,,3,Play Disrupted,Yes,,,,,,,,,,,,,,,,,,1,7,3,19,12,2,8,18,24,17,9,GK,LB,CB,CB,RB,DCM,DCM,CAM,LM,RM,F,
75-90,1,CD,,,0,Possession Added,,,,,,,,,,,,,,,,,,,1,7,3,19,12,2,8,18,24,17,9,GK,LB,CB,CB,RB,DCM,DCM,CAM,LM,RM,F,
75-90,1,RM,0,24,,,,,,,,,,,,,,,,,,,,,1,7,3,19,12,2,8,18,24,17,9,GK,LB,CB,CB,RB,DCM,DCM,CAM,LM,RM,F,1
75-90,12,RM,,,0,Possession Added,,,,,,,,,,,,,,,,,,,1,7,3,19,12,2,8,18,24,17,9,GK,LB,CB,CB,RB,DCM,DCM,CAM,LM,RM,F,
75-90,12,RM,0,24,,,,,,,,,,,,,,,,,,,,,1,7,3,19,12,2,8,18,24,17,9,GK,LB,CB,CB,RB,DCM,DCM,CAM,LM,RM,F,1
75-90,1,CD,,,3,Possession Added,,,,,,Run of Play,12,SOT,3,,,,,,,,,,1,7,3,19,12,2,8,18,24,17,9,GK,LB,CB,CB,RB,DCM,DCM,CAM,LM,RM,F,
OT,9,CM,1,18,,,,,,,,,,,,,,,,,,,,,1,7,3,19,12,8,2,18,17,24,9,GK,LB,CB,CB,RB,DCM,DCM,CAM,LM,RM,F,1
OT,18,CD,1,3,,,,,,,,,,,,,,,,,,,,,1,7,3,19,12,8,2,18,17,24,9,GK,LB,CB,CB,RB,DCM,DCM,CAM,LM,RM,F,2
OT,3,CM,1,8,,,,,,,,,,,,,,,,,,,,,1,7,3,19,12,8,2,18,17,24,9,GK,LB,CB,CB,RB,DCM,DCM,CAM,LM,RM,F,2
OT,8,CM,1,2,,,,,,,,,,,,,,,,,,,,,1,7,3,19,12,8,2,18,17,24,9,GK,LB,CB,CB,RB,DCM,DCM,CAM,LM,RM,F,2
OT,2,CM,1,8,,,,,,,,,,,,,,,,,,,,,1,7,3,19,12,8,2,18,17,24,9,GK,LB,CB,CB,RB,DCM,DCM,CAM,LM,RM,F,4
OT,8,RM,1,19,,,,,,,,,,,,,,,,,,,,,1,7,3,19,12,8,2,18,17,24,9,GK,LB,CB,CB,RB,DCM,DCM,CAM,LM,RM,F,2
OT,19,CM,1,3,,,,,,,,,,,,,,,,,,,,,1,7,3,19,12,8,2,18,17,24,9,GK,LB,CB,CB,RB,DCM,DCM,CAM,LM,RM,F,4
OT,3,CM,1,8,,,,,,,,,,,,,,,,,,,,,1,7,3,19,12,8,2,18,17,24,9,GK,LB,CB,CB,RB,DCM,DCM,CAM,LM,RM,F,2
OT,8,CM,1,2,,,,,,,,,,,,,,,,,,,,,1,7,3,19,12,8,2,18,17,24,9,GK,LB,CB,CB,RB,DCM,DCM,CAM,LM,RM,F,1
OT,2,RM,1,12,,,,,,,,,,,,,,,,,,,,,1,7,3,19,12,8,2,18,17,24,9,GK,LB,CB,CB,RB,DCM,DCM,CAM,LM,RM,F,2
OT,12,RM,1,2,,,,,,,,,,,,,,,,,,,,,1,7,3,19,12,8,2,18,17,24,9,GK,LB,CB,CB,RB,DCM,DCM,CAM,LM,RM,F,3
OT,2,RD,1,19,,,,,,,,,,,,,,,,,,,,,1,7,3,19,12,8,2,18,17,24,9,GK,LB,CB,CB,RB,DCM,DCM,CAM,LM,RM,F,3
OT,19,CM,1,8,,,,,,,,,,,,,,,,,,,,,1,7,3,19,12,8,2,18,17,24,9,GK,LB,CB,CB,RB,DCM,DCM,CAM,LM,RM,F,3
OT,8,CM,1,9,,,,,,,,,,,,,,,,,,,,,1,7,3,19,12,8,2,18,17,24,9,GK,LB,CB,CB,RB,DCM,DCM,CAM,LM,RM,F,3
OT,2,CA,Possession Lost,,,,,,,,,,,,,,,,,,,,,,1,7,3,19,12,8,2,18,17,24,9,GK,LB,CB,CB,RB,DCM,DCM,CAM,LM,RM,F,4
OT,3,CD,,,8,Play Disrupted,,,,,,,,,,,,,,,,,,,1,7,3,19,12,8,2,18,17,24,9,GK,LB,CB,CB,RB,DCM,DCM,CAM,LM,RM,F,
OT,1,CD,,,,,,,,,,Run of Play,20,SOT,0,,,,,,,,,,1,7,3,19,12,8,2,18,17,24,9,GK,LB,CB,CB,RB,DCM,DCM,CAM,LM,RM,F,
OT,1,CD,1,3,,,,,,,,,,,,,,,,,,,,,1,7,3,19,12,8,2,18,17,24,9,GK,LB,CB,CB,RB,DCM,DCM,CAM,LM,RM,F,1
OT,3,CD,1,1,,,,,,,,,,,,,,,,,,,,,1,7,3,19,12,8,2,18,17,24,9,GK,LB,CB,CB,RB,DCM,DCM,CAM,LM,RM,F,2
OT,1,RM,1,12,,,,,,,,,,,,,,,,,,,,,1,7,3,19,12,8,2,18,17,24,9,GK,LB,CB,CB,RB,DCM,DCM,CAM,LM,RM,F,4
OT,12,RM,1,9,,,,,,,,,,,,,,,,,,,,,1,7,3,19,12,8,2,18,17,24,9,GK,LB,CB,CB,RB,DCM,DCM,CAM,LM,RM,F,2
OT,9,CA,1,2,,,,,,,,,,,,,,,,,,,,,1,7,3,19,12,8,2,18,17,24,9,GK,LB,CB,CB,RB,DCM,DCM,CAM,LM,RM,F,3
OT,2,RA,1,12,,,,,,,,,,,,,,,,,,,,,1,7,3,19,12,8,2,18,17,24,9,GK,LB,CB,CB,RB,DCM,DCM,CAM,LM,RM,F,2
OT,12,CA,1,24,,,,,,,,,,,,,,,,,,,,,1,7,3,19,12,8,2,18,17,24,9,GK,LB,CB,CB,RB,DCM,DCM,CAM,LM,RM,F,2
OT,24,CA,,,,,,,,,,,,,,Run of Play,6,Shot Blocked,9,24,12,2,9,12,1,7,3,19,12,8,2,18,17,24,9,GK,LB,CB,CB,RB,DCM,DCM,CAM,LM,RM,F,
OT,18,CA,0,2,,,,,,,,,,,,,,,,,,,,,1,7,3,19,12,8,2,18,17,24,9,GK,LB,CB,CB,RB,DCM,DCM,CAM,LM,RM,F,1
OT,2,LA,,,0,Possession Added,,,,,,,,,,,,,,,,,,,1,7,3,19,12,8,2,18,17,24,9,GK,LB,CB,CB,RB,DCM,DCM,CAM,LM,RM,F,
OT,7,LA,1,17,,,,,,,,,,,,,,,,,,,,,1,7,3,19,12,8,2,18,17,24,9,GK,LB,CB,CB,RB,DCM,DCM,CAM,LM,RM,F,1
OT,17,CA,1,9,,,,,,,,,,,,,,,,,,,,,1,7,3,19,12,8,2,18,17,24,9,GK,LB,CB,CB,RB,DCM,DCM,CAM,LM,RM,F,2
OT,9,CA,0,17,,,,,,,,,,,,,,,,,,,,,1,7,3,19,12,8,2,18,17,24,9,GK,LB,CB,CB,RB,DCM,DCM,CAM,LM,RM,F,2
OT,2,LM,,,2,Play Disrupted,Yes,,,,,,,,,,,,,,,,,,1,7,3,19,12,8,2,18,17,24,9,GK,LB,CB,CB,RB,DCM,DCM,CAM,LM,RM,F,
OT,8,CM,,,4,Play Disrupted,,,,,,,,,,,,,,,,,,,1,7,3,19,12,8,2,18,17,24,9,GK,LB,CB,CB,RB,DCM,DCM,CAM,LM,RM,F,
OT,1,CD,,,2,Possession Added,,,,,,Run of Play,35,SOT,2,,,,,,,,,,1,7,3,19,12,8,2,18,17,24,9,GK,LB,CB,CB,RB,DCM,DCM,CAM,LM,RM,F,
OT,1,CM,0,18,,,,,,,,,,,,,,,,,,,,,1,7,3,19,12,8,2,18,17,24,9,GK,LB,CB,CB,RB,DCM,DCM,CAM,LM,RM,F,1
OT,1,CD,,,2,Possession Added,,,,,,,,,,,,,,,,,,,1,7,3,19,12,8,2,18,17,24,9,GK,LB,CB,CB,RB,DCM,DCM,CAM,LM,RM,F,
OT,1,RM,1,12,,,,,,,,,,,,,,,,,,,,,1,7,3,19,12,8,2,18,17,24,9,GK,LB,CB,CB,RB,DCM,DCM,CAM,LM,RM,F,1
OT,12,RM,0,9,,,,,,,,,,,,,,,,,,,,,1,7,3,19,12,8,2,18,17,24,9,GK,LB,CB,CB,RB,DCM,DCM,CAM,LM,RM,F,2
OT,18,LM,,,4,Possession Added,,,,,,,,,,,,,,,,,,,1,7,3,19,12,8,2,18,17,24,9,GK,LB,CB,CB,RB,DCM,DCM,CAM,LM,RM,F,
OT,18,CM,1,17,,,,Yes,,,,,,,,,,,,,,,,,1,7,3,19,12,8,2,18,17,24,9,GK,LB,CB,CB,RB,DCM,DCM,CAM,LM,RM,F,3
OT,8,CM,1,3,,,,,,,,,,,,,,,,,,,,,1,7,3,19,12,8,2,18,17,24,9,GK,LB,CB,CB,RB,DCM,DCM,CAM,LM,RM,F,1
OT,3,CM,1,8,,,,,,,,,,,,,,,,,,,,,1,7,3,19,12,8,2,18,17,24,9,GK,LB,CB,CB,RB,DCM,DCM,CAM,LM,RM,F,2
OT,8,CA,1,17,,,,,,,,,,,,,,,,,,,,,1,7,3,19,12,8,2,18,17,24,9,GK,LB,CB,CB,RB,DCM,DCM,CAM,LM,RM,F,2
OT,17,CA,0,24,,,,,,,,,,,,,,,,,,,,,1,7,3,19,12,8,2,18,17,24,9,GK,LB,CB,CB,RB,DCM,DCM,CAM,LM,RM,F,3
OT,2,RD,,,5,Possession Added,,,,,,,,,,,,,,,,,,,1,7,3,19,12,8,2,18,17,24,9,GK,LB,CB,CB,RB,DCM,DCM,CAM,LM,RM,F,
OT,2,RM,1,9,,,,,,,,,,,,,,,,,,,,,1,7,3,19,12,8,2,18,17,24,9,GK,LB,CB,CB,RB,DCM,DCM,CAM,LM,RM,F,2
OT,9,CA,0,18,,,,,,,,,,,,,,,,,,,,,1,7,3,19,12,8,2,18,17,24,9,GK,LB,CB,CB,RB,DCM,DCM,CAM,LM,RM,F,9
OT,19,CD,,,,,,,,,,Run of Play,15,Shot Blocked,6,,,,,,,,,,1,7,3,19,12,8,2,18,17,24,9,GK,LB,CB,CB,RB,DCM,DCM,CAM,LM,RM,F,
OT,1,CD,,,4,Possession Added,,,,,,,,,,,,,,,,,,,1,7,3,19,12,8,2,18,17,24,9,GK,LB,CB,CB,RB,DCM,DCM,CAM,LM,RM,F,
OT,1,CM,1,8,,,,,,,,,,,,,,,,,,,,,1,7,3,19,12,8,2,18,17,24,9,GK,LB,CB,CB,RB,DCM,DCM,CAM,LM,RM,F,1
OT,8,CM,1,18,,,,,,,,,,,,,,,,,,,,,1,7,3,19,12,8,2,18,17,24,9,GK,LB,CB,CB,RB,DCM,DCM,CAM,LM,RM,F,2
OT,18,CA,1,9,,,,,,,,,,,,,,,,,,,,,1,7,3,19,12,8,2,18,17,24,9,GK,LB,CB,CB,RB,DCM,DCM,CAM,LM,RM,F,3
OT,9,LA,1,7,,,,,,,,,,,,,,,,,,,,,1,7,3,19,12,8,2,18,17,24,9,GK,LB,CB,CB,RB,DCM,DCM,CAM,LM,RM,F,4
OT,7,LM,1,3,,,,,,,,,,,,,,,,,,,,,1,7,3,19,12,8,2,18,17,24,9,GK,LB,CB,CB,RB,DCM,DCM,CAM,LM,RM,F,2
OT,3,RM,1,19,,,,,,,,,,,,,,,,,,,,,1,7,3,19,12,8,2,18,17,24,9,GK,LB,CB,CB,RB,DCM,DCM,CAM,LM,RM,F,3
OT,19,CM,1,2,,,,,,,,,,,,,,,,,,,,,1,7,3,19,12,8,2,18,17,24,9,GK,LB,CB,CB,RB,DCM,DCM,CAM,LM,RM,F,2
OT,2,RM,1,8,,,,,,,,,,,,,,,,,,,,,1,7,3,19,12,8,2,18,17,24,9,GK,LB,CB,CB,RB,DCM,DCM,CAM,LM,RM,F,2
OT,8,RA,0,12,,,,,,,,,,,,,,,,,,,,,1,7,3,19,12,8,2,18,17,24,9,GK,LB,CB,CB,RB,DCM,DCM,CAM,LM,RM,F,3
OT,1,CD,,,4,Possession Added,,,,,,,,,,,,,,,,,,,1,7,3,19,12,8,2,18,17,24,9,GK,LB,CB,CB,RB,DCM,DCM,CAM,LM,RM,F,
OT,1,CM,1,8,,,,,,,,,,,,,,,,,,,,,1,7,3,19,12,8,2,18,17,24,9,GK,LB,CB,CB,RB,DCM,DCM,CAM,LM,RM,F,1
OT,8,CM,1,2,,,,,,,,,,,,,,,,,,,,,1,7,3,19,12,8,2,18,17,24,9,GK,LB,CB,CB,RB,DCM,DCM,CAM,LM,RM,F,3
OT,2,CM,,,,,,Yes,,,,,,,,,,,,,,,,,1,7,3,19,12,8,2,18,17,24,9,GK,LB,CB,CB,RB,DCM,DCM,CAM,LM,RM,F,
OT,2,CA,1,9,,,,,,,,,,,,,,,,,,,,,1,7,3,19,12,8,2,18,17,24,9,GK,LB,CB,CB,RB,DCM,DCM,CAM,LM,RM,F,1
OT,9,CM,1,8,,,,,,,,,,,,,,,,,,,,,1,7,3,19,12,8,2,18,17,24,9,GK,LB,CB,CB,RB,DCM,DCM,CAM,LM,RM,F,2
OT,8,LA,1,17,,,,,,,,,,,,,,,,,,,,,1,7,3,19,12,8,2,18,17,24,9,GK,LB,CB,CB,RB,DCM,DCM,CAM,LM,RM,F,2
OT,17,CA,1,8,,,,,,,,,,,,Run of Play,22,SOT,4,8,17,8,9,2,1,7,3,19,12,8,2,18,17,24,9,GK,LB,CB,CB,RB,DCM,DCM,CAM,LM,RM,F,5
OT,12,RD,,,1,Possession Added,,,,,,,,,,,,,,,,,,,1,7,3,19,12,8,2,18,17,24,9,GK,LB,CB,CB,RB,DCM,DCM,CAM,LM,RM,F,
OT,12,CM,1,8,,,,,,,,,,,,,,,,,,,,,1,7,3,19,12,8,2,18,17,24,9,GK,LB,CB,CB,RB,DCM,DCM,CAM,LM,RM,F,1
OT,8,LM,1,7,,,,,,,,,,,,,,,,,,,,,1,7,3,19,12,8,2,18,17,24,9,GK,LB,CB,CB,RB,DCM,DCM,CAM,LM,RM,F,2
OT,7,LM,1,17,,,,,,,,,,,,,,,,,,,,,1,7,3,19,12,8,2,18,17,24,9,GK,LB,CB,CB,RB,DCM,DCM,CAM,LM,RM,F,2
OT,17,LM,0,7,,,,,,,,,,,,,,,,,,,,,1,7,3,19,12,8,2,18,17,24,9,GK,LB,CB,CB,RB,DCM,DCM,CAM,LM,RM,F,1
OT,8,CA,0,9,2,Possession Added,,,,,Yes,,,,,,,,,,,,,,1,7,3,19,12,8,2,18,17,24,9,GK,LB,CB,CB,RB,DCM,DCM,CAM,LM,RM,F,2
OT,1,CD,,,3,Possession Added,,,,,,,,,,,,,,,,,,,1,7,3,19,12,8,2,18,17,24,9,GK,LB,CB,CB,RB,DCM,DCM,CAM,LM,RM,F,
OT,1,CD,1,18,,,,,,,,,,,,,,,,,,,,,1,7,3,19,12,8,2,18,17,24,9,GK,LB,CB,CB,RB,DCM,DCM,CAM,LM,RM,F,1
OT,18,LD,1,3,,,,,,,,,,,,,,,,,,,,,1,7,3,19,12,8,2,18,17,24,9,GK,LB,CB,CB,RB,DCM,DCM,CAM,LM,RM,F,2
OT,3,CM,1,24,,,,,,,,,,,,,,,,,,,,,1,7,3,19,12,8,2,18,17,24,9,GK,LB,CB,CB,RB,DCM,DCM,CAM,LM,RM,F,3
OT,24,LM,1,17,,,,,,,,,,,,,,,,,,,,,1,7,3,19,12,8,2,18,17,24,9,GK,LB,CB,CB,RB,DCM,DCM,CAM,LM,RM,F,1
OT,17,CM,0,8,,,,,,,,,,,,,,,,,,,,,1,7,3,19,12,8,2,18,17,24,9,GK,LB,CB,CB,RB,DCM,DCM,CAM,LM,RM,F,2
OT,18,CM,,,5,Possession Added,,,,,,,,,,,,,,,,,,,1,7,3,19,12,8,2,18,17,24,9,GK,LB,CB,CB,RB,DCM,DCM,CAM,LM,RM,F,
OT,18,CM,1,9,,,,,,,,,,,,,,,,,,,,,1,7,3,19,12,8,2,18,17,24,9,GK,LB,CB,CB,RB,DCM,DCM,CAM,LM,RM,F,1
OT,9,CA,0,24,,,,,,,,,,,,,,,,,,,,,1,7,3,19,12,8,2,18,17,24,9,GK,LB,CB,CB,RB,DCM,DCM,CAM,LM,RM,F,8
OT,8,CM,,,0,Possession Added,,,,,,,,,,,,,,,,,,,1,7,3,19,12,8,2,18,17,24,9,GK,LB,CB,CB,RB,DCM,DCM,CAM,LM,RM,F,
OT,8,CM,1,3,,,,,,,,,,,,,,,,,,,,,1,7,3,19,12,8,2,18,17,24,9,GK,LB,CB,CB,RB,DCM,DCM,CAM,LM,RM,F,3
OT,3,CD,1,1,,,,,,,,,,,,,,,,,,,,,1,7,3,19,12,8,2,18,17,24,9,GK,LB,CB,CB,RB,DCM,DCM,CAM,LM,RM,F,2
OT,1,CA,0,18,,,,,,,,,,,,,,,,,,,,,1,7,3,19,12,8,2,18,17,24,9,GK,LB,CB,CB,RB,DCM,DCM,CAM,LM,RM,F,1
OT,12,RM,0,18,,,,,,,,,,,,,,,,,,,,,,7,3,19,12,8,2,18,15,24,11,GK,LB,CB,CB,RB,DCM,DCM,CAM,LM,RM,F,1
OT,1,CD,,,3,Possession Added,,,,,,,,,,,,,,,,,,,,7,3,19,12,8,2,18,15,24,11,GK,LB,CB,CB,RB,DCM,DCM,CAM,LM,RM,F,
OT,1,RD,1,12,,,,,,,,,,,,,,,,,,,,,,7,3,19,12,8,2,18,15,24,11,GK,LB,CB,CB,RB,DCM,DCM,CAM,LM,RM,F,1
OT,12,RM,0,24,,,,,,,,,,,,,,,,,,,,,1,7,3,19,12,8,2,18,15,24,11,GK,LB,CB,CB,RB,DCM,DCM,CAM,LM,RM,F,2
OT,2,RM,,,2,Possession Added,,Yes,,,,,,,,,,,,,,,,,1,7,3,19,12,8,2,18,15,24,11,GK,LB,CB,CB,RB,DCM,DCM,CAM,LM,RM,F,
OT,2,RA,0,24,,,,,,,,,,,,,,,,,,,,,1,7,3,19,12,8,2,18,15,24,11,GK,LB,CB,CB,RB,DCM,DCM,CAM,LM,RM,F,1
OT,8,CM,,,0,Possession Added,,Yes,,,,,,,,,,,,,,,,,1,7,3,19,12,8,2,18,15,24,11,GK,LB,CB,CB,RB,DCM,DCM,CAM,LM,RM,F,
OT,2,CA,0,3,,,,,,,,,,,,,,,,,,,,,1,7,3,19,12,8,2,18,15,24,11,GK,LB,CB,CB,RB,DCM,DCM,CAM,LM,RM,F,1
OT,3,CD,,,0,Possession Added,,,,,,,,,,,,,,,,,,,1,7,3,19,12,8,2,18,15,24,11,GK,LB,CB,CB,RB,DCM,DCM,CAM,LM,RM,F,
OT,3,CM,1,8,,,,,,,,,,,,,,,,,,,,,1,7,3,19,12,8,2,18,15,24,11,GK,LB,CB,CB,RB,DCM,DCM,CAM,LM,RM,F,1
OT,8,LM,1,15,,,,,,,,,,,,,,,,,,,,,1,7,3,19,12,8,2,18,15,24,11,GK,LB,CB,CB,RB,DCM,DCM,CAM,LM,RM,F,3
OT,15,CM,1,18,,,,,,,,,,,,,,,,,,,,,1,7,3,19,12,8,2,18,15,24,11,GK,LB,CB,CB,RB,DCM,DCM,CAM,LM,RM,F,2
OT,18,LA,1,15,,,,,,,,,,,,,,,,,,,,,1,7,3,19,12,8,2,18,15,24,11,GK,LB,CB,CB,RB,DCM,DCM,CAM,LM,RM,F,2
OT,15,CA,,,,,,,,,,,,,,Run of Play,22,Shot Blocked,4,15,18,15,8,3,1,7,3,19,12,8,2,18,15,24,11,GK,LB,CB,CB,RB,DCM,DCM,CAM,LM,RM,F,
OT,12,CA,1,18,,,,,,,,,,,,Run of Play,6,Goal,1,18,12,,,,1,7,3,19,12,8,2,18,15,24,11,GK,LB,CB,CB,RB,DCM,DCM,CAM,LM,RM,F,2
