0-15,9,CM,1,18,,,,,,,,,,,,,,,,,,,,,1,7,3,19,12,8,2,18,15,22,9,GK,LB,CB,CB,RB,DCM,DCM,CAM,RM,LM,F,1
0-15,18,CM,1,2,,,,,,,,,,,,,,,,,,,,,1,7,3,19,12,8,2,18,15,22,9,GK,LB,CB,CB,RB,DCM,DCM,CAM,RM,LM,F,1
0-15,2,LM,0,22,,,,,,,,,,,,,,,,,,,,,1,7,3,19,12,8,2,18,15,22,9,GK,LB,CB,CB,RB,DCM,DCM,CAM,RM,LM,F,4
0-15,2,CM,,,2,Possession Added,,,,,,,,,,,,,,,,,,,1,7,3,19,12,8,2,18,15,22,9,GK,LB,CB,CB,RB,DCM,DCM,CAM,RM,LM,F,
0-15,2,CM,1,19,,,,,,,,,,,,,,,,,,,,,1,7,3,19,12,8,2,18,15,22,9,GK,LB,CB,CB,RB,DCM,DCM,CAM,RM,LM,F,2
0-15,19,LD,1,3,,,,,,,,,,,,,,,,,,,,,1,7,3,19,12,8,2,18,15,22,9,GK,LB,CB,CB,RB,DCM,DCM,CAM,RM,LM,F,2
0-15,3,CM,1,8,,,,,,,,,,,,,,,,,,,,,1,7,3,19,12,8,2,18,15,22,9,GK,LB,CB,CB,RB,DCM,DCM,CAM,RM,LM,F,2
0-15,8,LD,1,3,,,,,,,,,,,,,,,,,,,,,1,7,3,19,12,8,2,18,15,22,9,GK,LB,CB,CB,RB,DCM,DCM,CAM,RM,LM,F,2
0-15,3,CM,1,2,,,,,,,,,,,,,,,,,,,,,1,7,3,19,12,8,2,18,15,22,9,GK,LB,CB,CB,RB,DCM,DCM,CAM,RM,LM,F,2
0-15,2,LD,1,3,,,,,,,,,,,,,,,,,,,,,1,7,3,19,12,8,2,18,15,22,9,GK,LB,CB,CB,RB,DCM,DCM,CAM,RM,LM,F,1
0-15,3,CD,1,1,,,,,,,,,,,,,,,,,,,,,1,7,3,19,12,8,2,18,15,22,9,GK,LB,CB,CB,RB,DCM,DCM,CAM,RM,LM,F,4
0-15,1,LD,1,3,,,,,,,,,,,,,,,,,,,,,1,7,3,19,12,8,2,18,15,22,9,GK,LB,CB,CB,RB,DCM,DCM,CAM,RM,LM,F,2
0-15,3,CM,1,2,,,,,,,,,,,,,,,,,,,,,1,7,3,19,12,8,2,18,15,22,9,GK,LB,CB,CB,RB,DCM,DCM,CAM,RM,LM,F,2
0-15,2,RA,0,12,,,,,,,,,,,,,,,,,,,,,1,7,3,19,12,8,2,18,15,22,9,GK,LB,CB,CB,RB,DCM,DCM,CAM,RM,LM,F,3
0-15,15,RM,,,0,Play Disrupted,,,,,,,,,,,,,,,,,,,1,7,3,19,12,8,2,18,15,22,9,GK,LB,CB,CB,RB,DCM,DCM,CAM,RM,LM,F,
0-15,9,RA,,,0,Possession Added,,Yes,,,,,,,,,,,,,,,,,1,7,3,19,12,8,2,18,15,22,9,GK,LB,CB,CB,RB,DCM,DCM,CAM,RM,LM,F,
0-15,8,CA,0,2,,,,,,,,,,,,,,,,,,,,,1,7,3,19,12,8,2,18,15,22,9,GK,LB,CB,CB,RB,DCM,DCM,CAM,RM,LM,F,1
0-15,3,LM,,,1,Possession Added,,,,,,,,,,,,,,,,,,,1,7,3,19,12,8,2,18,15,22,9,GK,LB,CB,CB,RB,DCM,DCM,CAM,RM,LM,F,
0-15,3,LM,1,2,,,,,,,,,,,,,,,,,,,,,1,7,3,19,12,8,2,18,15,22,9,GK,LB,CB,CB,RB,DCM,DCM,CAM,RM,LM,F,2
0-15,2,LM,1,7,,,,,,,,,,,,,,,,,,,,,1,7,3,19,12,8,2,18,15,22,9,GK,LB,CB,CB,RB,DCM,DCM,CAM,RM,LM,F,2
0-15,7,LA,0,22,,,,,,,,,,,,,,,,,,,,,1,7,3,19,12,8,2,18,15,22,9,GK,LB,CB,CB,RB,DCM,DCM,CAM,RM,LM,F,3
0-15,7,LA,1,18,,,,,,,,,,,,,,,,,,,,,1,7,3,19,12,8,2,18,15,22,9,GK,LB,CB,CB,RB,DCM,DCM,CAM,RM,LM,F,1
0-15,18,LA,1,7,,,,,,,,,,,,,,,,,,,,,1,7,3,19,12,8,2,18,15,22,9,GK,LB,CB,CB,RB,DCM,DCM,CAM,RM,LM,F,3
0-15,7,CA,1,9,,,,,,,,,,,,,,,,,,,,,1,7,3,19,12,8,2,18,15,22,9,GK,LB,CB,CB,RB,DCM,DCM,CAM,RM,LM,F,2
0-15,9,CA,,,,,,,,,,,,,,Run of Play,16,Goal,3,9,7,18,7,,1,7,3,19,12,8,2,18,15,22,9,GK,LB,CB,CB,RB,DCM,DCM,CAM,RM,LM,F,
0-15,19,CM,,,6,Play Disrupted,,,,,,,,,,,,,,,,,,,1,7,3,19,12,8,2,18,15,22,9,GK,LB,CB,CB,RB,DCM,DCM,CAM,RM,LM,F,
0-15,22,LM,,,5,Play Disrupted,Yes,,,,,,,,,,,,,,,,,,1,7,3,19,12,8,2,18,15,22,9,GK,LB,CB,CB,RB,DCM,DCM,CAM,RM,LM,F,
0-15,22,LM,,,3,Possession Added,,,,,,,,,,,,,,,,,,,1,7,3,19,12,8,2,18,15,22,9,GK,LB,CB,CB,RB,DCM,DCM,CAM,RM,LM,F,
0-15,22,LM,1,12,,,,,,,,,,,,,,,,,,,,,1,7,3,19,12,8,2,18,15,22,9,GK,LB,CB,CB,RB,DCM,DCM,CAM,RM,LM,F,1
0-15,12,LD,1,3,,,,,,,,,,,,,,,,,,,,,1,7,3,19,12,8,2,18,15,22,9,GK,LB,CB,CB,RB,DCM,DCM,CAM,RM,LM,F,2
0-15,3,CM,0,9,,,,,,,,,,,,,,,,,,,,,1,7,3,19,12,8,2,18,15,22,9,GK,LB,CB,CB,RB,DCM,DCM,CAM,RM,LM,F,1
0-15,2,RM,0,15,,,,,,,,,,,,,,,,,,,,,1,7,3,19,12,8,2,18,15,22,9,GK,LB,CB,CB,RB,DCM,DCM,CAM,RM,LM,F,1
0-15,12,RA,1,9,,,,,,,,,,,,,,,,,,,,,1,7,3,19,12,8,2,18,15,22,9,GK,LB,CB,CB,RB,DCM,DCM,CAM,RM,LM,F,1
0-15,9,CA,1,15,,,,,,,,,,,,,,,,,,,,,1,7,3,19,12,8,2,18,15,22,9,GK,LB,CB,CB,RB,DCM,DCM,CAM,RM,LM,F,1
0-15,15,CA,Possession Lost,,,,,,,,,,,,,,,,,,,,,,1,7,3,19,12,8,2,18,15,22,9,GK,LB,CB,CB,RB,DCM,DCM,CAM,RM,LM,F,4
0-15,12,RM,,,1,Play Disrupted,Yes,,,,,,,,,,,,,,,,,,1,7,3,19,12,8,2,18,15,22,9,GK,LB,CB,CB,RB,DCM,DCM,CAM,RM,LM,F,
0-15,,,,,,,,,,,,,,,,,,,,,,,,,1,7,3,19,12,8,2,18,15,22,9,GK,LB,CB,CB,RB,DCM,DCM,CAM,RM,LM,F,
0-15,3,CD,,,0,Play Disrupted,,,,,,,,,,,,,,,,,,,1,7,3,19,12,8,2,18,15,22,9,GK,LB,CB,CB,RB,DCM,DCM,CAM,RM,LM,F,
0-15,3,LD,,,3,Play Disrupted,,,,,,,,,,,,,,,,,,,1,7,3,19,12,8,2,18,15,22,9,GK,LB,CB,CB,RB,DCM,DCM,CAM,RM,LM,F,
0-15,19,CD,,,0,Possession Added,,,,,,,,,,,,,,,,,,,1,7,3,19,12,8,2,18,15,22,9,GK,LB,CB,CB,RB,DCM,DCM,CAM,RM,LM,F,
0-15,1,CD,,,1,Possession Added,,,,,,,,,,,,,,,,,,,1,7,3,19,12,8,2,18,15,22,9,GK,LB,CB,CB,RB,DCM,DCM,CAM,RM,LM,F,
0-15,1,CD,1,8,,,,,,,,,,,,,,,,,,,,,1,7,3,19,12,8,2,18,15,22,9,GK,LB,CB,CB,RB,DCM,DCM,CAM,RM,LM,F,1
0-15,8,RD,1,19,,,,,,,,,,,,,,,,,,,,,1,7,3,19,12,8,2,18,15,22,9,GK,LB,CB,CB,RB,DCM,DCM,CAM,RM,LM,F,3
0-15,19,CD,1,8,,,,,,,,,,,,,,,,,,,,,1,7,3,19,12,8,2,18,15,22,9,GK,LB,CB,CB,RB,DCM,DCM,CAM,RM,LM,F,2
0-15,8,LM,1,3,,,,,,,,,,,,,,,,,,,,,1,7,3,19,12,8,2,18,15,22,9,GK,LB,CB,CB,RB,DCM,DCM,CAM,RM,LM,F,2
0-15,3,LM,1,8,,,,,,,,,,,,,,,,,,,,,1,7,3,19,12,8,2,18,15,22,9,GK,LB,CB,CB,RB,DCM,DCM,CAM,RM,LM,F,4
0-15,8,CM,1,2,,,,,,,,,,,,,,,,,,,,,1,7,3,19,12,8,2,18,15,22,9,GK,LB,CB,CB,RB,DCM,DCM,CAM,RM,LM,F,2
0-15,2,LM,1,3,,,,,,,,,,,,,,,,,,,,,1,7,3,19,12,8,2,18,15,22,9,GK,LB,CB,CB,RB,DCM,DCM,CAM,RM,LM,F,1
0-15,3,CM,1,8,,,,,,,,,,,,,,,,,,,,,1,7,3,19,12,8,2,18,15,22,9,GK,LB,CB,CB,RB,DCM,DCM,CAM,RM,LM,F,2
0-15,8,LM,1,2,,,,,,,,,,,,,,,,,,,,,1,7,3,19,12,8,2,18,15,22,9,GK,LB,CB,CB,RB,DCM,DCM,CAM,RM,LM,F,5
0-15,2,CM,1,8,,,,,,,,,,,,,,,,,,,,,1,7,3,19,12,8,2,18,15,22,9,GK,LB,CB,CB,RB,DCM,DCM,CAM,RM,LM,F,2
0-15,8,LA,1,7,,,,,,,,,,,,,,,,,,,,,1,7,3,19,12,8,2,18,15,22,9,GK,LB,CB,CB,RB,DCM,DCM,CAM,RM,LM,F,3
0-15,7,LA,0,,,,,,,,,,,,,,,,,,,,,,1,7,3,19,12,8,2,18,15,22,9,GK,LB,CB,CB,RB,DCM,DCM,CAM,RM,LM,F,2
0-15,7,LA,1,9,,,,,,,,,,,,,,,,,,,,,1,7,3,19,12,8,2,18,15,22,9,GK,LB,CB,CB,RB,DCM,DCM,CAM,RM,LM,F,1
0-15,9,LA,Possession Lost,,,,,,,,,,,,,,,,,,,,,,1,7,3,19,12,8,2,18,15,22,9,GK,LB,CB,CB,RB,DCM,DCM,CAM,RM,LM,F,4
0-15,3,LM,,,0,Play Disrupted,,,,,,,,,,,,,,,,,,,1,7,3,19,12,8,2,18,15,22,9,GK,LB,CB,CB,RB,DCM,DCM,CAM,RM,LM,F,
0-15,3,CM,1,19,,,,,,,,,,,,,,,,,,,,,1,7,3,19,12,8,2,18,15,22,9,GK,LB,CB,CB,RB,DCM,DCM,CAM,RM,LM,F,4
0-15,19,LM,1,3,,,,,,,,,,,,,,,,,,,,,1,7,3,19,12,8,2,18,15,22,9,GK,LB,CB,CB,RB,DCM,DCM,CAM,RM,LM,F,3
0-15,3,LM,1,8,,,,,,,,,,,,,,,,,,,,,1,7,3,19,12,8,2,18,15,22,9,GK,LB,CB,CB,RB,DCM,DCM,CAM,RM,LM,F,2
0-15,8,LM,1,3,,,,,,,,,,,,,,,,,,,,,1,7,3,19,12,8,2,18,15,22,9,GK,LB,CB,CB,RB,DCM,DCM,CAM,RM,LM,F,4
0-15,3,CM,0,9,,,,,,,,,,,,,,,,,,,,,1,7,3,19,12,8,2,18,15,22,9,GK,LB,CB,CB,RB,DCM,DCM,CAM,RM,LM,F,2
0-15,22,RM,,,21,Possession Added,,,,,,,,,,,,,,,,,,,1,7,3,19,12,8,2,18,15,22,9,GK,LB,CB,CB,RB,DCM,DCM,CAM,RM,LM,F,
0-15,22,RM,1,18,,,,,,,,,,,,,,,,,,,,,1,7,3,19,12,8,2,18,15,22,9,GK,LB,CB,CB,RB,DCM,DCM,CAM,RM,LM,F,3
0-15,18,RM,1,22,,,,,,,,,,,,,,,,,,,,,1,7,3,19,12,8,2,18,15,22,9,GK,LB,CB,CB,RB,DCM,DCM,CAM,RM,LM,F,1
0-15,22,CM,Possession Lost,,,,,,,,,,,,,,,,,,,,,,1,7,3,19,12,8,2,18,15,22,9,GK,LB,CB,CB,RB,DCM,DCM,CAM,RM,LM,F,3
0-15,22,CM,,,5,Possession Added,,,,,,,,,,,,,,,,,,,1,7,3,19,12,8,2,18,15,22,9,GK,LB,CB,CB,RB,DCM,DCM,CAM,RM,LM,F,
0-15,22,CM,0,9,,,,,,,,,,,,,,,,,,,,,1,7,3,19,12,8,2,18,15,22,9,GK,LB,CB,CB,RB,DCM,DCM,CAM,RM,LM,F,2
0-15,8,LM,1,15,,,,,,,,,,,,,,,,,,,,,1,7,3,19,12,8,2,18,15,22,9,GK,LB,CB,CB,RB,DCM,DCM,CAM,RM,LM,F,2
0-15,15,LA,0,9,,,,,,,,,,,,,,,,,,,,,1,7,3,19,12,8,2,18,15,22,9,GK,LB,CB,CB,RB,DCM,DCM,CAM,RM,LM,F,3
0-15,1,CD,,,5,Possession Added,,,,,,,,,,,,,,,,,,,1,7,3,19,12,8,2,18,15,22,9,GK,LB,CB,CB,RB,DCM,DCM,CAM,RM,LM,F,
0-15,1,CD,1,8,,,,,,,,,,,,,,,,,,,,,1,7,3,19,12,8,2,18,15,22,9,GK,LB,CB,CB,RB,DCM,DCM,CAM,RM,LM,F,1
0-15,8,CM,Possession Lost,,,,,,,,,,,,,,,,,,,,,,1,7,3,19,12,8,2,18,15,22,9,GK,LB,CB,CB,RB,DCM,DCM,CAM,RM,LM,F,4
0-15,1,CD,,,,,,,,,,Run of Play,10,SOT,0,,,,,,,,,,1,7,3,19,12,8,2,18,15,22,9,GK,LB,CB,CB,RB,DCM,DCM,CAM,RM,LM,F,
0-15,1,CD,,,0,Possession Added,,,,,,,,,,,,,,,,,,,1,7,3,19,12,8,2,18,15,22,9,GK,LB,CB,CB,RB,DCM,DCM,CAM,RM,LM,F,
0-15,1,LD,1,3,,,,,,,,,,,,,,,,,,,,,1,7,3,19,12,8,2,18,15,22,9,GK,LB,CB,CB,RB,DCM,DCM,CAM,RM,LM,F,1
0-15,3,CM,1,8,,,,,,,,,,,,,,,,,,,,,1,7,3,19,12,8,2,18,15,22,9,GK,LB,CB,CB,RB,DCM,DCM,CAM,RM,LM,F,2
0-15,8,CM,0,22,,,,,,,,,,,,,,,,,,,,,1,7,3,19,12,8,2,18,15,22,9,GK,LB,CB,CB,RB,DCM,DCM,CAM,RM,LM,F,3
0-15,12,CD,,,6,Play Disrupted,,,,,,,,,,,,,,,,,,,1,7,3,19,12,8,2,18,15,22,9,GK,LB,CB,CB,RB,DCM,DCM,CAM,RM,LM,F,
0-15,7,LD,,,3,Play Disrupted,,,,,,,,,,,,,,,,,,,1,7,3,19,12,8,2,18,15,22,9,GK,LB,CB,CB,RB,DCM,DCM,CAM,RM,LM,F,
0-15,12,CD,,,2,Play Disrupted,,,,,,,,,,,,,,,,,,,1,7,3,19,12,8,2,18,15,22,9,GK,LB,CB,CB,RB,DCM,DCM,CAM,RM,LM,F,
0-15,7,LD,,,3,Play Disrupted,,,,,,,,,,,,,,,,,,,1,7,3,19,12,8,2,18,15,22,9,GK,LB,CB,CB,RB,DCM,DCM,CAM,RM,LM,F,
0-15,1,CD,,,4,Possession Added,,,,,,,,,,,,,,,,,,,1,7,3,19,12,8,2,18,15,22,9,GK,LB,CB,CB,RB,DCM,DCM,CAM,RM,LM,F,
0-15,1,LD,1,3,,,,,,,,,,,,,,,,,,,,,1,7,3,19,12,8,2,18,15,22,9,GK,LB,CB,CB,RB,DCM,DCM,CAM,RM,LM,F,1
0-15,3,CM,1,8,,,,,,,,,,,,,,,,,,,,,1,7,3,19,12,8,2,18,15,22,9,GK,LB,CB,CB,RB,DCM,DCM,CAM,RM,LM,F,3
0-15,8,LD,1,3,,,,,,,,,,,,,,,,,,,,,1,7,3,19,12,8,2,18,15,22,9,GK,LB,CB,CB,RB,DCM,DCM,CAM,RM,LM,F,1
0-15,3,LA,1,9,,,,,,,,,,,,,,,,,,,,,1,7,3,19,12,8,2,18,15,22,9,GK,LB,CB,CB,RB,DCM,DCM,CAM,RM,LM,F,3
0-15,9,LM,1,7,,,,,,,,,,,,,,,,,,,,,1,7,3,19,12,8,2,18,15,22,9,GK,LB,CB,CB,RB,DCM,DCM,CAM,RM,LM,F,3
0-15,7,LA,1,9,,,,,,,,,,,,,,,,,,,,,1,7,3,19,12,8,2,18,15,22,9,GK,LB,CB,CB,RB,DCM,DCM,CAM,RM,LM,F,2
0-15,9,LM,,,,,,,,,,,,,,Run of Play,30,SOT,6,9,7,9,3,8,1,7,3,19,12,8,2,18,15,22,9,GK,LB,CB,CB,RB,DCM,DCM,CAM,RM,LM,F,
0-15,1,CD,,,,,,,,,,Run of Play,8,SOT,4,,,,,,,,,,1,7,3,19,12,8,2,18,15,22,9,GK,LB,CB,CB,RB,DCM,DCM,CAM,RM,LM,F,
0-15,1,LD,1,3,,,,,,,,,,,,,,,,,,,,,1,7,3,19,12,8,2,18,15,22,9,GK,LB,CB,CB,RB,DCM,DCM,CAM,RM,LM,F,1
0-15,3,LM,1,2,,,,,,,,,,,,,,,,,,,,,1,7,3,19,12,8,2,18,15,22,9,GK,LB,CB,CB,RB,DCM,DCM,CAM,RM,LM,F,5
0-15,2,LD,1,3,,,,,,,,,,,,,,,,,,,,,1,7,3,19,12,8,2,18,15,22,9,GK,LB,CB,CB,RB,DCM,DCM,CAM,RM,LM,F,2
0-15,3,CM,0,8,,,,,,,,,,,,,,,,,,,,,1,7,3,19,12,8,2,18,15,22,9,GK,LB,CB,CB,RB,DCM,DCM,CAM,RM,LM,F,2
0-15,3,CD,,,,,,,,,,Run of Play,14,Shot Blocked,0,,,,,,,,,,1,7,3,19,12,8,2,18,15,22,9,GK,LB,CB,CB,RB,DCM,DCM,CAM,RM,LM,F,
15-30,19,CD,,,0,Possession Added,,,,,,,,,,,,,,,,,,,1,7,3,19,12,8,2,18,15,22,9,GK,LB,CB,CB,RB,DCM,DCM,CAM,RM,LM,F,
15-30,19,LM,1,18,,,,,,,,,,,,,,,,,,,,,1,7,3,19,12,8,2,18,15,22,9,GK,LB,CB,CB,RB,DCM,DCM,CAM,RM,LM,F,1
15-30,18,CA,Possession Lost,,,,,,,,,,,,,,,,,,,,,,1,7,3,19,12,8,2,18,15,22,9,GK,LB,CB,CB,RB,DCM,DCM,CAM,RM,LM,F,2
15-30,15,CM,,,6,Possession Added,,,,,,,,,,,,,,,,,,,1,7,3,19,12,8,2,18,15,22,9,GK,LB,CB,CB,RB,DCM,DCM,CAM,RM,LM,F,
15-30,15,RD,1,12,,,,,,,,,,,,,,,,,,,,,1,7,3,19,12,8,2,18,15,22,9,GK,LB,CB,CB,RB,DCM,DCM,CAM,RM,LM,F,2
15-30,12,RD,1,19,,,,,,,,,,,,,,,,,,,,,1,7,3,19,12,8,2,18,15,22,9,GK,LB,CB,CB,RB,DCM,DCM,CAM,RM,LM,F,3
15-30,19,LD,1,3,,,,,,,,,,,,,,,,,,,,,1,7,3,19,12,8,2,18,15,22,9,GK,LB,CB,CB,RB,DCM,DCM,CAM,RM,LM,F,2
15-30,3,CD,1,8,,,,,,,,,,,,,,,,,,,,,1,7,3,19,12,8,2,18,15,22,9,GK,LB,CB,CB,RB,DCM,DCM,CAM,RM,LM,F,3
15-30,8,LD,1,3,,,,,,,,,,,,,,,,,,,,,1,7,3,19,12,8,2,18,15,22,9,GK,LB,CB,CB,RB,DCM,DCM,CAM,RM,LM,F,5
15-30,3,RD,1,19,,,,,,,,,,,,,,,,,,,,,1,7,3,19,12,8,2,18,15,22,9,GK,LB,CB,CB,RB,DCM,DCM,CAM,RM,LM,F,3
15-30,19,CD,1,1,,,,,,,,,,,,,,,,,,,,,1,7,3,19,12,8,2,18,15,22,9,GK,LB,CB,CB,RB,DCM,DCM,CAM,RM,LM,F,2
15-30,1,CD,1,8,,,,,,,,,,,,,,,,,,,,,1,7,3,19,12,8,2,18,15,22,9,GK,LB,CB,CB,RB,DCM,DCM,CAM,RM,LM,F,2
15-30,8,LD,1,3,,,,,,,,,,,,,,,,,,,,,1,7,3,19,12,8,2,18,15,22,9,GK,LB,CB,CB,RB,DCM,DCM,CAM,RM,LM,F,3
15-30,3,LM,1,22,,,,,,,,,,,,,,,,,,,,,1,7,3,19,12,8,2,18,15,22,9,GK,LB,CB,CB,RB,DCM,DCM,CAM,RM,LM,F,3
15-30,22,LM,1,3,,,,,,,,,,,,,,,,,,,,,1,7,3,19,12,8,2,18,15,22,9,GK,LB,CB,CB,RB,DCM,DCM,CAM,RM,LM,F,2
15-30,3,LD,1,8,,,,,,,,,,,,,,,,,,,,,1,7,3,19,12,8,2,18,15,22,9,GK,LB,CB,CB,RB,DCM,DCM,CAM,RM,LM,F,2
15-30,8,CD,1,19,,,,,,,,,,,,,,,,,,,,,1,7,3,19,12,8,2,18,15,22,9,GK,LB,CB,CB,RB,DCM,DCM,CAM,RM,LM,F,4
15-30,19,CM,1,8,,,,,,,,,,,,,,,,,,,,,1,7,3,19,12,8,2,18,15,22,9,GK,LB,CB,CB,RB,DCM,DCM,CAM,RM,LM,F,3
15-30,8,CM,Possession Lost,,,,,,,,,,,,,,,,,,,,,,1,7,3,19,12,8,2,18,15,22,9,GK,LB,CB,CB,RB,DCM,DCM,CAM,RM,LM,F,4
15-30,8,LD,,,1,Possession Added,,Yes,,,,,,,,,,,,,,,,,1,7,3,19,12,8,2,18,15,22,9,GK,LB,CB,CB,RB,DCM,DCM,CAM,RM,LM,F,
15-30,8,LD,1,7,,,,,,,,,,,,,,,,,,,,,1,7,3,19,12,8,2,18,15,22,9,GK,LB,CB,CB,RB,DCM,DCM,CAM,RM,LM,F,1
15-30,7,LM,1,22,,,,,,,,,,,,,,,,,,,,,1,7,3,19,12,8,2,18,15,22,9,GK,LB,CB,CB,RB,DCM,DCM,CAM,RM,LM,F,2
15-30,22,LD,1,7,,,,,,,,,,,,,,,,,,,,,1,7,3,19,12,8,2,18,15,22,9,GK,LB,CB,CB,RB,DCM,DCM,CAM,RM,LM,F,1
15-30,7,LD,1,3,,,,,,,,,,,,,,,,,,,,,1,7,3,19,12,8,2,18,15,22,9,GK,LB,CB,CB,RB,DCM,DCM,CAM,RM,LM,F,2
15-30,3,CM,1,15,,,,,,,,,,,,,,,,,,,,,1,7,3,19,12,8,2,18,15,22,9,GK,LB,CB,CB,RB,DCM,DCM,CAM,RM,LM,F,3
15-30,15,CD,1,1,,,,,,,,,,,,,,,,,,,,,1,7,3,19,12,8,2,18,15,22,9,GK,LB,CB,CB,RB,DCM,DCM,CAM,RM,LM,F,1
15-30,1,RM,1,12,,,,,,,,,,,,,,,,,,,,,1,7,3,19,12,8,2,18,15,22,9,GK,LB,CB,CB,RB,DCM,DCM,CAM,RM,LM,F,3
15-30,12,RD,1,19,,,,,,,,,,,,,,,,,,,,,1,7,3,19,12,8,2,18,15,22,9,GK,LB,CB,CB,RB,DCM,DCM,CAM,RM,LM,F,3
15-30,19,CD,1,1,,,,,,,,,,,,,,,,,,,,,1,7,3,19,12,8,2,18,15,22,9,GK,LB,CB,CB,RB,DCM,DCM,CAM,RM,LM,F,2
15-30,1,RD,1,3,,,,,,,,,,,,,,,,,,,,,1,7,3,19,12,8,2,18,15,22,9,GK,LB,CB,CB,RB,DCM,DCM,CAM,RM,LM,F,3
15-30,3,LA,0,9,,,,,,,,,,,,,,,,,,,,,1,7,3,19,12,8,2,18,15,22,9,GK,LB,CB,CB,RB,DCM,DCM,CAM,RM,LM,F,6
15-30,7,CM,,,6,Play Disrupted,,,,,,,,,,,,,,,,,,,1,7,3,19,12,8,2,18,15,22,9,GK,LB,CB,CB,RB,DCM,DCM,CAM,RM,LM,F,
15-30,1,CD,,,7,Play Disrupted,,,,,,,,,,,,,,,,,,,1,7,3,19,12,8,2,18,15,22,9,GK,LB,CB,CB,RB,DCM,DCM,CAM,RM,LM,F,
15-30,8,CD,,,4,Play Disrupted,,,,,,,,,,,,,,,,,,,1,7,3,19,12,8,2,18,15,22,9,GK,LB,CB,CB,RB,DCM,DCM,CAM,RM,LM,F,
15-30,1,CD,,,1,Possession Added,,,,,,,,,,,,,,,,,,,1,7,3,19,12,8,2,18,15,22,9,GK,LB,CB,CB,RB,DCM,DCM,CAM,RM,LM,F,
15-30,1,LD,1,3,,,,,,,,,,,,,,,,,,,,,1,7,3,19,12,8,2,18,15,22,9,GK,LB,CB,CB,RB,DCM,DCM,CAM,RM,LM,F,1
15-30,3,LM,1,2,,,,,,,,,,,,,,,,,,,,,1,7,3,19,12,8,2,18,15,22,9,GK,LB,CB,CB,RB,DCM,DCM,CAM,RM,LM,F,3
15-30,2,LD,1,3,,,,,,,,,,,,,,,,,,,,,1,7,3,19,12,8,2,18,15,22,9,GK,LB,CB,CB,RB,DCM,DCM,CAM,RM,LM,F,3
15-30,3,CD,1,2,,,,,,,,,,,,,,,,,,,,,1,7,3,19,12,8,2,18,15,22,9,GK,LB,CB,CB,RB,DCM,DCM,CAM,RM,LM,F,2
15-30,2,RD,1,19,,,,,,,,,,,,,,,,,,,,,1,7,3,19,12,8,2,18,15,22,9,GK,LB,CB,CB,RB,DCM,DCM,CAM,RM,LM,F,2
15-30,19,CM,1,18,,,,,,,,,,,,,,,,,,,,,1,7,3,19,12,8,2,18,15,22,9,GK,LB,CB,CB,RB,DCM,DCM,CAM,RM,LM,F,2
15-30,18,RD,1,19,,,,,,,,,,,,,,,,,,,,,1,7,3,19,12,8,2,18,15,22,9,GK,LB,CB,CB,RB,DCM,DCM,CAM,RM,LM,F,1
15-30,19,LD,1,3,,,,,,,,,,,,,,,,,,,,,1,7,3,19,12,8,2,18,15,22,9,GK,LB,CB,CB,RB,DCM,DCM,CAM,RM,LM,F,3
15-30,3,LM,0,7,,,,,,,,,,,,,,,,,,,,,1,7,3,19,12,8,2,18,15,22,9,GK,LB,CB,CB,RB,DCM,DCM,CAM,RM,LM,F,2
15-30,7,LM,,,0,Possession Added,,,,,,,,,,,,,,,,,,,1,7,3,19,12,8,2,18,15,22,9,GK,LB,CB,CB,RB,DCM,DCM,CAM,RM,LM,F,
15-30,7,LM,1,3,,,,,,,,,,,,,,,,,,,,,1,7,3,19,12,8,2,18,15,22,9,GK,LB,CB,CB,RB,DCM,DCM,CAM,RM,LM,F,3
15-30,3,CM,1,19,,,,,,,,,,,,,,,,,,,,,1,7,3,19,12,8,2,18,15,22,9,GK,LB,CB,CB,RB,DCM,DCM,CAM,RM,LM,F,2
15-30,19,CM,1,18,,,,,,,,,,,,,,,,,,,,,1,7,3,19,12,8,2,18,15,22,9,GK,LB,CB,CB,RB,DCM,DCM,CAM,RM,LM,F,5
15-30,18,LM,1,3,,,,,,,,,,,,,,,,,,,,,1,7,3,19,12,8,2,18,15,22,9,GK,LB,CB,CB,RB,DCM,DCM,CAM,RM,LM,F,2
15-30,3,LA,0,7,,,,,,,,,,,,,,,,,,,,,1,7,3,19,12,8,2,18,15,22,9,GK,LB,CB,CB,RB,DCM,DCM,CAM,RM,LM,F,4
15-30,22,CM,,,7,Possession Added,,,,,,,,,,,,,,,,,,,1,7,3,19,12,8,2,18,15,22,9,GK,LB,CB,CB,RB,DCM,DCM,CAM,RM,LM,F,
15-30,22,CM,1,18,,,,,,,,,,,,,,,,,,,,,1,7,3,19,12,8,2,18,15,22,9,GK,LB,CB,CB,RB,DCM,DCM,CAM,RM,LM,F,1
15-30,18,RD,1,12,,,,,,,,,,,,,,,,,,,,,1,7,3,19,12,8,2,18,15,22,9,GK,LB,CB,CB,RB,DCM,DCM,CAM,RM,LM,F,2
15-30,12,CA,0,9,,,,,,,,,,,,,,,,,,,,,1,7,3,19,12,8,2,18,15,22,9,GK,LB,CB,CB,RB,DCM,DCM,CAM,RM,LM,F,2
15-30,1,RD,,,1,Possession Added,,,,,,,,,,,,,,,,,,,1,7,3,19,12,8,2,18,15,22,9,GK,LB,CB,CB,RB,DCM,DCM,CAM,RM,LM,F,
15-30,1,LD,1,3,,,,,,,,,,,,,,,,,,,,,1,7,3,19,12,8,2,18,15,22,9,GK,LB,CB,CB,RB,DCM,DCM,CAM,RM,LM,F,2
15-30,3,CD,1,8,,,,,,,,,,,,,,,,,,,,,1,7,3,19,12,8,2,18,15,22,9,GK,LB,CB,CB,RB,DCM,DCM,CAM,RM,LM,F,5
15-30,8,RD,1,19,,,,,,,,,,,,,,,,,,,,,1,7,3,19,12,8,2,18,15,22,9,GK,LB,CB,CB,RB,DCM,DCM,CAM,RM,LM,F,3
15-30,19,CD,1,8,,,,,,,,,,,,,,,,,,,,,1,7,3,19,12,8,2,18,15,22,9,GK,LB,CB,CB,RB,DCM,DCM,CAM,RM,LM,F,2
15-30,8,LM,1,3,,,,,,,,,,,,,,,,,,,,,1,7,3,19,12,8,2,18,15,22,9,GK,LB,CB,CB,RB,DCM,DCM,CAM,RM,LM,F,2
15-30,3,LM,1,22,,,,,,,,,,,,,,,,,,,,,1,7,3,19,12,8,2,18,15,22,9,GK,LB,CB,CB,RB,DCM,DCM,CAM,RM,LM,F,2
15-30,22,LM,1,18,,,,,,,,,,,,,,,,,,,,,1,7,3,19,12,8,2,18,15,22,9,GK,LB,CB,CB,RB,DCM,DCM,CAM,RM,LM,F,1
15-30,18,LA,1,7,,,,,,,,,,,,,,,,,,,,,1,7,3,19,12,8,2,18,15,22,9,GK,LB,CB,CB,RB,DCM,DCM,CAM,RM,LM,F,2
15-30,7,LM,,,,,,Yes,,,,,,,,,,,,,,,,,1,7,3,19,12,8,2,18,15,22,9,GK,LB,CB,CB,RB,DCM,DCM,CAM,RM,LM,F,
15-30,15,CA,0,19,,,,,,,,,,,,,,,,,,,,,1,7,3,19,12,8,2,18,15,22,9,GK,LB,CB,CB,RB,DCM,DCM,CAM,RM,LM,F,1
15-30,1,CD,,,3,Play Disrupted,,,,,,,,,,,,,,,,,,,1,7,3,19,12,8,2,18,15,22,9,GK,LB,CB,CB,RB,DCM,DCM,CAM,RM,LM,F,
15-30,2,CM,,,0,Possession Added,,,,,opp.,,,,,,,,,,,,,,1,7,3,19,12,8,2,18,15,22,9,GK,LB,CB,CB,RB,DCM,DCM,CAM,RM,LM,F,
15-30,2,LM,1,3,,,,,,,,,,,,,,,,,,,,,1,7,3,19,12,8,2,18,15,22,9,GK,LB,CB,CB,RB,DCM,DCM,CAM,RM,LM,F,1
15-30,3,LM,1,7,,,,,,,,,,,,,,,,,,,,,1,7,3,19,12,8,2,18,15,22,9,GK,LB,CB,CB,RB,DCM,DCM,CAM,RM,LM,F,2
15-30,7,LM,1,3,,,,,,,,,,,,,,,,,,,,,1,7,3,19,12,8,2,18,15,22,9,GK,LB,CB,CB,RB,DCM,DCM,CAM,RM,LM,F,1
15-30,3,CM,1,19,,,,,,,,,,,,,,,,,,,,,1,7,3,19,12,8,2,18,15,22,9,GK,LB,CB,CB,RB,DCM,DCM,CAM,RM,LM,F,2
15-30,19,CM,1,9,,,,,,,,,,,,,,,,,,,,,1,7,3,19,12,8,2,18,15,22,9,GK,LB,CB,CB,RB,DCM,DCM,CAM,RM,LM,F,4
15-30,9,RM,1,19,,,,,,,,,,,,,,,,,,,,,1,7,3,19,12,8,2,18,15,22,9,GK,LB,CB,CB,RB,DCM,DCM,CAM,RM,LM,F,1
15-30,19,CA,0,22,,,,,,,,,,,,,,,,,,,,,1,7,3,19,12,8,2,18,15,22,9,GK,LB,CB,CB,RB,DCM,DCM,CAM,RM,LM,F,3
15-30,15,RM,,,1,Possession Added,,,,,,,,,,,,,,,,,,,1,7,3,19,12,8,2,18,15,22,9,GK,LB,CB,CB,RB,DCM,DCM,CAM,RM,LM,F,
15-30,15,RM,1,19,,,,,,,,,,,,,,,,,,,,,1,7,3,19,12,8,2,18,15,22,9,GK,LB,CB,CB,RB,DCM,DCM,CAM,RM,LM,F,2
15-30,19,LM,1,3,,,,,,,,,,,,,,,,,,,,,1,7,3,19,12,8,2,18,15,22,9,GK,LB,CB,CB,RB,DCM,DCM,CAM,RM,LM,F,3
15-30,3,RM,1,19,,,,,,,,,,,,,,,,,,,,,1,7,3,19,12,8,2,18,15,22,9,GK,LB,CB,CB,RB,DCM,DCM,CAM,RM,LM,F,2
15-30,19,RM,1,15,,,,,,,,,,,,,,,,,,,,,1,7,3,19,12,8,2,18,15,22,9,GK,LB,CB,CB,RB,DCM,DCM,CAM,RM,LM,F,3
15-30,15,RM,,,,,Yes,,,,,,,,,,,,,,,,,,1,7,3,19,12,8,2,18,15,22,9,GK,LB,CB,CB,RB,DCM,DCM,CAM,RM,LM,F,
15-30,15,RA,,,6,Possession Added,,,,,,,,,,,,,,,,,,,1,7,3,19,12,8,2,18,15,22,9,GK,LB,CB,CB,RB,DCM,DCM,CAM,RM,LM,F,
15-30,12,CA,1,24,,,,,,,,,,,,,,,,,,,,,1,7,3,19,12,8,2,18,24,15,9,GK,LB,CB,CB,RB,DCM,DCM,CAM,LM,RM,F,1
15-30,22,CA,0,18,,,,,,,,,,,,,,,,,,,,,1,7,3,19,12,8,2,18,24,15,9,GK,LB,CB,CB,RB,DCM,DCM,CAM,LM,RM,F,1
15-30,12,RD,,,0,Possession Added,,,,,,,,,,,,,,,,,,,1,7,3,19,12,8,2,18,24,15,9,GK,LB,CB,CB,RB,DCM,DCM,CAM,LM,RM,F,
15-30,12,CD,1,1,,,,,,,,,,,,,,,,,,,,,1,7,3,19,12,8,2,18,24,15,9,GK,LB,CB,CB,RB,DCM,DCM,CAM,LM,RM,F,3
15-30,1,LD,1,3,,,,,,,,,,,,,,,,,,,,,1,7,3,19,12,8,2,18,24,15,9,GK,LB,CB,CB,RB,DCM,DCM,CAM,LM,RM,F,2
15-30,3,LM,1,7,,,,,,,,,,,,,,,,,,,,,1,7,3,19,12,8,2,18,24,15,9,GK,LB,CB,CB,RB,DCM,DCM,CAM,LM,RM,F,3
15-30,7,LD,1,3,,,,,,,,,,,,,,,,,,,,,1,7,3,19,12,8,2,18,24,15,9,GK,LB,CB,CB,RB,DCM,DCM,CAM,LM,RM,F,2
15-30,3,LM,1,2,,,,,,,,,,,,,,,,,,,,,1,7,3,19,12,8,2,18,24,15,9,GK,LB,CB,CB,RB,DCM,DCM,CAM,LM,RM,F,3
15-30,2,LD,1,3,,,,,,,,,,,,,,,,,,,,,1,7,3,19,12,8,2,18,24,15,9,GK,LB,CB,CB,RB,DCM,DCM,CAM,LM,RM,F,2
15-30,3,CM,0,18,,,,,,,,,,,,,,,,,,,,,1,7,3,19,12,8,2,18,24,15,9,GK,LB,CB,CB,RB,DCM,DCM,CAM,LM,RM,F,2
15-30,18,CM,,,0,Possession Added,,,,,,,,,,,,,,,,,,,1,7,3,19,12,8,2,18,24,15,9,GK,LB,CB,CB,RB,DCM,DCM,CAM,LM,RM,F,
15-30,18,CM,1,9,,,,,,,,,,,,,,,,,,,,,1,7,3,19,12,8,2,18,24,15,9,GK,LB,CB,CB,RB,DCM,DCM,CAM,LM,RM,F,3
15-30,9,CA,0,15,,,,,,,,,,,,,,,,,,,,,1,7,3,19,12,8,2,18,24,15,9,GK,LB,CB,CB,RB,DCM,DCM,CAM,LM,RM,F,3
15-30,2,LD,,,2,Possession Added,,,,,,,,,,,,,,,,,,,1,7,3,19,12,8,2,18,24,15,9,GK,LB,CB,CB,RB,DCM,DCM,CAM,LM,RM,F,
15-30,2,CD,1,3,,,,,,,,,,,,,,,,,,,,,1,7,3,19,12,8,2,18,24,15,9,GK,LB,CB,CB,RB,DCM,DCM,CAM,LM,RM,F,2
15-30,3,LD,1,2,,,,,,,,,,,,,,,,,,,,,1,7,3,19,12,8,2,18,24,15,9,GK,LB,CB,CB,RB,DCM,DCM,CAM,LM,RM,F,2
15-30,2,LM,1,8,,,,,,,,,,,,,,,,,,,,,1,7,3,19,12,8,2,18,24,15,9,GK,LB,CB,CB,RB,DCM,DCM,CAM,LM,RM,F,3
15-30,8,LM,0,7,,,,,,,,,,,,,,,,,,,,,1,7,3,19,12,8,2,18,24,15,9,GK,LB,CB,CB,RB,DCM,DCM,CAM,LM,RM,F,2
15-30,7,LM,,,3,Possession Added,,,,,,,,,,,,,,,,,,,1,7,3,19,12,8,2,18,24,15,9,GK,LB,CB,CB,RB,DCM,DCM,CAM,LM,RM,F,
15-30,7,LM,1,2,,,,,,,,,,,,,,,,,,,,,1,7,3,19,12,8,2,18,24,15,9,GK,LB,CB,CB,RB,DCM,DCM,CAM,LM,RM,F,1
15-30,2,LD,1,3,,,,,,,,,,,,,,,,,,,,,1,7,3,19,12,8,2,18,24,15,9,GK,LB,CB,CB,RB,DCM,DCM,CAM,LM,RM,F,2
15-30,3,RD,1,19,,,,,,,,,,,,,,,,,,,,,1,7,3,19,12,8,2,18,24,15,9,GK,LB,CB,CB,RB,DCM,DCM,CAM,LM,RM,F,3
15-30,19,CM,1,8,,,,,,,,,,,,,,,,,,,,,1,7,3,19,12,8,2,18,24,15,9,GK,LB,CB,CB,RB,DCM,DCM,CAM,LM,RM,F,2
15-30,8,LD,1,3,,,,,,,,,,,,,,,,,,,,,1,7,3,19,12,8,2,18,24,15,9,GK,LB,CB,CB,RB,DCM,DCM,CAM,LM,RM,F,2
15-30,3,LM,1,18,,,,,,,,,,,,,,,,,,,,,1,7,3,19,12,8,2,18,24,15,9,GK,LB,CB,CB,RB,DCM,DCM,CAM,LM,RM,F,5
15-30,18,CM,1,3,,,,,,,,,,,,,,,,,,,,,1,7,3,19,12,8,2,18,24,15,9,GK,LB,CB,CB,RB,DCM,DCM,CAM,LM,RM,F,1
15-30,3,LM,1,18,,,,,,,,,,,,,,,,,,,,,1,7,3,19,12,8,2,18,24,15,9,GK,LB,CB,CB,RB,DCM,DCM,CAM,LM,RM,F,2
15-30,18,LM,1,24,,,,,,,,,,,,,,,,,,,,,1,7,3,19,12,8,2,18,24,15,9,GK,LB,CB,CB,RB,DCM,DCM,CAM,LM,RM,F,3
15-30,24,LA,,7,,,,,,,,,,,,,,,,,,,,,1,7,3,19,12,8,2,18,24,15,9,GK,LB,CB,CB,RB,DCM,DCM,CAM,LM,RM,F,2
15-30,7,LA,1,18,,,,,,,,,,,,,,,,,,,,,1,7,3,19,12,8,2,18,24,15,9,GK,LB,CB,CB,RB,DCM,DCM,CAM,LM,RM,F,2
15-30,18,LA,,,,,,,,,,,,,,Run of Play,22,SOG,11,18,7,24,18,3,1,7,3,19,12,8,2,18,24,15,9,GK,LB,CB,CB,RB,DCM,DCM,CAM,LM,RM,F,
15-30,7,LA,1,9,,,,,,,,,,,,,,,,,,,,,1,7,3,19,12,8,2,16,24,15,9,GK,LB,CB,CB,RB,DCM,DCM,CAM,LM,RM,F,1
15-30,9,LA,1,24,,,,,,,,,,,,,,,,,,,,,1,7,3,19,12,8,2,16,24,15,9,GK,LB,CB,CB,RB,DCM,DCM,CAM,LM,RM,F,2
15-30,24,LM,1,7,,,,,,,,,,,,,,,,,,,,,1,7,3,19,12,8,2,16,24,15,9,GK,LB,CB,CB,RB,DCM,DCM,CAM,LM,RM,F,1
15-30,7,LM,1,3,,,,,,,,,,,,,,,,,,,,,1,7,3,19,12,8,2,16,24,15,9,GK,LB,CB,CB,RB,DCM,DCM,CAM,LM,RM,F,2
15-30,3,CM,1,19,,,,,,,,,,,,,,,,,,,,,1,7,3,19,12,8,2,16,24,15,9,GK,LB,CB,CB,RB,DCM,DCM,CAM,LM,RM,F,3
15-30,19,RM,1,12,,,,,,,,,,,,,,,,,,,,,1,7,3,19,12,8,2,16,24,15,9,GK,LB,CB,CB,RB,DCM,DCM,CAM,LM,RM,F,2
15-30,12,RA,0,2,,,,,,,,,,,,,,,,,,,,,1,7,3,19,12,8,2,16,24,15,9,GK,LB,CB,CB,RB,DCM,DCM,CAM,LM,RM,F,2
30-45,15,LA,1,7,,,,,,,,,,,,,,,,,,,,,1,7,3,19,12,8,2,16,24,15,9,GK,LB,CB,CB,RB,DCM,DCM,CAM,LM,RM,F,1
30-45,7,LA,1,15,,,,,,,,,,,,,,,,,,,,,1,7,3,19,12,8,2,16,24,15,9,GK,LB,CB,CB,RB,DCM,DCM,CAM,LM,RM,F,1
30-45,15,CA,0,16,,,,,,,,,,,,,,,,,,,,,1,7,3,19,12,8,2,16,24,15,9,GK,LB,CB,CB,RB,DCM,DCM,CAM,LM,RM,F,1
30-45,7,CA,0,16,,,,,,,,,,,,,,,,,,,,,1,7,3,19,12,8,2,16,24,15,9,GK,LB,CB,CB,RB,DCM,DCM,CAM,LM,RM,F,1
30-45,24,LM,,,0,Possession Added,,,,,,,,,,,,,,,,,,,1,7,3,19,12,8,2,16,24,15,9,GK,LB,CB,CB,RB,DCM,DCM,CAM,LM,RM,F,
30-45,24,CM,1,8,,,,,,,,,,,,,,,,,,,,,1,7,3,19,12,8,2,16,24,15,9,GK,LB,CB,CB,RB,DCM,DCM,CAM,LM,RM,F,3
30-45,8,LM,1,24,,,,,,,,,,,,,,,,,,,,,1,7,3,19,12,8,2,16,24,15,9,GK,LB,CB,CB,RB,DCM,DCM,CAM,LM,RM,F,1
30-45,24,CA,1,16,,,,,,,,,,,,,,,,,,,,,1,7,3,19,12,8,2,16,24,15,9,GK,LB,CB,CB,RB,DCM,DCM,CAM,LM,RM,F,2
30-45,16,CM,1,2,,,,,,,,,,,,,,,,,,,,,1,7,3,19,12,8,2,16,24,15,9,GK,LB,CB,CB,RB,DCM,DCM,CAM,LM,RM,F,3
30-45,2,LM,1,8,,,,,,,,,,,,,,,,,,,,,1,7,3,19,12,8,2,16,24,15,9,GK,LB,CB,CB,RB,DCM,DCM,CAM,LM,RM,F,2
30-45,8,LM,1,3,,,,,,,,,,,,,,,,,,,,,1,7,3,19,12,8,2,16,24,15,9,GK,LB,CB,CB,RB,DCM,DCM,CAM,LM,RM,F,2
30-45,3,RD,1,19,,,,,,,,,,,,,,,,,,,,,1,7,3,19,12,8,2,16,24,15,9,GK,LB,CB,CB,RB,DCM,DCM,CAM,LM,RM,F,2
30-45,19,CD,1,1,,,,,,,,,,,,,,,,,,,,,1,7,3,19,12,8,2,16,24,15,9,GK,LB,CB,CB,RB,DCM,DCM,CAM,LM,RM,F,3
30-45,1,RM,0,12,,,,,,,,,,,,,,,,,,,,,1,7,3,19,12,8,2,16,24,15,9,GK,LB,CB,CB,RB,DCM,DCM,CAM,LM,RM,F,2
30-45,12,RD,,,0,Play Disrupted,,,,,,,,,,,,,,,,,,,1,7,3,19,12,8,2,16,24,15,9,GK,LB,CB,CB,RB,DCM,DCM,CAM,LM,RM,F,
30-45,3,LD,,,6,Play Disrupted,,,,,,,,,,,,,,,,,,,1,7,3,19,12,8,2,16,24,15,9,GK,LB,CB,CB,RB,DCM,DCM,CAM,LM,RM,F,
30-45,8,LD,,,1,Play Disrupted,,,,,,,,,,,,,,,,,,,1,7,3,19,12,8,2,16,24,15,9,GK,LB,CB,CB,RB,DCM,DCM,CAM,LM,RM,F,
30-45,3,LD,,,2,Possession Added,,,,,,,,,,,,,,,,,,,1,7,3,19,12,8,2,16,24,15,9,GK,LB,CB,CB,RB,DCM,DCM,CAM,LM,RM,F,
30-45,3,LM,1,7,,,,,,,,,,,,,,,,,,,,,1,7,3,19,12,8,2,16,24,15,9,GK,LB,CB,CB,RB,DCM,DCM,CAM,LM,RM,F,1
30-45,7,LD,1,3,,,,,,,,,,,,,,,,,,,,,1,7,3,19,12,8,2,16,24,15,9,GK,LB,CB,CB,RB,DCM,DCM,CAM,LM,RM,F,2
30-45,3,LM,0,24,,,,,,,,,,,,,,,,,,,,,1,7,3,19,12,8,2,16,24,15,9,GK,LB,CB,CB,RB,DCM,DCM,CAM,LM,RM,F,3
30-45,8,LM,,,2,Play Disrupted,,,,,,,,,,,,,,,,,,,1,7,3,19,12,8,2,16,24,15,9,GK,LB,CB,CB,RB,DCM,DCM,CAM,LM,RM,F,
30-45,8,LM,,,,,,Yes,,,,,,,,,,,,,,,,,1,7,3,19,12,8,2,16,24,15,9,GK,LB,CB,CB,RB,DCM,DCM,CAM,LM,RM,F,
30-45,8,CD,1,19,,,,,,,,,,,,,,,,,,,,,1,7,3,19,12,8,2,16,24,15,9,GK,LB,CB,CB,RB,DCM,DCM,CAM,LM,RM,F,1
30-45,19,LD,1,3,,,,,,,,,,,,,,,,,,,,,1,7,3,19,12,8,2,16,24,15,9,GK,LB,CB,CB,RB,DCM,DCM,CAM,LM,RM,F,2
30-45,3,LA,0,9,,,,,,,,,,,,,,,,,,,,,1,7,3,19,12,8,2,16,24,15,9,GK,LB,CB,CB,RB,DCM,DCM,CAM,LM,RM,F,2
30-45,12,RD,,,2,Play Disrupted,,,,,,,,,,,,,,,,,,,1,7,3,19,12,8,2,16,24,15,9,GK,LB,CB,CB,RB,DCM,DCM,CAM,LM,RM,F,
30-45,12,RD,,,1,Possession Added,,,,,,,,,,,,,,,,,,,1,7,3,19,12,8,2,16,24,15,9,GK,LB,CB,CB,RB,DCM,DCM,CAM,LM,RM,F,
30-45,12,CM,1,9,,,,,,,,,,,,,,,,,,,,,1,7,3,19,12,8,2,16,24,15,9,GK,LB,CB,CB,RB,DCM,DCM,CAM,LM,RM,F,1
30-45,9,RM,1,15,,,,,,,,,,,,,,,,,,,,,1,7,3,19,12,8,2,16,24,15,9,GK,LB,CB,CB,RB,DCM,DCM,CAM,LM,RM,F,2
30-45,15,CA,0,2,,,,,,,,,,,,,,,,,,,,,1,7,3,19,12,8,2,16,24,15,9,GK,LB,CB,CB,RB,DCM,DCM,CAM,LM,RM,F,6
30-45,,,,,,,,,,,,,,,,,,,,,,,,,1,7,3,19,12,8,2,16,24,15,9,GK,LB,CB,CB,RB,DCM,DCM,CAM,LM,RM,F,
30-45,,,,,,,,,,,,,,,,,,,,,,,,,,,,,,,,,,,,,,,,,,,,,,,
30-45,3,LD,,,3,Play Disrupted,,,,,,,,,,,,,,,,,,,1,7,3,19,12,2,8,16,24,15,9,GK,LB,CB,CB,RB,DCM,DCM,CAM,LM,RM,F,
30-45,12,RD,,,1,Play Disrupted,,,,,,,,,,,,,,,,,,,1,7,3,19,12,2,8,16,24,15,9,GK,LB,CB,CB,RB,DCM,DCM,CAM,LM,RM,F,
30-45,15,RM,,,1,Play Disrupted,,,,,,,,,,,,,,,,,,,1,7,3,19,12,2,8,16,24,15,9,GK,LB,CB,CB,RB,DCM,DCM,CAM,LM,RM,F,
30-45,12,RD,,,1,Possession Added,,,,,,,,,,,,,,,,,,,1,7,3,19,12,2,8,16,24,15,9,GK,LB,CB,CB,RB,DCM,DCM,CAM,LM,RM,F,
30-45,12,LD,1,3,,,,,,,,,,,,,,,,,,,,,1,7,3,19,12,2,8,16,24,15,9,GK,LB,CB,CB,RB,DCM,DCM,CAM,LM,RM,F,2
30-45,3,LD,1,7,,,,,,,,,,,,,,,,,,,,,1,7,3,19,12,2,8,16,24,15,9,GK,LB,CB,CB,RB,DCM,DCM,CAM,LM,RM,F,1
30-45,7,LM,0,24,,,,,,,,,,,,,,,,,,,,,1,7,3,19,12,2,8,16,24,15,9,GK,LB,CB,CB,RB,DCM,DCM,CAM,LM,RM,F,2
30-45,12,CD,,,12,Possession Added,,,,,,,,,,,,,,,,,,,1,7,3,19,12,2,8,16,24,17,11,GK,LB,CB,CB,RB,DCM,DCM,CAM,LM,RM,F,
30-45,1,LD,1,3,,,,,,,,,,,,,,,,,,,,,1,7,3,19,12,2,8,16,24,17,11,GK,LB,CB,CB,RB,DCM,DCM,CAM,LM,RM,F,1
30-45,3,CD,1,1,,,,,,,,,,,,,,,,,,,,,1,7,3,19,12,2,8,16,24,17,11,GK,LB,CB,CB,RB,DCM,DCM,CAM,LM,RM,F,2
30-45,1,RD,1,19,,,,,,,,,,,,,,,,,,,,,1,7,3,19,12,2,8,16,24,17,11,GK,LB,CB,CB,RB,DCM,DCM,CAM,LM,RM,F,2
30-45,19,RM,1,12,,,,,,,,,,,,,,,,,,,,,1,7,3,19,12,2,8,16,24,17,11,GK,LB,CB,CB,RB,DCM,DCM,CAM,LM,RM,F,2
30-45,12,RM,1,16,,,,,,,,,,,,,,,,,,,,,1,7,3,19,12,2,8,16,24,17,11,GK,LB,CB,CB,RB,DCM,DCM,CAM,LM,RM,F,1
30-45,16,CA,1,11,,,,,,,,,,,,,,,,,,,,,1,7,3,19,12,2,8,16,24,17,11,GK,LB,CB,CB,RB,DCM,DCM,CAM,LM,RM,F,5
30-45,11,CA,1,2,,,,,,,,,,,,,,,,,,,,,1,7,3,19,12,2,8,16,24,17,11,GK,LB,CB,CB,RB,DCM,DCM,CAM,LM,RM,F,3
30-45,2,CA,0,24,,,,,,,,,,,,,,,,,,,,,1,7,3,19,12,2,8,16,24,17,11,GK,LB,CB,CB,RB,DCM,DCM,CAM,LM,RM,F,2
30-45,3,LD,,,3,Play Disrupted,,,,,,,,,,,,,,,,,,,1,7,3,19,12,2,8,16,24,17,11,GK,LB,CB,CB,RB,DCM,DCM,CAM,LM,RM,F,
30-45,1,CD,,,6,Possession Added,,,,,,Run of Play,18,SOT,6,,,,,,,,,,1,7,3,19,12,2,8,16,24,17,11,GK,LB,CB,CB,RB,DCM,DCM,CAM,LM,RM,F,
30-45,1,CD,1,8,,,,,,,,,,,,,,,,,,,,,1,7,3,19,12,2,8,16,24,17,11,GK,LB,CB,CB,RB,DCM,DCM,CAM,LM,RM,F,1
30-45,8,CM,1,2,,,,,,,,,,,,,,,,,,,,,1,7,3,19,12,2,8,16,24,17,11,GK,LB,CB,CB,RB,DCM,DCM,CAM,LM,RM,F,2
30-45,2,LD,1,3,,,,,,,,,,,,,,,,,,,,,1,7,3,19,12,2,8,16,24,17,11,GK,LB,CB,CB,RB,DCM,DCM,CAM,LM,RM,F,2
30-45,3,LM,1,24,,,,,,,,,,,,,,,,,,,,,1,7,3,19,12,2,8,16,24,17,11,GK,LB,CB,CB,RB,DCM,DCM,CAM,LM,RM,F,3
30-45,24,CM,1,9,,,,,,,,,,,,,,,,,,,,,1,7,3,19,12,2,8,16,24,17,11,GK,LB,CB,CB,RB,DCM,DCM,CAM,LM,RM,F,1
30-45,11,CM,1,2,,,,,,,,,,,,,,,,,,,,,1,7,3,19,12,2,8,16,24,17,11,GK,LB,CB,CB,RB,DCM,DCM,CAM,LM,RM,F,2
30-45,2,CD,1,8,,,,,,,,,,,,,,,,,,,,,1,7,3,19,12,2,8,16,24,17,11,GK,LB,CB,CB,RB,DCM,DCM,CAM,LM,RM,F,2
30-45,8,RD,1,19,,,,,,,,,,,,,,,,,,,,,1,7,3,19,12,2,8,16,24,17,11,GK,LB,CB,CB,RB,DCM,DCM,CAM,LM,RM,F,2
30-45,19,RM,1,11,,,,,,,,,,,,,,,,,,,,,1,7,3,19,12,2,8,16,24,17,11,GK,LB,CB,CB,RB,DCM,DCM,CAM,LM,RM,F,3
30-45,11,CA,0,24,,,,,,,,,,,,,,,,,,,,,1,7,3,19,12,2,8,16,24,17,11,GK,LB,CB,CB,RB,DCM,DCM,CAM,LM,RM,F,3
30-45,3,LD,,,5,Possession Added,,,,,,,,,,,,,,,,,,,1,7,3,19,12,2,8,16,24,17,11,GK,LB,CB,CB,RB,DCM,DCM,CAM,LM,RM,F,
30-45,3,LM,1,2,,,,,,,,,,,,,,,,,,,,,1,7,3,19,12,2,8,16,24,17,11,GK,LB,CB,CB,RB,DCM,DCM,CAM,LM,RM,F,2
30-45,2,CM,1,8,,,,,,,,,,,,,,,,,,,,,1,7,3,19,12,2,8,16,24,17,11,GK,LB,CB,CB,RB,DCM,DCM,CAM,LM,RM,F,3
30-45,8,LD,1,3,,,,,,,,,,,,,,,,,,,,,1,7,3,19,12,2,8,16,24,17,11,GK,LB,CB,CB,RB,DCM,DCM,CAM,LM,RM,F,4
30-45,3,CM,1,8,,,,,,,,,,,,,,,,,,,,,1,7,3,19,12,2,8,16,24,17,11,GK,LB,CB,CB,RB,DCM,DCM,CAM,LM,RM,F,5
30-45,8,LD,1,3,,,,,,,,,,,,,,,,,,,,,1,7,3,19,12,2,8,16,24,17,11,GK,LB,CB,CB,RB,DCM,DCM,CAM,LM,RM,F,2
30-45,3,LM,1,2,,,,,,,,,,,,,,,,,,,,,1,7,3,19,12,2,8,16,24,17,11,GK,LB,CB,CB,RB,DCM,DCM,CAM,LM,RM,F,2
30-45,2,LD,1,3,,,,,,,,,,,,,,,,,,,,,1,7,3,19,12,2,8,16,24,17,11,GK,LB,CB,CB,RB,DCM,DCM,CAM,LM,RM,F,1
30-45,3,LA,0,24,,,,,,,,,,,,,,,,,,,,,1,7,3,19,12,2,8,16,24,17,11,GK,LB,CB,CB,RB,DCM,DCM,CAM,LM,RM,F,5
30-45,3,LM,,,1,Possession Added,,,,,,,,,,,,,,,,,,,1,7,3,19,12,2,8,16,24,17,11,GK,LB,CB,CB,RB,DCM,DCM,CAM,LM,RM,F,
30-45,3,LM,1,2,,,,,,,,,,,,,,,,,,,,,1,7,3,19,12,2,8,16,24,17,11,GK,LB,CB,CB,RB,DCM,DCM,CAM,LM,RM,F,2
30-45,2,LM,0,24,,,,,,,,,,,,,,,,,,,,,1,7,3,19,12,2,8,16,24,17,11,GK,LB,CB,CB,RB,DCM,DCM,CAM,LM,RM,F,2
45-60,19,CD,,,7,Possession Added,,,,,,,,,,,,,,,,,,,1,7,3,19,12,2,8,16,24,17,11,GK,LB,CB,CB,RB,DCM,DCM,CAM,LM,RM,F,
45-60,19,CM,1,16,,,,,,,,,,,,,,,,,,,,,1,7,3,19,12,2,8,16,24,17,11,GK,LB,CB,CB,RB,DCM,DCM,CAM,LM,RM,F,1
45-60,16,CM,1,24,,,,,,,,,,,,,,,,,,,,,1,7,3,19,12,2,8,16,24,17,11,GK,LB,CB,CB,RB,DCM,DCM,CAM,LM,RM,F,2
45-60,24,RM,1,12,,,,,,,,,,,,,,,,,,,,,1,7,3,19,12,2,8,16,24,17,11,GK,LB,CB,CB,RB,DCM,DCM,CAM,LM,RM,F,2
45-60,12,RM,0,16,,,,,,,,,,,,,,,,,,,,,1,7,3,19,12,2,8,16,24,17,11,GK,LB,CB,CB,RB,DCM,DCM,CAM,LM,RM,F,3
45-60,12,CA,0,11,,,,,,,,,,,,,,,,,,,,,1,7,3,19,12,2,8,16,24,17,11,GK,LB,CB,CB,RB,DCM,DCM,CAM,LM,RM,F,1
45-60,8,CA,1,24,,,,,,,,,,,,,,,,,,,,,1,7,3,19,12,2,8,16,24,17,11,GK,LB,CB,CB,RB,DCM,DCM,CAM,LM,RM,F,1
45-60,24,LA,1,7,,,,,,,,,,,,,,,,,,,,,1,7,3,19,12,2,8,16,24,17,11,GK,LB,CB,CB,RB,DCM,DCM,CAM,LM,RM,F,3
45-60,7,CA,1,19,,,,,,,,,,,,,,,,,,,,,1,7,3,19,12,2,8,16,24,17,11,GK,LB,CB,CB,RB,DCM,DCM,CAM,LM,RM,F,3
45-60,19,CA,,,,,,,,,,,,,,Run of Play,8,Goal,3,19,7,24,12,,1,7,3,19,12,2,8,16,24,17,11,GK,LB,CB,CB,RB,DCM,DCM,CAM,LM,RM,F,
45-60,7,LM,,,2,Possession Added,,Yes,,,,,,,,,,,,,,,,,1,7,3,19,12,2,8,16,24,17,11,GK,LB,CB,CB,RB,DCM,DCM,CAM,LM,RM,F,
45-60,3,CM,1,2,,,,,,,,,,,,,,,,,,,,,1,7,3,19,12,2,8,16,24,17,11,GK,LB,CB,CB,RB,DCM,DCM,CAM,LM,RM,F,1
45-60,2,LA,1,17,,,,,,,,,,,,,,,,,,,,,1,7,3,19,12,2,8,16,24,17,11,GK,LB,CB,CB,RB,DCM,DCM,CAM,LM,RM,F,5
45-60,15,CA,1,11,,,,,,,,,,,,,,,,,,,,,1,7,3,19,12,2,8,16,24,17,11,GK,LB,CB,CB,RB,DCM,DCM,CAM,LM,RM,F,3
45-60,11,CA,,,,,,,,,,,,,,Run of Play,5,SOT,3,11,17,2,3,,1,7,3,19,12,2,8,16,24,17,11,GK,LB,CB,CB,RB,DCM,DCM,CAM,LM,RM,F,
45-60,24,LM,,,4,Play Disrupted,,,,,,,,,,,,,,,,,,,1,7,3,19,12,2,8,16,24,17,11,GK,LB,CB,CB,RB,DCM,DCM,CAM,LM,RM,F,
45-60,1,CD,,,0,Possession Added,,,,,,,,,,,,,,,,,,,1,7,3,19,12,2,8,16,24,17,11,GK,LB,CB,CB,RB,DCM,DCM,CAM,LM,RM,F,
45-60,1,CM,0,11,,,,,,,,,,,,,,,,,,,,,1,7,3,19,12,2,8,16,24,17,11,GK,LB,CB,CB,RB,DCM,DCM,CAM,LM,RM,F,1
45-60,7,CD,,,3,Possession Added,,Yes,,,,,,,,,,,,,,,,,1,7,3,19,12,2,8,16,24,17,11,GK,LB,CB,CB,RB,DCM,DCM,CAM,LM,RM,F,
45-60,2,RM,Possession Lost,17,,,,,,,,,,,,,,,,,,,,,1,7,3,19,12,2,8,16,24,17,11,GK,LB,CB,CB,RB,DCM,DCM,CAM,LM,RM,F,1
45-60,1,CD,,,4,Possession Added,,,,,,Run of Play,14,SOT,4,,,,,,,,,,1,7,3,19,12,2,8,16,24,17,11,GK,LB,CB,CB,RB,DCM,DCM,CAM,LM,RM,F,
45-60,1,CD,1,8,,,,,,,,,,,,,,,,,,,,,1,7,3,19,12,2,8,16,24,17,11,GK,LB,CB,CB,RB,DCM,DCM,CAM,LM,RM,F,1
45-60,8,CD,1,1,,,,,,,,,,,,,,,,,,,,,1,7,3,19,12,2,8,16,24,17,11,GK,LB,CB,CB,RB,DCM,DCM,CAM,LM,RM,F,1
45-60,1,LM,1,24,,,,,,,,,,,,,,,,,,,,,1,7,3,19,12,2,8,16,24,17,11,GK,LB,CB,CB,RB,DCM,DCM,CAM,LM,RM,F,1
45-60,24,CA,0,11,,,,,,,,,,,,,,,,,,,,,1,7,3,19,12,2,8,16,24,17,11,GK,LB,CB,CB,RB,DCM,DCM,CAM,LM,RM,F,2
45-60,16,CA,,,2,Possession Added,,Yes,opp.,,,,,,,,,,,,,,,,1,7,3,19,12,2,8,16,24,17,11,GK,LB,CB,CB,RB,DCM,DCM,CAM,LM,RM,F,
45-60,8,CA,0,2,,,,,,,,,,,,,,,,,,,,,1,7,3,19,12,2,8,16,24,17,11,GK,LB,CB,CB,RB,DCM,DCM,CAM,LM,RM,F,1
45-60,16,CA,0,11,,,,,,,,,,,,,,,,,,,,,1,7,3,19,12,2,8,16,24,17,11,GK,LB,CB,CB,RB,DCM,DCM,CAM,LM,RM,F,3
45-60,12,RM,0,16,,,,,,,,,,,,,,,,,,,,,1,7,3,19,12,2,8,16,24,17,11,GK,LB,CB,CB,RB,DCM,DCM,CAM,LM,RM,F,2
45-60,12,RM,,,1,Possession Added,,,,,,,,,,,,,,,,,,,1,7,3,19,12,2,8,16,24,17,11,GK,LB,CB,CB,RB,DCM,DCM,CAM,LM,RM,F,
45-60,12,RM,1,11,,,,,,,,,,,,,,,,,,,,,1,7,3,19,12,2,8,16,24,17,11,GK,LB,CB,CB,RB,DCM,DCM,CAM,LM,RM,F,2
45-60,11,RM,1,16,,,,,,,,,,,,,,,,,,,,,1,7,3,19,12,2,8,16,24,17,11,GK,LB,CB,CB,RB,DCM,DCM,CAM,LM,RM,F,1
45-60,16,RM,1,17,,,,,,,,,,,,,,,,,,,,,1,7,3,19,12,2,8,16,24,17,11,GK,LB,CB,CB,RB,DCM,DCM,CAM,LM,RM,F,2
45-60,17,RA,0,11,,,,,,,,,,,,,,,,,,,,,1,7,3,19,12,2,8,16,24,17,11,GK,LB,CB,CB,RB,DCM,DCM,CAM,LM,RM,F,1
45-60,24,LD,,,7,Play Disrupted,,,,,,,,,,,,,,,,,,,1,7,3,19,12,2,8,16,24,17,11,GK,LB,CB,CB,RB,DCM,DCM,CAM,LM,RM,F,
45-60,12,RD,,,3,Possession Added,,,,,,,,,,,,,,,,,,,1,7,3,19,12,2,8,16,24,17,11,GK,LB,CB,CB,RB,DCM,DCM,CAM,LM,RM,F,
45-60,12,RM,0,16,,,,Yes,,,,,,,,,,,,,,,,,1,7,3,19,12,2,8,16,24,17,11,GK,LB,CB,CB,RB,DCM,DCM,CAM,LM,RM,F,2
45-60,12,RM,0,11,,,,,,,,,,,,,,,,,,,,,1,7,3,19,12,2,8,16,24,17,11,GK,LB,CB,CB,RB,DCM,DCM,CAM,LM,RM,F,1
45-60,24,LM,,,5,Possession Added,,Yes,,,,,,,,,,,,,,,,,1,7,3,19,12,2,8,16,24,17,11,GK,LB,CB,CB,RB,DCM,DCM,CAM,LM,RM,F,
45-60,2,CM,1,8,,,,,,,,,,,,,,,,,,,,,1,7,3,19,12,2,8,16,24,17,11,GK,LB,CB,CB,RB,DCM,DCM,CAM,LM,RM,F,1
45-60,8,LM,1,7,,,,,,,,,,,,,,,,,,,,,1,7,3,19,12,2,8,16,24,17,11,GK,LB,CB,CB,RB,DCM,DCM,CAM,LM,RM,F,3
45-60,7,LM,1,2,,,,,,,,,,,,,,,,,,,,,1,7,3,19,12,2,8,16,24,17,11,GK,LB,CB,CB,RB,DCM,DCM,CAM,LM,RM,F,2
45-60,2,CM,0,16,,,,,,,,,,,,,,,,,,,,,1,7,3,19,12,2,8,16,24,17,11,GK,LB,CB,CB,RB,DCM,DCM,CAM,LM,RM,F,2
45-60,24,LD,,,4,Play Disrupted,,,,,,,,,,,,,,,,,,,1,7,3,19,12,2,8,16,24,17,11,GK,LB,CB,CB,RB,DCM,DCM,CAM,LM,RM,F,
45-60,1,CD,,,4,Possession Added,,,,,,Run of Play,10,Goal,4,,,,,,,,,,1,7,3,19,12,2,8,16,24,17,11,GK,LB,CB,CB,RB,DCM,DCM,CAM,LM,RM,F,
45-60,11,CM,1,16,,,,,,,,,,,,,,,,,,,,,1,7,3,19,12,2,8,16,24,17,11,GK,LB,CB,CB,RB,DCM,DCM,CAM,LM,RM,F,1
45-60,16,CM,1,8,,,,,,,,,,,,,,,,,,,,,1,7,3,19,12,2,8,16,24,17,11,GK,LB,CB,CB,RB,DCM,DCM,CAM,LM,RM,F,1
45-60,8,LM,1,7,,,,,,,,,,,,,,,,,,,,,1,7,3,19,12,2,8,16,24,17,11,GK,LB,CB,CB,RB,DCM,DCM,CAM,LM,RM,F,2
45-60,7,LM,1,24,,,,,,,,,,,,,,,,,,,,,1,7,3,19,12,2,8,16,24,17,11,GK,LB,CB,CB,RB,DCM,DCM,CAM,LM,RM,F,3
45-60,24,CA,0,11,,,,,,,,,,,,,,,,,,,,,1,7,3,19,12,2,8,16,24,17,11,GK,LB,CB,CB,RB,DCM,DCM,CAM,LM,RM,F,2
45-60,12,RM,,,3,Possession Added,,,,,,,,,,,,,,,,,,,1,7,3,19,12,2,8,16,24,17,11,GK,LB,CB,CB,RB,DCM,DCM,CAM,LM,RM,F,
45-60,12,CM,1,11,,,,,,,,,,,,,,,,,,,,,1,7,3,19,12,2,8,16,24,17,11,GK,LB,CB,CB,RB,DCM,DCM,CAM,LM,RM,F,2
45-60,11,CM,1,2,,,,,,,,,,,,,,,,,,,,,1,7,3,19,12,2,8,16,24,17,11,GK,LB,CB,CB,RB,DCM,DCM,CAM,LM,RM,F,5
45-60,2,CM,1,8,,,,,,,,,,,,,,,,,,,,,1,7,3,19,12,2,8,16,24,17,11,GK,LB,CB,CB,RB,DCM,DCM,CAM,LM,RM,F,1
45-60,8,CM,1,2,,,,,,,,,,,,,,,,,,,,,1,7,3,19,12,2,8,16,24,17,11,GK,LB,CB,CB,RB,DCM,DCM,CAM,LM,RM,F,1
45-60,2,RA,0,17,,,,,,,,,,,,,,,,,,,,,1,7,3,19,12,2,8,16,24,17,11,GK,LB,CB,CB,RB,DCM,DCM,CAM,LM,RM,F,2
45-60,16,CD,,,6,Possession Added,,,,,,,,,,,,,,,,,,,1,7,3,19,12,2,8,16,24,17,11,GK,LB,CB,CB,RB,DCM,DCM,CAM,LM,RM,F,
45-60,16,CM,1,2,,,,,,,,,,,,,,,,,,,,,1,7,3,19,12,2,8,16,24,17,11,GK,LB,CB,CB,RB,DCM,DCM,CAM,LM,RM,F,2
45-60,2,CA,0,11,,,,,,,,,,,,,,,,,,,,,1,7,3,19,12,2,8,16,24,17,11,GK,LB,CB,CB,RB,DCM,DCM,CAM,LM,RM,F,2
45-60,12,CA,0,17,,,,,,,,,,,,,,,,,,,,,1,7,3,19,12,2,8,16,24,17,11,GK,LB,CB,CB,RB,DCM,DCM,CAM,LM,RM,F,1
45-60,12,RM,1,11,,,,,,,,,,,,,,,,,,,,,1,7,3,19,12,2,8,16,24,17,11,GK,LB,CB,CB,RB,DCM,DCM,CAM,LM,RM,F,1
45-60,11,RM,1,2,,,,,,,,,,,,,,,,,,,,,1,7,3,19,12,2,8,16,24,17,11,GK,LB,CB,CB,RB,DCM,DCM,CAM,LM,RM,F,2
45-60,2,RM,1,12,,,,,,,,,,,,,,,,,,,,,1,7,3,19,12,2,8,16,24,17,11,GK,LB,CB,CB,RB,DCM,DCM,CAM,LM,RM,F,3
45-60,12,RM,1,16,,,,,,,,,,,,,,,,,,,,,1,7,3,19,12,2,8,16,24,17,11,GK,LB,CB,CB,RB,DCM,DCM,CAM,LM,RM,F,2
45-60,16,RM,,,,,,Yes,,,,,,,,,,,,,,,,,1,7,3,19,12,2,8,16,24,17,11,GK,LB,CB,CB,RB,DCM,DCM,CAM,LM,RM,F,
45-60,8,CA,0,24,,,,,,,,,,,,,,,,,,,,,1,7,3,19,12,2,8,16,24,17,11,GK,LB,CB,CB,RB,DCM,DCM,CAM,LM,RM,F,1
45-60,12,RD,,,4,Possession Added,,,,,,,,,,,,,,,,,,,1,7,3,19,12,2,8,16,24,17,11,GK,LB,CB,CB,RB,DCM,DCM,CAM,LM,RM,F,
45-60,12,RM,0,16,,,,,,,,,,,,,,,,,,,,,1,7,3,19,12,2,8,16,24,17,11,GK,LB,CB,CB,RB,DCM,DCM,CAM,LM,RM,F,1
45-60,17,RM,,,4,Play Disrupted,,,,,,,,,,,,,,,,,,,1,7,3,19,12,2,8,16,24,17,11,GK,LB,CB,CB,RB,DCM,DCM,CAM,LM,RM,F,
45-60,11,RM,,,4,Play Disrupted,Yes,,,,,,,,,,,,,,,,,,1,7,3,19,12,2,8,16,24,17,11,GK,LB,CB,CB,RB,DCM,DCM,CAM,LM,RM,F,
45-60,24,CM,,,5,Possession Added,,,,,,,,,,,,,,,,,,,1,7,3,19,12,2,8,16,24,17,11,GK,LB,CB,CB,RB,DCM,DCM,CAM,LM,RM,F,
45-60,24,CM,Possession Lost,,,,,,,,,,,,,,,,,,,,,,1,7,3,19,12,2,8,16,24,17,11,GK,LB,CB,CB,RB,DCM,DCM,CAM,LM,RM,F,4
45-60,3,CD,,,0,Possession Added,,,,,,,,,,,,,,,,,,,1,7,3,19,12,2,8,16,24,17,11,GK,LB,CB,CB,RB,DCM,DCM,CAM,LM,RM,F,
45-60,3,CM,1,8,,,,,,,,,,,,,,,,,,,,,1,7,3,19,12,2,8,16,24,17,11,GK,LB,CB,CB,RB,DCM,DCM,CAM,LM,RM,F,2
45-60,8,CD,1,3,,,,,,,,,,,,,,,,,,,,,1,7,3,19,12,2,8,16,24,17,11,GK,LB,CB,CB,RB,DCM,DCM,CAM,LM,RM,F,3
45-60,3,LD,1,7,,,,,,,,,,,,,,,,,,,,,1,7,3,19,12,2,8,16,24,17,11,GK,LB,CB,CB,RB,DCM,DCM,CAM,LM,RM,F,3
45-60,7,LA,0,24,,,,,,,,,,,,,,,,,,,,,1,7,3,19,12,2,8,16,24,17,11,GK,LB,CB,CB,RB,DCM,DCM,CAM,LM,RM,F,2
45-60,2,CM,,,6,Possession Added,,,,,,,,,,,,,,,,,,,1,7,3,19,12,2,8,16,24,17,11,GK,LB,CB,CB,RB,DCM,DCM,CAM,LM,RM,F,
45-60,2,CM,1,24,,,,,,,,,,,,,,,,,,,,,1,7,3,19,12,2,8,16,24,17,11,GK,LB,CB,CB,RB,DCM,DCM,CAM,LM,RM,F,4
45-60,24,CD,1,3,,,,,,,,,,,,,,,,,,,,,1,7,3,19,12,2,8,16,24,17,11,GK,LB,CB,CB,RB,DCM,DCM,CAM,LM,RM,F,2
45-60,3,CM,1,8,,,,,,,,,,,,,,,,,,,,,1,7,3,19,12,2,8,16,24,17,11,GK,LB,CB,CB,RB,DCM,DCM,CAM,LM,RM,F,2
45-60,8,CM,1,2,,,,,,,,,,,,,,,,,,,,,1,7,3,19,12,2,8,16,24,17,11,GK,LB,CB,CB,RB,DCM,DCM,CAM,LM,RM,F,3
45-60,2,RA,0,11,,,,,,,,,,,,,,,,,,,,,1,7,3,19,12,2,8,16,24,17,11,GK,LB,CB,CB,RB,DCM,DCM,CAM,LM,RM,F,3
60-75,12,RM,,,7,Possession Added,,,,,,,,,,,,,,,,,,,1,7,3,19,12,2,8,18,24,17,9,GK,LB,CB,CB,RB,DCM,DCM,CAM,LM,RM,F,
60-75,12,RM,1,17,,,,,,,,,,,,,,,,,,,,,1,7,3,19,12,2,8,18,24,17,9,GK,LB,CB,CB,RB,DCM,DCM,CAM,LM,RM,F,1
60-75,17,RM,1,12,,,,,,,,,,,,,,,,,,,,,1,7,3,19,12,2,8,18,24,17,9,GK,LB,CB,CB,RB,DCM,DCM,CAM,LM,RM,F,2
60-75,12,RM,1,9,,,,,,,,,,,,,,,,,,,,,1,7,3,19,12,2,8,18,24,17,9,GK,LB,CB,CB,RB,DCM,DCM,CAM,LM,RM,F,2
60-75,9,RA,0,17,,,,,,,,,,,,,,,,,,,,,1,7,3,19,12,2,8,18,24,17,9,GK,LB,CB,CB,RB,DCM,DCM,CAM,LM,RM,F,2
60-75,12,RM,,,3,Possession Added,,,,,,,,,,,,,,,,,,,1,7,3,19,12,2,8,18,24,17,9,GK,LB,CB,CB,RB,DCM,DCM,CAM,LM,RM,F,
60-75,12,CD,1,3,,,,,,,,,,,,,,,,,,,,,1,7,3,19,12,2,8,18,24,17,9,GK,LB,CB,CB,RB,DCM,DCM,CAM,LM,RM,F,2
60-75,3,CM,1,8,,,,,,,,,,,,,,,,,,,,,1,7,3,19,12,2,8,18,24,17,9,GK,LB,CB,CB,RB,DCM,DCM,CAM,LM,RM,F,2
60-75,8,CM,1,18,,,,,,,,,,,,,,,,,,,,,1,7,3,19,12,2,8,18,24,17,9,GK,LB,CB,CB,RB,DCM,DCM,CAM,LM,RM,F,3
60-75,18,LM,1,7,,,,,,,,,,,,,,,,,,,,,1,7,3,19,12,2,8,18,24,17,9,GK,LB,CB,CB,RB,DCM,DCM,CAM,LM,RM,F,2
60-75,7,LM,1,3,,,,,,,,,,,,,,,,,,,,,1,7,3,19,12,2,8,18,24,17,9,GK,LB,CB,CB,RB,DCM,DCM,CAM,LM,RM,F,3
60-75,3,CM,1,8,,,,,,,,,,,,,,,,,,,,,1,7,3,19,12,2,8,18,24,17,9,GK,LB,CB,CB,RB,DCM,DCM,CAM,LM,RM,F,2
60-75,8,CA,0,24,,,,,,,,,,,,,,,,,,,,,1,7,3,19,12,2,8,18,24,17,9,GK,LB,CB,CB,RB,DCM,DCM,CAM,LM,RM,F,2
60-75,7,CM,,,7,Possession Added,,,,,,,,,,,,,,,,,,,1,7,3,19,12,2,8,18,24,17,9,GK,LB,CB,CB,RB,DCM,DCM,CAM,LM,RM,F,
60-75,7,CD,1,1,,,,,,,,,,,,,,,,,,,,,1,7,3,19,12,2,8,18,24,17,9,GK,LB,CB,CB,RB,DCM,DCM,CAM,LM,RM,F,2
60-75,1,LD,1,3,,,,,,,,,,,,,,,,,,,,,1,7,3,19,12,2,8,18,24,17,9,GK,LB,CB,CB,RB,DCM,DCM,CAM,LM,RM,F,2
60-75,3,CM,1,24,,,,,,,,,,,,,,,,,,,,,1,7,3,19,12,2,8,18,24,17,9,GK,LB,CB,CB,RB,DCM,DCM,CAM,LM,RM,F,3
60-75,24,CM,1,8,,,,,,,,,,,,,,,,,,,,,1,7,3,19,12,2,8,18,24,17,9,GK,LB,CB,CB,RB,DCM,DCM,CAM,LM,RM,F,2
60-75,8,CM,1,2,,,,,,,,,,,,,,,,,,,,,1,7,3,19,12,2,8,18,24,17,9,GK,LB,CB,CB,RB,DCM,DCM,CAM,LM,RM,F,1
60-75,2,CM,0,9,,,,,,,,,,,,,,,,,,,,,1,7,3,19,12,2,8,18,24,17,9,GK,LB,CB,CB,RB,DCM,DCM,CAM,LM,RM,F,2
60-75,3,LM,1,2,,,,,,,,,,,,,,,,,,,,,1,7,3,19,12,2,8,18,24,17,9,GK,LB,CB,CB,RB,DCM,DCM,CAM,LM,RM,F,3
60-75,3,LM,1,2,,,,,,,,,,,,,,,,,,,,,1,7,3,19,12,2,8,18,24,17,9,GK,LB,CB,CB,RB,DCM,DCM,CAM,LM,RM,F,1
60-75,3,LM,1,2,,,,,,,,,,,,,,,,,,,,,1,7,3,19,12,2,8,18,24,17,9,GK,LB,CB,CB,RB,DCM,DCM,CAM,LM,RM,F,2
60-75,2,CM,1,9,,,,,,,,,,,,,,,,,,,,,1,7,3,19,12,2,8,18,24,17,9,GK,LB,CB,CB,RB,DCM,DCM,CAM,LM,RM,F,3
60-75,9,LA,1,7,,,,,,,,,,,,,,,,,,,,,1,7,3,19,12,2,8,18,24,17,9,GK,LB,CB,CB,RB,DCM,DCM,CAM,LM,RM,F,5
60-75,7,LA,1,9,,,,,,,,,,,,,,,,,,,,,1,7,3,19,12,2,8,18,24,17,9,GK,LB,CB,CB,RB,DCM,DCM,CAM,LM,RM,F,4
60-75,9,LA,Possession Lost,,,,,,,,,,,,,,,,,,,,,,1,7,3,19,12,2,8,18,24,17,9,GK,LB,CB,CB,RB,DCM,DCM,CAM,LM,RM,F,4
60-75,9,CA,,,,,Yes,,,,,,,,,,,,,,,,,,1,7,3,19,12,2,8,18,24,17,9,GK,LB,CB,CB,RB,DCM,DCM,CAM,LM,RM,F,
60-75,7,LD,,,6,Possession Added,,,,,,,,,,,,,,,,,,,1,7,3,19,12,2,8,18,24,17,9,GK,LB,CB,CB,RB,DCM,DCM,CAM,LM,RM,F,
60-75,7,LD,1,24,,,,,,,,,,,,,,,,,,,,,1,7,3,19,12,2,8,18,24,17,9,GK,LB,CB,CB,RB,DCM,DCM,CAM,LM,RM,F,1
60-75,24,CM,0,18,,,,,,,,,,,,,,,,,,,,,1,7,3,19,12,2,8,18,24,17,9,GK,LB,CB,CB,RB,DCM,DCM,CAM,LM,RM,F,2
60-75,17,RM,,,3,Possession Added,,,,,,,,,,,,,,,,,,,1,7,3,19,12,2,8,18,24,17,9,GK,LB,CB,CB,RB,DCM,DCM,CAM,LM,RM,F,
60-75,17,CA,1,2,,,,,,,,,,,,,,,,,,,,,1,7,3,19,12,2,8,18,24,17,9,GK,LB,CB,CB,RB,DCM,DCM,CAM,LM,RM,F,5
60-75,2,RA,1,18,,,,,,,,,,,,,,,,,,,,,1,7,3,19,12,2,8,18,24,17,9,GK,LB,CB,CB,RB,DCM,DCM,CAM,LM,RM,F,2
60-75,18,RA,,,,,,,,,,,,,,Run of Play,20,SOT,2,18,2,17,,,1,7,3,19,12,2,8,18,24,17,9,GK,LB,CB,CB,RB,DCM,DCM,CAM,LM,RM,F,
60-75,7,CD,,,8,Possession Added,,,,,,,,,,,,,,,,,,,1,7,3,19,12,2,8,18,15,17,9,GK,LB,CB,CB,RB,DCM,DCM,CAM,LM,RM,F,
60-75,7,CD,1,8,,,,,,,,,,,,,,,,,,,,,1,7,3,19,12,2,8,18,15,17,9,GK,LB,CB,CB,RB,DCM,DCM,CAM,LM,RM,F,1
60-75,8,CM,1,9,,,,,,,,,,,,,,,,,,,,,1,7,3,19,12,2,8,18,15,17,9,GK,LB,CB,CB,RB,DCM,DCM,CAM,LM,RM,F,3
60-75,9,CM,Possession Lost,,,,,,,,,,,,,,,,,,,,,,1,7,3,19,12,2,8,18,15,17,9,GK,LB,CB,CB,RB,DCM,DCM,CAM,LM,RM,F,4
60-75,3,LD,,,2,Play Disrupted,,,,,,,,,,,,,,,,,,,1,7,3,19,12,2,8,18,15,17,9,GK,LB,CB,CB,RB,DCM,DCM,CAM,LM,RM,F,
60-75,9,CM,,,1,Play Disrupted,,,,,,,,,,,,,,,,,,,1,7,3,19,12,2,8,18,15,17,9,GK,LB,CB,CB,RB,DCM,DCM,CAM,LM,RM,F,
60-75,1,CD,,,0,Possession Added,,,,,,,,,,,,,,,,,,,1,7,3,19,12,2,8,18,15,17,9,GK,LB,CB,CB,RB,DCM,DCM,CAM,LM,RM,F,
60-75,1,LD,1,3,,,,,,,,,,,,,,,,,,,,,1,7,3,19,12,2,8,18,15,17,9,GK,LB,CB,CB,RB,DCM,DCM,CAM,LM,RM,F,1
60-75,3,CD,1,1,,,,,,,,,,,,,,,,,,,,,1,7,3,19,12,2,8,18,15,17,9,GK,LB,CB,CB,RB,DCM,DCM,CAM,LM,RM,F,2
60-75,1,LD,1,3,,,,,,,,,,,,,,,,,,,,,1,7,3,19,12,2,8,18,15,17,9,GK,LB,CB,CB,RB,DCM,DCM,CAM,LM,RM,F,1
60-75,3,LM,0,7,,,,,,,,,,,,,,,,,,,,,1,7,3,19,12,2,8,18,15,17,9,GK,LB,CB,CB,RB,DCM,DCM,CAM,LM,RM,F,3
60-75,7,LM,1,3,,,,,,,,,,,,,,,,,,,,,1,7,3,19,12,2,8,18,15,17,9,GK,LB,CB,CB,RB,DCM,DCM,CAM,LM,RM,F,1
60-75,3,LM,1,7,,,,,,,,,,,,,,,,,,,,,1,7,3,19,12,2,8,18,15,17,9,GK,LB,CB,CB,RB,DCM,DCM,CAM,LM,RM,F,2
60-75,7,LM,1,3,,,,,,,,,,,,,,,,,,,,,1,7,3,19,12,2,8,18,15,17,9,GK,LB,CB,CB,RB,DCM,DCM,CAM,LM,RM,F,3
60-75,3,LA,0,15,,,,,,,,,,,,,,,,,,,,,1,7,3,19,12,2,8,18,15,17,9,GK,LB,CB,CB,RB,DCM,DCM,CAM,LM,RM,F,2
60-75,18,CM,,,1,Possession Added,,,,,,,,,,,,,,,,,,,1,7,3,19,12,2,8,18,15,17,9,GK,LB,CB,CB,RB,DCM,DCM,CAM,LM,RM,F,
60-75,18,LM,1,15,,,,,,,,,,,,,,,,,,,,,1,7,3,19,12,2,8,18,15,17,9,GK,LB,CB,CB,RB,DCM,DCM,CAM,LM,RM,F,2
60-75,15,CA,0,17,,,,,,,,,,,,,,,,,,,,,1,7,3,19,12,2,8,18,15,17,9,GK,LB,CB,CB,RB,DCM,DCM,CAM,LM,RM,F,2
60-75,12,RM,,,5,Possession Added,,,,,,,,,,,,,,,,,,,1,7,3,19,12,8,2,18,17,15,9,GK,LB,CB,CB,RB,DCM,DCM,CAM,RM,RM,,
60-75,,,,,,,,,,,,,,,,,,,,,,,,,1,7,3,19,12,8,2,18,22,15,9,GK,LB,CB,CB,RB,DCM,DCM,CAM,RM,RM,,
60-75,12,RM,0,18,,,,,,,,,,,,,,,,,,,,,1,7,3,19,12,8,2,18,22,15,9,GK,LB,CB,CB,RB,DCM,DCM,CAM,LM,RM,F,1
60-75,7,LD,,,3,Play Disrupted,,,,,,,,,,,,,,,,,,,1,7,3,19,12,8,2,18,22,15,9,GK,LB,CB,CB,RB,DCM,DCM,CAM,RM,LM,F,
60-75,1,CD,,,4,Possession Added,,,,,,,,,,,,,,,,,,,1,7,3,19,12,8,2,18,22,15,9,GK,LB,CB,CB,RB,DCM,DCM,CAM,RM,LM,F,
60-75,1,LM,0,15,,,,,,,,,,,,,,,,,,,,,1,7,3,19,12,8,2,18,22,15,9,GK,LB,CB,CB,RB,DCM,DCM,CAM,RM,LM,F,1
60-75,1,CD,,,2,Possession Added,,,,,,,,,,,,,,,,,,,1,7,3,19,12,8,2,18,22,15,9,GK,LB,CB,CB,RB,DCM,DCM,CAM,RM,LM,F,
60-75,1,CM,0,3,,,,,,,,,,,,,,,,,,,,,1,7,3,19,12,8,2,18,22,15,9,GK,LB,CB,CB,RB,DCM,DCM,CAM,RM,LM,F,1
60-75,3,CM,,,0,Play Disrupted,Yes,,,,,,,,,,,,,,,,,,1,7,3,19,12,8,2,18,22,15,9,GK,LB,CB,CB,RB,DCM,DCM,CAM,RM,LM,F,
60-75,1,CD,,,4,Possession Added,,,,,opp.,,,,,,,,,,,,,,1,7,3,19,12,8,2,18,22,15,9,GK,LB,CB,CB,RB,DCM,DCM,CAM,RM,LM,F,
60-75,1,CD,,,,,,,Yes,,,,,,,,,,,,,,,,1,7,3,19,12,8,2,18,22,15,9,GK,LB,CB,CB,RB,DCM,DCM,CAM,RM,LM,F,
60-75,1,CM,0,22,,,,,,,,,,,,,,,,,,,,,1,7,3,19,12,8,2,18,22,15,9,GK,LB,CB,CB,RB,DCM,DCM,CAM,RM,LM,F,1
60-75,2,CD,,,4,Play Disrupted,,,,,,,,,,,,,,,,,,,1,7,3,19,12,8,2,18,22,15,9,GK,LB,CB,CB,RB,DCM,DCM,CAM,RM,LM,F,
60-75,3,CD,,,3,Play Disrupted,,,,,,,,,,,,,,,,,,,1,7,3,19,12,8,2,18,22,15,9,GK,LB,CB,CB,RB,DCM,DCM,CAM,RM,LM,F,
60-75,12,RM,,,2,Possession Added,,Yes,,,,,,,,,,,,,,,,,1,7,3,19,12,8,2,18,22,15,9,GK,LB,CB,CB,RB,DCM,DCM,CAM,RM,LM,F,
60-75,19,CA,0,22,,,,,,,,,,,,,,,,,,,,,1,7,3,19,12,8,2,18,22,15,9,GK,LB,CB,CB,RB,DCM,DCM,CAM,RM,LM,F,1
60-75,22,RM,,,4,Play Disrupted,Yes,,,,,,,,,,,,,,,,,,1,7,3,19,12,8,2,18,22,15,9,GK,LB,CB,CB,RB,DCM,DCM,CAM,RM,LM,F,
60-75,1,CD,,,3,Possession Added,,,,,,,,,,,,,,,,,,,1,7,3,19,12,8,2,18,22,15,9,GK,LB,CB,CB,RB,DCM,DCM,CAM,RM,LM,F,
60-75,1,CM,0,9,,,,,,,,,,,,,,,,,,,,,1,7,3,19,12,8,2,18,22,15,9,GK,LB,CB,CB,RB,DCM,DCM,CAM,RM,LM,F,1
60-75,15,LA,1,9,,,,,,,,,,,,,,,,,,,,,1,7,3,19,12,8,2,18,22,15,9,GK,LB,CB,CB,RB,DCM,DCM,CAM,RM,LM,F,2
60-75,9,LM,1,7,,,,,,,,,,,,,,,,,,,,,1,7,3,19,12,8,2,18,22,15,9,GK,LB,CB,CB,RB,DCM,DCM,CAM,RM,LM,F,3
60-75,7,LM,1,3,,,,,,,,,,,,,,,,,,,,,1,7,3,19,12,8,2,18,22,15,9,GK,LB,CB,CB,RB,DCM,DCM,CAM,RM,LM,F,2
60-75,3,LM,1,7,,,,,,,,,,,,,,,,,,,,,1,7,3,19,12,8,2,18,22,15,9,GK,LB,CB,CB,RB,DCM,DCM,CAM,RM,LM,F,3
60-75,7,LM,1,15,,,,,,,,,,,,,,,,,,,,,1,7,3,19,12,8,2,18,22,15,9,GK,LB,CB,CB,RB,DCM,DCM,CAM,RM,LM,F,3
60-75,,,,,,,,,,,,,,,,,,,,,,,,,1,7,3,19,12,8,2,18,22,15,9,GK,LB,CB,CB,RB,DCM,DCM,CAM,RM,LM,F,
60-75,15,LM,,,,,Yes,,,,,,,,,,,,,,,,,,1,7,3,19,12,8,2,18,22,15,9,GK,LB,CB,CB,RB,DCM,DCM,CAM,RM,LM,F,
60-75,7,LD,,,4,Play Disrupted,,,,,,,,,,,,,,,,,,,1,7,3,19,12,8,2,18,22,15,9,GK,LB,CB,CB,RB,DCM,DCM,CAM,RM,LM,F,
60-75,12,RD,,,1,Play Disrupted,Yes,,,,,,,,,,,,,,,,,,1,7,3,19,12,8,2,18,22,15,9,GK,LB,CB,CB,RB,DCM,DCM,CAM,RM,LM,F,
75-90,1,CD,,,,,,,,,,Run of Play,25,SOT,4,,,,,,,,,,1,7,3,19,12,8,2,18,22,15,9,GK,LB,CB,CB,RB,DCM,DCM,CAM,RM,LM,F,
75-90,1,LM,0,15,,,,,,,,,,,,,,,,,,,,,1,7,3,19,12,8,2,18,22,15,9,GK,LB,CB,CB,RB,DCM,DCM,CAM,RM,LM,F,1
75-90,15,LM,,,1,Possession Added,,,,,,,,,,,,,,,,,,,1,7,3,19,12,8,2,18,22,15,9,GK,LB,CB,CB,RB,DCM,DCM,CAM,RM,LM,F,
75-90,15,LM,,,6,Play Disrupted,,,,,,,,,,,,,,,,,,,1,7,3,19,12,8,2,18,22,15,9,GK,LB,CB,CB,RB,DCM,DCM,CAM,RM,LM,F,
75-90,3,LD,,,3,Possession Added,,,,,,,,,,,,,,,,,,,1,7,3,19,12,8,2,18,22,15,9,GK,LB,CB,CB,RB,DCM,DCM,CAM,RM,LM,F,
75-90,3,LD,1,7,,,,,,,,,,,,,,,,,,,,,1,7,3,19,12,8,2,18,22,15,9,GK,LB,CB,CB,RB,DCM,DCM,CAM,RM,LM,F,2
75-90,7,CM,0,9,,,,,,,,,,,,,,,,,,,,,1,7,3,19,12,8,2,18,22,15,9,GK,LB,CB,CB,RB,DCM,DCM,CAM,RM,LM,F,2
75-90,8,LD,,,4,Play Disrupted,,,,,,,,,,,,,,,,,,,1,7,3,19,12,8,2,18,22,15,9,GK,LB,CB,CB,RB,DCM,DCM,CAM,RM,LM,F,
75-90,3,CD,,,5,Possession Added,,,,,,,,,,,,,,,,,,,1,7,3,19,12,8,2,18,22,15,9,GK,LB,CB,CB,RB,DCM,DCM,CAM,RM,LM,F,
75-90,3,CM,1,9,,,,,,,,,,,,,,,,,,,,,1,7,3,19,12,8,2,18,22,15,9,GK,LB,CB,CB,RB,DCM,DCM,CAM,RM,LM,F,1
75-90,9,LA,Possession Lost,,,,,,,,,,,,,,,,,,,,,,1,7,3,19,12,8,2,18,22,15,9,GK,LB,CB,CB,RB,DCM,DCM,CAM,RM,LM,F,6
75-90,12,CD,,,6,Possession Added,,,,,,,,,,,,,,,,,,,1,7,3,19,12,8,2,18,22,15,9,GK,LB,CB,CB,RB,DCM,DCM,CAM,RM,LM,F,
75-90,12,RD,0,22,,,,,,,,,,,,,,,,,,,,,1,7,3,19,12,8,2,18,22,15,9,GK,LB,CB,CB,RB,DCM,DCM,CAM,RM,LM,F,3
75-90,1,CD,,,,,,,,,,Run of Play,20,SOG,5,,,,,,,,,,1,7,3,19,12,8,2,18,22,15,9,GK,LB,CB,CB,RB,DCM,DCM,CAM,RM,LM,F,
75-90,1,LD,1,3,,,,,,,,,,,,,,,,,,,,,1,7,3,19,12,8,2,18,22,15,9,GK,LB,CB,CB,RB,DCM,DCM,CAM,RM,LM,F,1
75-90,3,CD,1,8,,,,,,,,,,,,,,,,,,,,,1,7,3,19,12,8,2,18,22,15,9,GK,LB,CB,CB,RB,DCM,DCM,CAM,RM,LM,F,2
75-90,8,LD,1,7,,,,,,,,,,,,,,,,,,,,,1,7,3,19,12,8,2,18,22,15,9,GK,LB,CB,CB,RB,DCM,DCM,CAM,RM,LM,F,2
75-90,7,LM,0,15,,,,,,,,,,,,,,,,,,,,,1,7,3,19,12,8,2,18,22,15,9,GK,LB,CB,CB,RB,DCM,DCM,CAM,RM,LM,F,1
75-90,8,LD,,,0,Play Disrupted,,,,,,,,,,,,,,,,,,,1,7,3,19,12,8,2,18,22,15,11,GK,LB,CB,CB,RB,DCM,DCM,CAM,RM,LM,F,
75-90,15,LM,,,3,Possession Added,,,,,,,,,,,,,,,,,,,1,7,3,19,12,8,2,18,22,15,11,GK,LB,CB,CB,RB,DCM,DCM,CAM,RM,LM,F,
75-90,15,LM,1,11,,,,,,,,,,,,,,,,,,,,,1,7,3,19,12,8,2,18,22,15,11,GK,LB,CB,CB,RB,DCM,DCM,CAM,RM,LM,F,2
75-90,11,LA,0,15,,,,,,,,,,,,,,,,,,,,,1,7,3,19,12,8,2,18,22,15,11,GK,LB,CB,CB,RB,DCM,DCM,CAM,RM,LM,F,3
75-90,7,LM,,,4,Possession Added,,,,,,,,,,,,,,,,,,,1,7,3,19,12,8,2,18,22,15,11,GK,LB,CB,CB,RB,DCM,DCM,CAM,RM,LM,F,
75-90,7,CM,1,18,,,,,,,,,,,,,,,,,,,,,1,7,3,19,12,8,2,18,22,15,11,GK,LB,CB,CB,RB,DCM,DCM,CAM,RM,LM,F,2
75-90,18,CM,1,2,,,,,,,,,,,,,,,,,,,,,1,7,3,19,12,8,2,18,22,15,11,GK,LB,CB,CB,RB,DCM,DCM,CAM,RM,LM,F,3
75-90,3,CM,1,8,,,,,,,,,,,,,,,,,,,,,1,7,3,19,12,8,2,18,22,15,11,GK,LB,CB,CB,RB,DCM,DCM,CAM,RM,LM,F,3
75-90,8,CM,1,15,,,,,,,,,,,,,,,,,,,,,1,7,3,19,12,8,2,18,22,15,11,GK,LB,CB,CB,RB,DCM,DCM,CAM,RM,LM,F,2
75-90,15,CM,Possession Lost,,,,,,,,,,,,,,,,,,,,,,1,7,3,19,12,8,2,18,22,15,11,GK,LB,CB,CB,RB,DCM,DCM,CAM,RM,LM,F,4
75-90,3,LD,,,5,Play Disrupted,,,,,,,,,,,,,,,,,,,1,7,3,19,12,8,2,18,22,15,11,GK,LB,CB,CB,RB,DCM,DCM,CAM,RM,LM,F,
75-90,15,CM,,,2,Possession Added,,,,,,,,,,,,,,,,,,,1,7,3,19,12,8,2,18,22,15,11,GK,LB,CB,CB,RB,DCM,DCM,CAM,RM,LM,F,
75-90,15,CM,1,8,,,,,,,,,,,,,,,,,,,,,1,7,3,19,12,8,2,18,22,15,11,GK,LB,CB,CB,RB,DCM,DCM,CAM,RM,LM,F,2
75-90,8,CM,1,15,,,,,,,,,,,,,,,,,,,,,1,7,3,19,12,8,2,18,22,15,11,GK,LB,CB,CB,RB,DCM,DCM,CAM,RM,LM,F,3
75-90,15,LM,0,2,,,,,,,,,,,,,,,,,,,,,1,7,3,19,12,8,2,18,22,15,11,GK,LB,CB,CB,RB,DCM,DCM,CAM,RM,LM,F,2
75-90,1,CD,,,3,Possession Added,,,,,,,,,,,,,,,,,,,1,7,3,19,12,8,2,18,22,15,11,GK,LB,CB,CB,RB,DCM,DCM,CAM,RM,LM,F,
75-90,1,LM,0,7,,,,,,,,,,,,,,,,,,,,,1,7,3,19,12,8,2,18,22,15,11,GK,LB,CB,CB,RB,DCM,DCM,CAM,RM,LM,F,1
75-90,,,,,,,,,,,,,,,,,,,,,,,,,1,7,3,19,12,8,2,16,17,15,11,GK,LB,CB,CB,RB,DCM,DCM,CAM,RM,LM,F,
75-90,1,CD,,,3,Possession Added,,,,,,,,,,,,,,,,,,,1,7,3,19,12,8,2,16,17,15,11,GK,LB,CB,CB,RB,DCM,DCM,CAM,RM,LM,F,
75-90,1,CM,1,11,,,,,,,,,,,,,,,,,,,,,1,7,3,19,12,8,2,16,17,15,11,GK,LB,CB,CB,RB,DCM,DCM,CAM,RM,LM,F,1
75-90,11,CM,1,16,,,,,,,,,,,,,,,,,,,,,1,7,3,19,12,8,2,16,17,15,11,GK,LB,CB,CB,RB,DCM,DCM,CAM,RM,LM,F,1
75-90,16,CM,1,3,,,,,,,,,,,,,,,,,,,,,1,7,3,19,12,8,2,16,17,15,11,GK,LB,CB,CB,RB,DCM,DCM,CAM,RM,LM,F,2
75-90,3,CM,1,16,,,,,,,,,,,,,,,,,,,,,1,7,3,19,12,8,2,16,17,15,11,GK,LB,CB,CB,RB,DCM,DCM,CAM,RM,LM,F,2
75-90,16,CM,1,19,,,,,,,,,,,,,,,,,,,,,1,7,3,19,12,8,2,16,17,15,11,GK,LB,CB,CB,RB,DCM,DCM,CAM,RM,LM,F,3
75-90,19,CD,1,1,,,,,,,,,,,,,,,,,,,,,1,7,3,19,12,8,2,16,17,15,11,GK,LB,CB,CB,RB,DCM,DCM,CAM,RM,LM,F,2
75-90,1,CM,0,11,,,,,,,,,,,,,,,,,,,,,1,7,3,19,12,8,2,16,17,15,11,GK,LB,CB,CB,RB,DCM,DCM,CAM,RM,LM,F,2
75-90,2,RM,,,4,Play Disrupted,Yes,,Yes,,,,,,,,,,,,,,,,1,7,3,19,12,8,2,16,17,15,11,GK,LB,CB,CB,RB,DCM,DCM,CAM,RM,LM,F,
75-90,17,RM,,,4,Play Disrupted,,,,,,,,,,,,,,,,,,,1,7,3,19,12,8,2,16,17,15,11,GK,LB,CB,CB,RB,DCM,DCM,CAM,RM,LM,F,
75-90,12,RD,,,3,Possession Added,,,,,,,,,,,,,,,,,,,1,7,3,19,12,8,2,16,17,15,11,GK,LB,CB,CB,RB,DCM,DCM,CAM,RM,LM,F,
75-90,12,RM,0,11,,,,,,,,,,,,,,,,,,,,,1,7,3,19,12,8,2,16,17,15,11,GK,LB,CB,CB,RB,DCM,DCM,CAM,RM,LM,F,1
75-90,12,RM,1,8,,,,Yes,,,,,,,,,,,,,,,,,1,7,3,19,12,8,2,16,17,15,11,GK,LB,CB,CB,RB,DCM,DCM,CAM,RM,LM,F,1
75-90,8,CA,0,19,,,,,,,,,,,,,,,,,,,,,1,7,3,19,12,8,2,16,17,15,11,GK,LB,CB,CB,RB,DCM,DCM,CAM,RM,LM,F,1
75-90,16,LM,,,3,Possession Added,,,,,,,,,,,,,,,,,,,1,7,3,19,12,8,2,16,17,15,11,GK,LB,CB,CB,RB,DCM,DCM,CAM,RM,LM,F,
75-90,16,CM,1,15,,,,,,,,,,,,,,,,,,,,,1,7,3,19,12,8,2,16,17,15,11,GK,LB,CB,CB,RB,DCM,DCM,CAM,RM,LM,F,2
75-90,15,CM,1,17,,,,,,,,,,,,,,,,,,,,,1,7,3,19,12,8,2,16,17,15,11,GK,LB,CB,CB,RB,DCM,DCM,CAM,RM,LM,F,3
75-90,17,RA,0,11,,,,,,,,,,,,,,,,,,,,,1,7,3,19,12,8,2,16,17,15,11,GK,LB,CB,CB,RB,DCM,DCM,CAM,RM,LM,F,2
75-90,8,CM,,,3,Play Disrupted,Yes,,,,,,,,,,,,,,,,,,1,7,3,19,12,8,2,16,17,15,11,GK,LB,CB,CB,RB,DCM,DCM,CAM,RM,LM,F,
75-90,1,CD,,,,,,,,,,Set Piece,25,SOG,0,,,,,,,,,,1,7,3,19,12,8,2,16,17,15,11,GK,LB,CB,CB,RB,DCM,DCM,CAM,RM,LM,F,
75-90,1,CM,0,11,,,,,,,,,,,,,,,,,,,,,1,7,3,19,12,8,2,16,17,15,11,GK,LB,CB,CB,RB,DCM,DCM,CAM,RM,LM,F,1
75-90,8,LM,,,2,Possession Added,,,,,,,,,,,,,,,,,,,1,7,3,19,12,8,2,16,17,15,11,GK,LB,CB,CB,RB,DCM,DCM,CAM,RM,LM,F,
75-90,7,LM,1,15,,,,,,,,,,,,,,,,,,,,,1,7,3,19,12,8,2,16,17,15,11,GK,LB,CB,CB,RB,DCM,DCM,CAM,RM,LM,F,3
75-90,15,CM,1,8,,,,,,,,,,,,,,,,,,,,,1,7,3,19,12,8,2,16,17,15,11,GK,LB,CB,CB,RB,DCM,DCM,CAM,RM,LM,F,2
75-90,8,CM,1,2,,,,,,,,,,,,,,,,,,,,,1,7,3,19,12,8,2,16,17,15,11,GK,LB,CB,CB,RB,DCM,DCM,CAM,RM,LM,F,3
75-90,2,RM,0,17,,,,,,,,,,,,,,,,,,,,,1,7,3,19,12,8,2,16,17,15,11,GK,LB,CB,CB,RB,DCM,DCM,CAM,RM,LM,F,2
75-90,17,RM,,,5,Possession Added,,,,,,,,,,,,,,,,,,,1,7,3,19,12,8,2,16,17,15,11,GK,LB,CB,CB,RB,DCM,DCM,CAM,RM,LM,F,
75-90,17,RM,1,16,,,,,,,,,,,,,,,,,,,,,1,7,3,19,12,8,2,16,17,15,11,GK,LB,CB,CB,RB,DCM,DCM,CAM,RM,LM,F,2
75-90,16,RA,1,17,,,,,,,,,,,,,,,,,,,,,1,7,3,19,12,8,2,16,17,15,11,GK,LB,CB,CB,RB,DCM,DCM,CAM,RM,LM,F,3
75-90,17,CA,0,11,,,,,,,,,,,,,,,,,,,,,1,7,3,19,12,8,2,16,17,15,11,GK,LB,CB,CB,RB,DCM,DCM,CAM,RM,LM,F,4