0-15,2,RM,,,3,Play Disrupted,,,,,,,,,,,,,,,,,,,1,7,19,3,12,2,8,19,15,22,9,GK,LB,CB,CB,RB,DCM,DCM,CAM,LM,RM,F,
0-15,1,CD,,,3,Possession Added,,,,,,,,,,,,,,,,,,,1,7,19,3,12,2,8,19,15,22,9,GK,LB,CB,CB,RB,DCM,DCM,CAM,LM,RM,F,
0-15,1,RD,1,19,,,,,,,,,,,,,,,,,,,,,1,7,19,3,12,2,8,19,15,22,9,GK,LB,CB,CB,RB,DCM,DCM,CAM,LM,RM,F,2
0-15,19,CM,1,2,,,,,,,,,,,,,,,,,,,,,1,7,19,3,12,2,8,19,15,22,9,GK,LB,CB,CB,RB,DCM,DCM,CAM,LM,RM,F,4
0-15,2,CD,1,19,,,,,,,,,,,,,,,,,,,,,1,7,19,3,12,2,8,19,15,22,9,GK,LB,CB,CB,RB,DCM,DCM,CAM,LM,RM,F,1
0-15,19,CD,Possession Lost,,,,,,,,,,,,,,,,,,,,,,1,7,19,3,12,2,8,19,15,22,9,GK,LB,CB,CB,RB,DCM,DCM,CAM,LM,RM,F,1
0-15,12,RD,,,0,Play Disrupted,,,,,,,,,,,,,,,,,,,1,7,19,3,12,2,8,19,15,22,9,GK,LB,CB,CB,RB,DCM,DCM,CAM,LM,RM,F,
0-15,3,CD,,,2,Play Disrupted,,,,,,,,,,,,,,,,,,,1,7,19,3,12,2,8,19,15,22,9,GK,LB,CB,CB,RB,DCM,DCM,CAM,LM,RM,F,
0-15,7,CD,,,1,Play Disrupted,,,,,,Run of Play,12,SOG,1,,,,,,,,,,1,7,19,3,12,2,8,19,15,22,9,GK,LB,CB,CB,RB,DCM,DCM,CAM,LM,RM,F,
0-15,1,CD,,,0,Play Disrupted,,,,,,,,,,,,,,,,,,,1,7,19,3,12,2,8,19,15,22,9,GK,LB,CB,CB,RB,DCM,DCM,CAM,LM,RM,F,
0-15,1,CD,,,0,Possession Added,,,,,,Run of Play,40,SOG,0,,,,,,,,,,1,7,19,3,12,2,8,19,15,22,9,GK,LB,CB,CB,RB,DCM,DCM,CAM,LM,RM,F,
0-15,1,LD,1,3,,,,,,,,,,,,,,,,,,,,,1,7,19,3,12,2,8,19,15,22,9,GK,LB,CB,CB,RB,DCM,DCM,CAM,LM,RM,F,1
0-15,3,LM,1,15,,,,,,,,,,,,,,,,,,,,,1,7,19,3,12,2,8,19,15,22,9,GK,LB,CB,CB,RB,DCM,DCM,CAM,LM,RM,F,2
0-15,15,LM,1,3,,,,,,,,,,,,,,,,,,,,,1,7,19,3,12,2,8,19,15,22,9,GK,LB,CB,CB,RB,DCM,DCM,CAM,LM,RM,F,2
0-15,3,LA,1,2,,,,,,,,,,,,,,,,,,,,,1,7,19,3,12,2,8,19,15,22,9,GK,LB,CB,CB,RB,DCM,DCM,CAM,LM,RM,F,1
0-15,2,LA,1,,,,,,,,,,,,,,,,,,,,,,1,7,19,3,12,2,8,19,15,22,9,GK,LB,CB,CB,RB,DCM,DCM,CAM,LM,RM,F,4
0-15,15,CA,0,2,,,,,,,,,,,,,,,,,,,,,1,7,19,3,12,2,8,19,15,22,9,GK,LB,CB,CB,RB,DCM,DCM,CAM,LM,RM,F,1
0-15,3,CM,,,1,Play Disrupted,Yes,,,,,,,,,,,,,,,,,,1,7,19,3,12,2,8,19,15,22,9,GK,LB,CB,CB,RB,DCM,DCM,CAM,LM,RM,F,
0-15,19,CD,,,3,Possession Added,,,,,,,,,,,,,,,,,,,1,7,19,3,12,2,8,19,15,22,9,GK,LB,CB,CB,RB,DCM,DCM,CAM,LM,RM,F,
0-15,19,LD,1,15,,,,,,,,,,,,,,,,,,,,,1,7,19,3,12,2,8,19,15,22,9,GK,LB,CB,CB,RB,DCM,DCM,CAM,LM,RM,F,2
0-15,15,CM,1,9,,,,,,,,,,,,,,,,,,,,,1,7,19,3,12,2,8,19,15,22,9,GK,LB,CB,CB,RB,DCM,DCM,CAM,LM,RM,F,2
0-15,9,CA,0,22,,,,,,,,,,,,,,,,,,,,,1,7,19,3,12,2,8,19,15,22,9,GK,LB,CB,CB,RB,DCM,DCM,CAM,LM,RM,F,2
0-15,15,LM,1,7,,,,,,,,,,,,,,,,,,,,,1,7,19,3,12,2,8,19,15,22,9,GK,LB,CB,CB,RB,DCM,DCM,CAM,LM,RM,F,1
0-15,7,LA,1,15,,,,,,,,,,,,,,,,,,,,,1,7,19,3,12,2,8,19,15,22,9,GK,LB,CB,CB,RB,DCM,DCM,CAM,LM,RM,F,4
0-15,15,CA,0,22,,,,,,,,,,,,,,,,,,,,,1,7,19,3,12,2,8,19,15,22,9,GK,LB,CB,CB,RB,DCM,DCM,CAM,LM,RM,F,2
0-15,19,RM,,,1,Play Disrupted,,,,,,,,,,,,,,,,,,,1,7,19,3,12,2,8,19,15,22,9,GK,LB,CB,CB,RB,DCM,DCM,CAM,LM,RM,F,
0-15,18,CM,,,7,Possession Added,,,,,,,,,,,,,,,,,,,1,7,19,3,12,2,8,18,15,22,9,GK,LB,CB,CB,RB,DCM,DCM,CAM,LM,RM,F,
0-15,18,CA,0,9,,,,,,,,,,,,,,,,,,,,,1,7,19,3,12,2,8,18,15,22,9,GK,LB,CB,CB,RB,DCM,DCM,CAM,LM,RM,F,1
0-15,1,CD,,,8,Possession Added,,,,,,,,,,,,,,,,,,,1,7,19,3,12,2,8,18,15,22,9,GK,LB,CB,CB,RB,DCM,DCM,CAM,LM,RM,F,
0-15,1,CM,1,9,,,,,,,,,,,,,,,,,,,,,1,7,19,3,12,2,8,18,15,22,9,GK,LB,CB,CB,RB,DCM,DCM,CAM,LM,RM,F,1
0-15,9,CM,Possession Lost,,,,,,,,,,,,,,,,,,,,,,1,7,19,3,12,2,8,18,15,22,9,GK,LB,CB,CB,RB,DCM,DCM,CAM,LM,RM,F,2
0-15,7,LD,,,7,Play Disrupted,,,,,,,,,,,,,,,,,,,1,7,19,3,12,2,8,18,15,22,9,GK,LB,CB,CB,RB,DCM,DCM,CAM,LM,RM,F,
0-15,7,LD,,,3,Possession Added,,,,,,,,,,,,,,,,,,,1,7,19,3,12,2,8,18,15,22,9,GK,LB,CB,CB,RB,DCM,DCM,CAM,LM,RM,F,
0-15,7,LD,1,15,,,,,,,,,,,,,,,,,,,,,1,7,19,3,12,2,8,18,15,22,9,GK,LB,CB,CB,RB,DCM,DCM,CAM,LM,RM,F,2
0-15,15,CM,0,22,,,Yes,,,,,,,,,,,,,,,,,,1,7,19,3,12,2,8,18,15,22,9,GK,LB,CB,CB,RB,DCM,DCM,CAM,LM,RM,F,2
0-15,1,CD,,,0,Possession Added,,,,,,,,,,,,,,,,,,,1,7,19,3,12,2,8,18,15,22,9,GK,LB,CB,CB,RB,DCM,DCM,CAM,LM,RM,F,
0-15,1,RM,1,9,,,,,,,,,,,,,,,,,,,,,1,7,19,3,12,2,8,18,15,22,9,GK,LB,CB,CB,RB,DCM,DCM,CAM,LM,RM,F,1
0-15,9,LM,1,12,,,,,,,,,,,,,,,,,,,,,1,7,19,3,12,2,8,18,15,22,9,GK,LB,CB,CB,RB,DCM,DCM,CAM,LM,RM,F,1
0-15,12,LA,1,9,,,,,,,,,,,,,,,,,,,,,1,7,19,3,12,2,8,18,15,22,9,GK,LB,CB,CB,RB,DCM,DCM,CAM,LM,RM,F,1
0-15,9,CA,1,18,,,,,,,,,,,,,,,,,,,,,1,7,19,3,12,2,8,18,15,22,9,GK,LB,CB,CB,RB,DCM,DCM,CAM,LM,RM,F,3
0-15,18,CA,,,,,,,,,,,,,,Run of Play,10,SOG,4,18,9,12,9,1,1,7,19,3,12,2,8,18,15,22,9,GK,LB,CB,CB,RB,DCM,DCM,CAM,LM,RM,F,
0-15,8,CM,,,4,Possession Added,,,,,,,,,,,,,,,,,,,1,7,19,3,12,2,8,18,15,22,9,GK,LB,CB,CB,RB,DCM,DCM,CAM,LM,RM,F,
0-15,8,CM,0,9,,,,,,,,,,,,,,,,,,,,,1,7,19,3,12,2,8,18,15,22,9,GK,LB,CB,CB,RB,DCM,DCM,CAM,LM,RM,F,1
0-15,2,CD,,,3,Play Disrupted,,,,,,,,,,,,,,,,,,,1,7,19,3,12,2,8,18,15,22,9,GK,LB,CB,CB,RB,DCM,DCM,CAM,LM,RM,F,
0-15,1,CD,,,3,Possession Added,,,,,,,,,,,,,,,,,,,1,7,19,3,12,2,8,18,15,22,9,GK,LB,CB,CB,RB,DCM,DCM,CAM,LM,RM,F,
0-15,1,RD,1,19,,,,,,,,,,,,,,,,,,,,,1,7,19,3,12,2,8,18,15,22,9,GK,LB,CB,CB,RB,DCM,DCM,CAM,LM,RM,F,1
0-15,19,CD,1,3,,,,,,,,,,,,,,,,,,,,,1,7,19,3,12,2,8,18,15,22,9,GK,LB,CB,CB,RB,DCM,DCM,CAM,LM,RM,F,5
0-15,3,LM,Possession Lost,7,,,,,,,,,,,,,,,,,,,,,1,7,19,3,12,2,8,18,15,22,9,GK,LB,CB,CB,RB,DCM,DCM,CAM,LM,RM,F,3
0-15,8,LD,,,0,Possession Added,,,,,,,,,,,,,,,,,,,1,7,19,3,12,2,8,18,15,22,9,GK,LB,CB,CB,RB,DCM,DCM,CAM,LM,RM,F,
0-15,8,LM,1,15,,,,,,,,,,,,,,,,,,,,,1,7,19,3,12,2,8,18,15,22,9,GK,LB,CB,CB,RB,DCM,DCM,CAM,LM,RM,F,1
0-15,15,CM,1,2,,,,,,,,,,,,,,,,,,,,,1,7,19,3,12,2,8,18,15,22,9,GK,LB,CB,CB,RB,DCM,DCM,CAM,LM,RM,F,2
0-15,2,CA,1,9,,,,,,,,,,,,,,,,,,,,,1,7,19,3,12,2,8,18,15,22,9,GK,LB,CB,CB,RB,DCM,DCM,CAM,LM,RM,F,2
0-15,9,CA,Possession Lost,,,,,,,,,,,,,,,,,,,,,,1,7,19,3,12,2,8,18,15,22,9,GK,LB,CB,CB,RB,DCM,DCM,CAM,LM,RM,F,2
0-15,3,CM,,,0,Play Disrupted,,,,,,,,,,,,,,,,,,,1,7,19,3,12,2,8,18,15,22,9,GK,LB,CB,CB,RB,DCM,DCM,CAM,LM,RM,F,
0-15,7,LM,,,2,Possession Added,,,,,,,,,,,,,,,,,,,1,7,19,3,12,2,8,18,15,22,9,GK,LB,CB,CB,RB,DCM,DCM,CAM,LM,RM,F,
0-15,7,LM,1,9,,,,,,,,,,,,,,,,,,,,,1,7,19,3,12,2,8,18,15,22,9,GK,LB,CB,CB,RB,DCM,DCM,CAM,LM,RM,F,1
0-15,9,LA,0,15,,,,,,,,,,,,,,,,,,,,,1,7,19,3,12,2,8,18,15,22,9,GK,LB,CB,CB,RB,DCM,DCM,CAM,LM,RM,F,4
0-15,7,CD,,,4,Play Disrupted,,,,,,,,,,,,,,,,,,,1,7,19,3,12,2,8,18,15,22,9,GK,LB,CB,CB,RB,DCM,DCM,CAM,LM,RM,F,
0-15,2,CD,,,0,Possession Added,,,,,,,,,,,,,,,,,,,1,7,19,3,12,2,8,18,15,22,9,GK,LB,CB,CB,RB,DCM,DCM,CAM,LM,RM,F,
0-15,2,CM,1,15,,,,,,,,,,,,,,,,,,,,,1,7,19,3,12,2,8,18,15,22,9,GK,LB,CB,CB,RB,DCM,DCM,CAM,LM,RM,F,1
0-15,15,CM,1,2,,,,,,,,,,,,,,,,,,,,,1,7,19,3,12,2,8,18,15,22,9,GK,LB,CB,CB,RB,DCM,DCM,CAM,LM,RM,F,2
0-15,2,RM,1,12,,,,,,,,,,,,,,,,,,,,,1,7,19,3,12,2,8,18,15,22,9,GK,LB,CB,CB,RB,DCM,DCM,CAM,LM,RM,F,1
0-15,12,CA,1,9,,,,,,,,,,,,,,,,,,,,,1,7,19,3,12,2,8,18,15,22,9,GK,LB,CB,CB,RB,DCM,DCM,CAM,LM,RM,F,3
0-15,9,CM,1,18,,,,,,,,,,,,,,,,,,,,,1,7,19,3,12,2,8,18,15,22,9,GK,LB,CB,CB,RB,DCM,DCM,CAM,LM,RM,F,3
0-15,18,CM,0,22,,,,,,,,,,,,,,,,,,,,,1,7,19,3,12,2,8,18,15,22,9,GK,LB,CB,CB,RB,DCM,DCM,CAM,LM,RM,F,2
0-15,7,CD,,,6,Possession Added,,,,,,,,,,,,,,,,,,7,1,7,19,3,12,2,8,18,15,22,9,GK,LB,CB,CB,RB,DCM,DCM,CAM,LM,RM,F,
0-15,7,LD,1,15,,,,,,,,,,,,,,,,,,,,,1,7,19,3,12,2,8,18,15,22,9,GK,LB,CB,CB,RB,DCM,DCM,CAM,LM,RM,F,1
0-15,15,CM,1,22,,,,,,,,,,,,,,,,,,,,,1,7,19,3,12,2,8,18,15,22,9,GK,LB,CB,CB,RB,DCM,DCM,CAM,LM,RM,F,2
0-15,22,LM,1,15,,,,,,,,,,,,,,,,,,,,,1,7,19,3,12,2,8,18,15,22,9,GK,LB,CB,CB,RB,DCM,DCM,CAM,LM,RM,F,2
0-15,15,CM,1,2,,,,,,,,,,,,,,,,,,,,,1,7,19,3,12,2,8,18,15,22,9,GK,LB,CB,CB,RB,DCM,DCM,CAM,LM,RM,F,1
0-15,2,CM,1,18,,,,,,,,,,,,,,,,,,,,,1,7,19,3,12,2,8,18,15,22,9,GK,LB,CB,CB,RB,DCM,DCM,CAM,LM,RM,F,1
0-15,18,RM,0,12,,,,,,,,,,,,,,,,,,,,,1,7,19,3,12,2,8,18,15,22,9,GK,LB,CB,CB,RB,DCM,DCM,CAM,LM,RM,F,2
0-15,9,CM,,,2,Possession Added,,,,,,,,,,,,,,,,,,,1,7,19,3,12,2,8,18,15,22,9,GK,LB,CB,CB,RB,DCM,DCM,CAM,LM,RM,F,
0-15,9,CM,1,15,,,,,,,,,,,,,,,,,,,,,1,7,19,3,12,2,8,18,15,22,9,GK,LB,CB,CB,RB,DCM,DCM,CAM,LM,RM,F,2
0-15,15,CM,1,2,,,,,,,,,,,,,,,,,,,,,1,7,19,3,12,2,8,18,15,22,9,GK,LB,CB,CB,RB,DCM,DCM,CAM,LM,RM,F,3
0-15,2,CM,1,8,,,,,,,,,,,,,,,,,,,,,1,7,19,3,12,2,8,18,15,22,9,GK,LB,CB,CB,RB,DCM,DCM,CAM,LM,RM,F,2
0-15,8,RM,1,12,,,,,,,,,,,,,,,,,,,,,1,7,19,3,12,2,8,18,15,22,9,GK,LB,CB,CB,RB,DCM,DCM,CAM,LM,RM,F,2
0-15,12,RD,1,19,,,,,,,,,,,,,,,,,,,,,1,7,19,3,12,2,8,18,15,22,9,GK,LB,CB,CB,RB,DCM,DCM,CAM,LM,RM,F,2
0-15,19,LD,1,3,,,,,,,,,,,,,,,,,,,,,1,7,19,3,12,2,8,18,15,22,9,GK,LB,CB,CB,RB,DCM,DCM,CAM,LM,RM,F,3
0-15,3,LM,1,7,,,,,,,,,,,,,,,,,,,,,1,7,19,3,12,2,8,18,15,22,9,GK,LB,CB,CB,RB,DCM,DCM,CAM,LM,RM,F,2
0-15,7,CA,1,9,,,,,,,,,,,,,,,,,,,,,1,7,19,3,12,2,8,18,15,22,9,GK,LB,CB,CB,RB,DCM,DCM,CAM,LM,RM,F,6
0-15,9,LA,1,,,,,,,,,,,,,,,,,,,,,,1,7,19,3,12,2,8,18,15,22,9,GK,LB,CB,CB,RB,DCM,DCM,CAM,LM,RM,F,3
0-15,7,LA,1,9,,,,,,,,,,,,,,,,,,,,,1,7,19,3,12,2,8,18,15,22,9,GK,LB,CB,CB,RB,DCM,DCM,CAM,LM,RM,F,1
0-15,9,LA,Possession Lost,,,,,,,,,,,,,,,,,,,,,,1,7,19,3,12,2,8,18,15,22,9,GK,LB,CB,CB,RB,DCM,DCM,CAM,LM,RM,F,3
0-15,3,CM,,,0,Possession Added,,,,,,,,,,,,,,,,,,,1,7,19,3,12,2,8,18,15,22,9,GK,LB,CB,CB,RB,DCM,DCM,CAM,LM,RM,F,
0-15,3,LM,1,8,,,,,,,,,,,,,,,,,,,,,1,7,19,3,12,2,8,18,15,22,9,GK,LB,CB,CB,RB,DCM,DCM,CAM,LM,RM,F,1
0-15,8,CA,1,9,,,,,,,,,,,,,,,,,,,,,1,7,19,3,12,2,8,18,15,22,9,GK,LB,CB,CB,RB,DCM,DCM,CAM,LM,RM,F,3
0-15,9,CA,,,,,,,,,,,,,,Run of Play,22,SOG,2,9,8,3,,,1,7,19,3,12,2,8,18,15,22,9,GK,LB,CB,CB,RB,DCM,DCM,CAM,LM,RM,F,3
0-15,15,CA,1,9,,,,,,,,,,,,,,,,,,,,,1,7,19,3,12,2,8,18,15,22,9,GK,LB,CB,CB,RB,DCM,DCM,CAM,LM,RM,F,1
0-15,9,CA,,,,,,,,,,,,,,Set Piece,6,SOT,1,9,15,,,,1,7,19,3,12,2,8,18,15,22,9,GK,LB,CB,CB,RB,DCM,DCM,CAM,LM,RM,F,
0-15,19,RD,,,7,Play Disrupted,,,,,,,,,,,,,,,,,,,1,7,19,3,12,2,8,18,15,22,9,GK,LB,CB,CB,RB,DCM,DCM,CAM,LM,RM,F,
15-30,12,RM,,,0,Play Disrupted,Yes,,,,,,,,,,,,,,,,,,1,7,19,3,12,2,8,18,15,22,9,GK,LB,CB,CB,RB,DCM,DCM,CAM,LM,RM,F,
15-30,2,CD,,,2,Play Disrupted,,,,,,,,,,,,,,,,,,,1,7,19,3,12,2,8,18,15,22,9,GK,LB,CB,CB,RB,DCM,DCM,CAM,LM,RM,F,
15-30,7,CD,,,1,Possession Added,,,,,,,,,,,,,,,,,,,1,7,19,3,12,2,8,18,15,22,9,GK,LB,CB,CB,RB,DCM,DCM,CAM,LM,RM,F,
15-30,7,CM,1,15,,,,,,,,,,,,,,,,,,,,,1,7,19,3,12,2,8,18,15,22,9,GK,LB,CB,CB,RB,DCM,DCM,CAM,LM,RM,F,2
15-30,15,CM,1,8,,,,,,,,,,,,,,,,,,,,,1,7,19,3,12,2,8,18,15,22,9,GK,LB,CB,CB,RB,DCM,DCM,CAM,LM,RM,F,5
15-30,8,RM,0,22,,,,,,,,,,,,,,,,,,,,,1,7,19,3,12,2,8,18,15,22,9,GK,LB,CB,CB,RB,DCM,DCM,CAM,LM,RM,F,2
15-30,19,CD,,,0,Possession Added,,,,,,,,,,,,,,,,,,,1,7,19,3,12,2,8,18,15,22,9,GK,LB,CB,CB,RB,DCM,DCM,CAM,LM,RM,F,
15-30,19,CD,1,3,,,,,,,,,,,,,,,,,,,,,1,7,19,3,12,2,8,18,15,22,9,GK,LB,CB,CB,RB,DCM,DCM,CAM,LM,RM,F,2
15-30,3,RD,1,19,,,,,,,,,,,,,,,,,,,,,1,7,19,3,12,2,8,18,15,22,9,GK,LB,CB,CB,RB,DCM,DCM,CAM,LM,RM,F,1
15-30,19,CM,1,8,,,,,,,,,,,,,,,,,,,,,1,7,19,3,12,2,8,18,15,22,9,GK,LB,CB,CB,RB,DCM,DCM,CAM,LM,RM,F,5
15-30,8,RM,1,12,,,,,,,,,,,,,,,,,,,,,1,7,19,3,12,2,8,18,15,22,9,GK,LB,CB,CB,RB,DCM,DCM,CAM,LM,RM,F,3
15-30,12,RD,1,19,,,,,,,,,,,,,,,,,,,,,1,7,19,3,12,2,8,18,15,22,9,GK,LB,CB,CB,RB,DCM,DCM,CAM,LM,RM,F,4
15-30,19,CM,1,18,,,,,,,,,,,,,,,,,,,,,1,7,19,3,12,2,8,18,15,22,9,GK,LB,CB,CB,RB,DCM,DCM,CAM,LM,RM,F,3
15-30,18,CM,Possession Lost,,,,Yes,,,,,,,,,,,,,,,,,,1,7,19,3,12,2,8,18,15,22,9,GK,LB,CB,CB,RB,DCM,DCM,CAM,LM,RM,F,2
15-30,7,LD,,,3,Play Disrupted,,,,,,,,,,,,,,,,,,,1,7,19,3,12,2,8,18,15,22,9,GK,LB,CB,CB,RB,DCM,DCM,CAM,LM,RM,F,
15-30,19,CD,,,0,Possession Added,,,,,,,,,,,,,,,,,,,1,7,19,3,12,2,8,18,15,22,9,GK,LB,CB,CB,RB,DCM,DCM,CAM,LM,RM,F,
15-30,19,RM,1,22,,,,,,,,,,,,,,,,,,,,,1,7,19,3,12,2,8,18,15,22,9,GK,LB,CB,CB,RB,DCM,DCM,CAM,LM,RM,F,1
15-30,22,CM,Possession Lost,,,,,,,,,,,,,,,,,,,,,,1,7,19,3,12,2,8,18,15,22,9,GK,LB,CB,CB,RB,DCM,DCM,CAM,LM,RM,F,4
15-30,22,CM,,,0,Possession Added,,Yes,,,,,,,,,,,,,,,,,1,7,19,3,12,2,8,18,15,22,9,GK,LB,CB,CB,RB,DCM,DCM,CAM,LM,RM,F,
15-30,8,LM,1,7,,,,,,,,,,,,,,,,,,,,,1,7,19,3,12,2,8,18,15,22,9,GK,LB,CB,CB,RB,DCM,DCM,CAM,LM,RM,F,1
15-30,7,LM,1,18,,,,,,,,,,,,,,,,,,,,,1,7,19,3,12,2,8,18,15,22,9,GK,LB,CB,CB,RB,DCM,DCM,CAM,LM,RM,F,3
15-30,18,CA,0,15,,,,,,,,,,,,,,,,,,,,,1,7,19,3,12,2,8,18,15,22,9,GK,LB,CB,CB,RB,DCM,DCM,CAM,LM,RM,F,2
15-30,18,CA,1,22,,,,,,,,,,,,,,,,,,,,,1,7,19,3,12,2,8,18,15,22,9,GK,LB,CB,CB,RB,DCM,DCM,CAM,LM,RM,F,2
15-30,22,CA,,,,,,,,,,,,,,Run of Play,6,SOG,1,22,18,,,,1,7,19,3,12,2,8,18,15,22,9,GK,LB,CB,CB,RB,DCM,DCM,CAM,LM,RM,F,4
15-30,1,CD,,,7,Possession Added,,,,,,,,,,,,,,,,,,,1,7,19,3,12,2,8,18,15,22,9,GK,LB,CB,CB,RB,DCM,DCM,CAM,LM,RM,F,
15-30,1,RD,1,12,,,,,,,,,,,,,,,,,,,,,1,7,19,3,12,2,8,18,15,22,9,GK,LB,CB,CB,RB,DCM,DCM,CAM,LM,RM,F,1
15-30,12,RM,1,22,,,,,,,,,,,,,,,,,,,,,1,7,19,3,12,2,8,18,15,22,9,GK,LB,CB,CB,RB,DCM,DCM,CAM,LM,RM,F,2
15-30,22,RM,1,12,,,,,,,,,,,,,,,,,,,,,1,7,19,3,12,2,8,18,15,22,9,GK,LB,CB,CB,RB,DCM,DCM,CAM,LM,RM,F,2
15-30,12,RD,1,19,,,,,,,,,,,,,,,,,,,,,1,7,19,3,12,2,8,18,15,22,9,GK,LB,CB,CB,RB,DCM,DCM,CAM,LM,RM,F,2
15-30,19,LD,1,2,,,,,,,,,,,,,,,,,,,,,1,7,19,3,12,2,8,18,15,22,9,GK,LB,CB,CB,RB,DCM,DCM,CAM,LM,RM,F,2
15-30,2,CD,1,1,,,,,,,,,,,,,,,,,,,,,1,7,19,3,12,2,8,18,15,22,9,GK,LB,CB,CB,RB,DCM,DCM,CAM,LM,RM,F,1
15-30,1,LD,1,3,,,,,,,,,,,,,,,,,,,,,1,7,19,3,12,2,8,18,15,22,9,GK,LB,CB,CB,RB,DCM,DCM,CAM,LM,RM,F,2
15-30,3,LA,0,7,,,,,,,,,,,,,,,,,,,,,1,7,19,3,12,2,8,18,15,22,9,GK,LB,CB,CB,RB,DCM,DCM,CAM,LM,RM,F,3
15-30,7,LA,1,18,,,,,,,,,,,,,,,,,,,,,1,7,19,3,12,2,8,18,15,22,9,GK,LB,CB,CB,RB,DCM,DCM,CAM,LM,RM,F,1
15-30,18,LA,1,7,,,,,,,,,,,,,,,,,,,,,1,7,19,3,12,2,8,18,15,22,9,GK,LB,CB,CB,RB,DCM,DCM,CAM,LM,RM,F,1
15-30,7,LA,1,18,,,,,,,,,,,,,,,,,,,,,1,7,19,3,12,2,8,18,15,22,9,GK,LB,CB,CB,RB,DCM,DCM,CAM,LM,RM,F,2
15-30,18,LA,0,,,,,,,,,,,,,,,,,,,,,,1,7,19,3,12,2,8,18,15,22,9,GK,LB,CB,CB,RB,DCM,DCM,CAM,LM,RM,F,5
15-30,7,LA,1,9,,,,,,,,,,,,,,,,,,,,,1,7,19,3,12,2,8,18,15,22,9,GK,LB,CB,CB,RB,DCM,DCM,CAM,LM,RM,F,1
15-30,9,LA,,,,,,,,,,,,,,Run of Play,30,SOT,1,9,7,,,,1,7,19,3,12,2,8,18,15,22,9,GK,LB,CB,CB,RB,DCM,DCM,CAM,LM,RM,F,
15-30,9,CM,,,0,Possession Added,,,,,,,,,,,,,,,,,,,1,7,19,3,12,2,8,18,15,22,9,GK,LB,CB,CB,RB,DCM,DCM,CAM,LM,RM,F,
15-30,9,RA,1,12,,,,,,,,,,,,,,,,,,,,,1,7,19,3,12,2,8,18,15,22,9,GK,LB,CB,CB,RB,DCM,DCM,CAM,LM,RM,F,8
15-30,12,CA,1,8,,,,,,,,,,,,,,,,,,,,,1,7,19,3,12,2,8,18,15,22,9,GK,LB,CB,CB,RB,DCM,DCM,CAM,LM,RM,F,4
15-30,8,CA,0,18,,,,,,,,,,,,,,,,,,,,,1,7,19,3,12,2,8,18,15,22,9,GK,LB,CB,CB,RB,DCM,DCM,CAM,LM,RM,F,1
15-30,2,CM,,,3,Possession Added,,,,,,,,,,,,,,,,,,,1,7,19,3,12,2,8,18,15,22,9,GK,LB,CB,CB,RB,DCM,DCM,CAM,LM,RM,F,
15-30,18,CA,0,15,,,Yes,,,,,,,,,,,,,,,,,,1,7,19,3,12,2,8,18,15,22,9,GK,LB,CB,CB,RB,DCM,DCM,CAM,LM,RM,F,1
15-30,7,CD,,,6,Possession Added,,,,,,,,,,,,,,,,,,,1,7,19,3,12,2,8,18,15,22,9,GK,LB,CB,CB,RB,DCM,DCM,CAM,LM,RM,F,
15-30,7,LM,0,15,,,,,,,,,,,,,,,,,,,,,1,7,19,3,12,2,8,18,15,22,9,GK,LB,CB,CB,RB,DCM,DCM,CAM,LM,RM,F,2
15-30,7,LM,,,0,Possession Added,,,,,,,,,,,,,,,,,,,1,7,19,3,12,2,8,18,15,22,9,GK,LB,CB,CB,RB,DCM,DCM,CAM,LM,RM,F,
15-30,7,CM,1,22,,,,,,,,,,,,,,,,,,,,,1,7,19,3,12,2,8,18,15,22,9,GK,LB,CB,CB,RB,DCM,DCM,CAM,LM,RM,F,2
15-30,22,CM,0,9,,,,,,,,,,,,,,,,,,,,,1,7,19,3,12,2,8,18,15,22,9,GK,LB,CB,CB,RB,DCM,DCM,CAM,LM,RM,F,1
15-30,18,CM,,,5,Possession Added,,,,,,,,,,,,,,,,,,,1,7,19,3,12,2,8,18,15,22,9,GK,LB,CB,CB,RB,DCM,DCM,CAM,LM,RM,F,
15-30,18,CD,1,1,,,,,,,,,,,,,,,,,,,,,1,7,19,3,12,2,8,18,15,22,9,GK,LB,CB,CB,RB,DCM,DCM,CAM,LM,RM,F,2
15-30,1,LD,1,3,,,,,,,,,,,,,,,,,,,,,1,7,19,3,12,2,8,18,15,22,9,GK,LB,CB,CB,RB,DCM,DCM,CAM,LM,RM,F,3
15-30,3,CD,1,1,,,,,,,,,,,,,,,,,,,,,1,7,19,3,12,2,8,18,15,22,9,GK,LB,CB,CB,RB,DCM,DCM,CAM,LM,RM,F,2
15-30,1,RD,0,12,,,,,,,,,,,,,,,,,,,,,1,7,19,3,12,2,8,18,15,22,9,GK,LB,CB,CB,RB,DCM,DCM,CAM,LM,RM,F,2
15-30,19,CD,,,3,Possession Added,,Yes,,,,,,,,,,,,,,,,,1,7,19,3,12,2,8,18,15,22,9,GK,LB,CB,CB,RB,DCM,DCM,CAM,LM,RM,F,
15-30,1,RD,1,3,,,,,,,,,,,,,,,,,,,,,1,7,19,3,12,2,8,18,15,22,9,GK,LB,CB,CB,RB,DCM,DCM,CAM,LM,RM,F,1
15-30,3,CM,0,15,,,,,,,,,,,,,,,,,,,,,1,7,19,3,12,2,8,18,15,22,9,GK,LB,CB,CB,RB,DCM,DCM,CAM,LM,RM,F,5
15-30,9,CM,,,0,Possession Added,,,,,,,,,,,,,,,,,,,1,7,19,3,12,2,8,18,15,22,9,GK,LB,CB,CB,RB,DCM,DCM,CAM,LM,RM,F,
15-30,9,CA,,,,,,Yes,,,,,,,,,,,,,,,,,1,7,19,3,12,2,8,18,15,22,9,GK,LB,CB,CB,RB,DCM,DCM,CAM,LM,RM,F,3
15-30,8,CA,0,9,,,,,,,,,,,,,,,,,,,,,1,7,19,3,12,2,8,18,15,22,9,GK,LB,CB,CB,RB,DCM,DCM,CAM,LM,RM,F,1
15-30,7,LD,,,7,Possession Added,,,,,,,,,,,,,,,,,,,1,7,19,3,12,2,8,18,15,22,9,GK,LB,CB,CB,RB,DCM,DCM,CAM,LM,RM,F,
15-30,7,LM,1,15,,,,,,,,,,,,,,,,,,,,,1,7,19,3,12,2,8,18,15,22,9,GK,LB,CB,CB,RB,DCM,DCM,CAM,LM,RM,F,1
15-30,15,CD,1,3,,,,,,,,,,,,,,,,,,,,,1,7,19,3,12,2,8,18,15,22,9,GK,LB,CB,CB,RB,DCM,DCM,CAM,LM,RM,F,3
15-30,3,CM,0,9,,,,,,,,,,,,,,,,,,,,,1,7,19,3,12,2,8,18,15,22,9,GK,LB,CB,CB,RB,DCM,DCM,CAM,LM,RM,F,1
15-30,2,CM,,,3,Possession Added,,,,,,,,,,,,,,,,,,,1,7,19,3,12,2,8,18,15,22,9,GK,LB,CB,CB,RB,DCM,DCM,CAM,LM,RM,F,
15-30,2,CM,1,8,,,,,,,,,,,,,,,,,,,,,1,7,19,3,12,2,8,18,15,22,9,GK,LB,CB,CB,RB,DCM,DCM,CAM,LM,RM,F,1
15-30,8,CM,1,18,,,,,,,,,,,,,,,,,,,,,1,7,19,3,12,2,8,18,15,22,9,GK,LB,CB,CB,RB,DCM,DCM,CAM,LM,RM,F,2
15-30,18,CM,1,22,,,,,,,,,,,,,,,,,,,,,1,7,19,3,12,2,8,18,15,22,9,GK,LB,CB,CB,RB,DCM,DCM,CAM,LM,RM,F,1
15-30,22,CA,Possession Lost,,,,,,,,,,,,,,,,,,,,,,1,7,19,3,12,2,8,18,15,22,9,GK,LB,CB,CB,RB,DCM,DCM,CAM,LM,RM,F,5
15-30,3,CD,,,4,Play Disrupted,,,,,,,,,,,,,,,,,,,1,7,19,3,12,2,8,18,15,22,9,GK,LB,CB,CB,RB,DCM,DCM,CAM,LM,RM,F,
15-30,9,RD,,,3,Possession Added,,,,,,,,,,,,,,,,,,,1,7,19,3,12,2,8,18,15,22,9,GK,LB,CB,CB,RB,DCM,DCM,CAM,LM,RM,F,
15-30,9,CM,1,18,,,,,,,,,,,,,,,,,,,,,1,7,19,3,12,2,8,18,15,22,9,GK,LB,CB,CB,RB,DCM,DCM,CAM,LM,RM,F,2
15-30,18,RM,0,22,,,,,,,,,,,,,,,,,,,,,1,7,19,3,12,2,8,18,15,22,9,GK,LB,CB,CB,RB,DCM,DCM,CAM,LM,RM,F,1
15-30,7,LD,,,2,Possession Added,,,,,,,,,,,,,,,,,,,1,7,19,3,12,2,8,18,15,22,9,GK,LB,CB,CB,RB,DCM,DCM,CAM,LM,RM,F,
15-30,7,LM,0,18,,,,,,,,,,,,,,,,,,,,,1,7,19,3,12,2,8,18,15,22,9,GK,LB,CB,CB,RB,DCM,DCM,CAM,LM,RM,F,1
15-30,22,CM,,,3,Possession Added,,,,,,,,,,,,,,,,,,,1,7,19,3,12,2,8,18,15,22,9,GK,LB,CB,CB,RB,DCM,DCM,CAM,LM,RM,F,
15-30,22,CM,1,2,,,,,,,,,,,,,,,,,,,,,1,7,19,3,12,2,8,18,15,22,9,GK,LB,CB,CB,RB,DCM,DCM,CAM,LM,RM,F,1
15-30,2,RM,1,12,,,,,,,,,,,,,,,,,,,,,1,7,19,3,12,2,8,18,15,22,9,GK,LB,CB,CB,RB,DCM,DCM,CAM,LM,RM,F,2
15-30,12,RM,1,2,,,,,,,,,,,,,,,,,,,,,1,7,19,3,12,2,8,18,15,22,9,GK,LB,CB,CB,RB,DCM,DCM,CAM,LM,RM,F,2
15-30,2,RM,1,22,,,,,,,,,,,,,,,,,,,,,1,7,19,3,12,2,8,18,15,22,9,GK,LB,CB,CB,RB,DCM,DCM,CAM,LM,RM,F,1
15-30,22,RM,1,2,,,,,,,,,,,,,,,,,,,,,1,7,19,3,12,2,8,18,15,22,9,GK,LB,CB,CB,RB,DCM,DCM,CAM,LM,RM,F,3
15-30,2,RM,1,12,,,,,,,,,,,,,,,,,,,,,1,7,19,3,12,2,8,18,15,22,9,GK,LB,CB,CB,RB,DCM,DCM,CAM,LM,RM,F,2
15-30,12,RA,1,9,,,,,,,,,,,,,,,,,,,,,1,7,19,3,12,2,8,18,15,22,9,GK,LB,CB,CB,RB,DCM,DCM,CAM,LM,RM,F,2
15-30,9,CA,1,15,,,,,,,,,,,,,,,,,,,,,1,7,19,3,12,2,8,18,15,22,9,GK,LB,CB,CB,RB,DCM,DCM,CAM,LM,RM,F,6
15-30,15,CA,,,,,,,,,,,,,,Run of Play,5,SOT,9,15,9,12,2,22,1,7,19,3,12,2,8,18,15,22,9,GK,LB,CB,CB,RB,DCM,DCM,CAM,LM,RM,F,
15-30,3,CD,,,6,Play Disrupted,,,,,,,,,,,,,,,,,,,1,7,19,3,12,2,8,15,17,22,9,GK,LB,CB,CB,RB,DCM,DCM,CAM,LM,RM,F,
30-45,22,CD,,,0,Play Disrupted,,,,,,,,,,,,,,,,,,,1,7,19,3,12,2,8,15,17,22,9,GK,LB,CB,CB,RB,DCM,DCM,CAM,LM,RM,F,
30-45,15,CD,,,2,Play Disrupted,Yes,,,,,,,,,,,,,,,,,,1,7,19,3,12,2,8,15,17,22,9,GK,LB,CB,CB,RB,DCM,DCM,CAM,LM,RM,F,
30-45,1,CD,,,3,Possession Added,,,,,,,,,,,,,,,,,,,1,7,19,3,12,2,8,15,17,22,9,GK,LB,CB,CB,RB,DCM,DCM,CAM,LM,RM,F,
30-45,1,RD,1,19,,,,,,,,,,,,,,,,,,,,,1,7,19,3,12,2,8,15,17,22,9,GK,LB,CB,CB,RB,DCM,DCM,CAM,LM,RM,F,1
30-45,19,RM,1,22,,,,,,,,,,,,,,,,,,,,,1,7,19,3,12,2,8,15,17,22,9,GK,LB,CB,CB,RB,DCM,DCM,CAM,LM,RM,F,2
30-45,22,RM,1,12,,,,,,,,,,,,,,,,,,,,,1,7,19,3,12,2,8,15,17,22,9,GK,LB,CB,CB,RB,DCM,DCM,CAM,LM,RM,F,2
30-45,12,RM,0,22,,,,,,,,,,,,,,,,,,,,,1,7,19,3,12,2,8,15,17,22,9,GK,LB,CB,CB,RB,DCM,DCM,CAM,LM,RM,F,2
30-45,8,CM,,,3,Possession Added,,,,,,,,,,,,,,,,,,,1,7,19,3,12,2,8,15,17,22,9,GK,LB,CB,CB,RB,DCM,DCM,CAM,LM,RM,F,
30-45,8,RD,1,12,,,,,,,,,,,,,,,,,,,,,1,7,19,3,12,2,8,15,17,22,9,GK,LB,CB,CB,RB,DCM,DCM,CAM,LM,RM,F,2
30-45,12,CM,0,15,,,,,,,,,,,,,,,,,,,,,1,7,19,3,12,2,8,15,17,22,9,GK,LB,CB,CB,RB,DCM,DCM,CAM,LM,RM,F,2
30-45,7,LD,,,2,Play Disrupted,,,,,,,,,,,,,,,,,,,1,7,19,3,12,2,8,15,17,22,9,GK,LB,CB,CB,RB,DCM,DCM,CAM,LM,RM,F,
30-45,7,CD,,,1,Play Disrupted,,,,,,,,,,,,,,,,,,,1,7,19,3,12,2,8,15,17,22,9,GK,LB,CB,CB,RB,DCM,DCM,CAM,LM,RM,F,
30-45,2,CD,,,0,Play Disrupted,,,,,,,,,,,,,,,,,,,1,7,19,3,12,2,8,15,17,22,9,GK,LB,CB,CB,RB,DCM,DCM,CAM,LM,RM,F,
30-45,1,CD,,,3,Possession Added,,,,,,Run of Play,35,SOT,3,,,,,,,,,,1,7,19,3,12,2,8,15,17,22,9,GK,LB,CB,CB,RB,DCM,DCM,CAM,LM,RM,F,
30-45,1,CM,0,15,,,,,,,,,,,,,,,,,,,,,1,7,19,3,12,2,8,15,17,22,9,GK,LB,CB,CB,RB,DCM,DCM,CAM,LM,RM,F,1
30-45,17,LM,,,1,Possession Added,,,,,,,,,,,,,,,,,,,1,7,19,3,12,2,8,15,17,22,9,GK,LB,CB,CB,RB,DCM,DCM,CAM,LM,RM,F,
30-45,17,LM,1,9,,,,,,,,,,,,,,,,,,,,,1,7,19,3,12,2,8,15,17,22,9,GK,LB,CB,CB,RB,DCM,DCM,CAM,LM,RM,F,1
30-45,9,LM,Possession Lost,,,,,,,,,,,,,,,,,,,,,,1,7,19,3,12,2,8,15,17,22,9,GK,LB,CB,CB,RB,DCM,DCM,CAM,LM,RM,F,3
30-45,7,LD,,,2,Play Disrupted,,,,,,,,,,,,,,,,,,,1,7,19,3,12,2,8,15,17,22,9,GK,LB,CB,CB,RB,DCM,DCM,CAM,LM,RM,F,
30-45,19,RD,,,2,Play Disrupted,,,,,,,,,,,,,,,,,,,1,7,19,3,12,2,8,15,17,22,9,GK,LB,CB,CB,RB,DCM,DCM,CAM,LM,RM,F,
30-45,12,RD,,,3,Possession Added,,,,,,,,,,,,,,,,,,,1,7,19,3,12,2,8,15,17,22,9,GK,LB,CB,CB,RB,DCM,DCM,CAM,LM,RM,F,
30-45,12,CM,1,22,,,,,,,,,,,,,,,,,,,,,1,7,19,3,12,2,8,15,17,22,9,GK,LB,CB,CB,RB,DCM,DCM,CAM,LM,RM,F,1
30-45,22,RM,Possession Lost,,,,,,,,,,,,,,,,,,,,,,1,7,19,3,12,2,8,15,17,22,9,GK,LB,CB,CB,RB,DCM,DCM,CAM,LM,RM,F,4
30-45,17,LM,,,3,Possession Added,,Yes,,,,,,,,,,,,,,,,,1,7,19,3,12,2,8,15,17,22,9,GK,LB,CB,CB,RB,DCM,DCM,CAM,LM,RM,F,
30-45,15,LA,1,9,,,,,,,,,,,,,,,,,,,,,1,7,19,3,12,2,8,15,17,22,9,GK,LB,CB,CB,RB,DCM,DCM,CAM,LM,RM,F,1
30-45,9,CA,0,2,,,,,,,,,,,,,,,,,,,,,1,7,19,3,12,2,8,15,17,22,9,GK,LB,CB,CB,RB,DCM,DCM,CAM,LM,RM,F,5
30-45,2,CM,,,2,Possession Added,,,,,,,,,,,,,,,,,,,1,7,19,3,12,2,8,15,17,22,9,GK,LB,CB,CB,RB,DCM,DCM,CAM,LM,RM,F,
30-45,2,CM,1,15,,,,,,,,,,,,,,,,,,,,,1,7,19,3,12,2,8,15,17,22,9,GK,LB,CB,CB,RB,DCM,DCM,CAM,LM,RM,F,2
30-45,15,CD,1,19,,,,,,,,,,,,,,,,,,,,,1,7,19,3,12,2,8,15,17,22,9,GK,LB,CB,CB,RB,DCM,DCM,CAM,LM,RM,F,1
30-45,19,CD,1,3,,,,,,,,,,,,,,,,,,,,,1,7,19,3,12,2,8,15,17,22,9,GK,LB,CB,CB,RB,DCM,DCM,CAM,LM,RM,F,2
30-45,3,CM,1,8,,,,,,,,,,,,,,,,,,,,,1,7,19,3,12,2,8,15,17,22,9,GK,LB,CB,CB,RB,DCM,DCM,CAM,LM,RM,F,2
30-45,8,RM,1,2,,,,,,,,,,,,,,,,,,,,,1,7,19,3,12,2,8,15,17,22,9,GK,LB,CB,CB,RB,DCM,DCM,CAM,LM,RM,F,2
30-45,2,RA,0,9,,,,,,,,,,,,,,,,,,,,,1,7,19,3,12,2,8,15,17,22,9,GK,LB,CB,CB,RB,DCM,DCM,CAM,LM,RM,F,2
30-45,8,CD,,,7,Possession Added,,,,,,,,,,,,,,,,,,,1,7,19,3,12,2,8,15,17,22,9,GK,LB,CB,CB,RB,DCM,DCM,CAM,LM,RM,F,
30-45,8,CM,1,22,,,,,,,,,,,,,,,,,,,,,1,7,19,3,12,2,8,15,17,22,9,GK,LB,CB,CB,RB,DCM,DCM,CAM,LM,RM,F,1
30-45,22,CM,1,2,,,,,,,,,,,,,,,,,,,,,1,7,19,3,12,2,8,15,17,22,9,GK,LB,CB,CB,RB,DCM,DCM,CAM,LM,RM,F,3
30-45,2,CM,1,8,,,,,,,,,,,,,,,,,,,,,1,7,19,3,12,2,8,15,17,22,9,GK,LB,CB,CB,RB,DCM,DCM,CAM,LM,RM,F,4
30-45,8,LM,1,17,,,,,,,,,,,,,,,,,,,,,1,7,19,3,12,2,8,15,17,22,9,GK,LB,CB,CB,RB,DCM,DCM,CAM,LM,RM,F,2
30-45,17,LM,1,2,,,,,,,,,,,,,,,,,,,,,1,7,19,3,12,2,8,15,17,22,9,GK,LB,CB,CB,RB,DCM,DCM,CAM,LM,RM,F,2
30-45,2,CM,1,8,,,,,,,,,,,,,,,,,,,,,1,7,19,3,12,2,8,15,17,22,9,GK,LB,CB,CB,RB,DCM,DCM,CAM,LM,RM,F,2
30-45,8,RD,1,19,,,,,,,,,,,,,,,,,,,,,1,7,19,3,12,2,8,15,17,22,9,GK,LB,CB,CB,RB,DCM,DCM,CAM,LM,RM,F,2
30-45,19,CA,0,15,,,,,,,,,,,,,,,,,,,,,1,7,19,3,12,2,8,15,17,22,9,GK,LB,CB,CB,RB,DCM,DCM,CAM,LM,RM,F,4
30-45,3,LM,,,0,Possession Added,,,,,,,,,,,,,,,,,,,1,7,19,3,12,2,8,15,17,22,9,GK,LB,CB,CB,RB,DCM,DCM,CAM,LM,RM,F,
30-45,3,LM,1,7,,,,,,,,,,,,,,,,,,,,,1,7,19,3,12,2,8,15,17,22,9,GK,LB,CB,CB,RB,DCM,DCM,CAM,LM,RM,F,2
30-45,7,CM,1,2,,,,,,,,,,,,,,,,,,,,,1,7,19,3,12,2,8,15,17,22,9,GK,LB,CB,CB,RB,DCM,DCM,CAM,LM,RM,F,2
30-45,2,LA,1,17,,,,,,,,,,,,,,,,,,,,,1,7,19,3,12,2,8,15,17,22,9,GK,LB,CB,CB,RB,DCM,DCM,CAM,LM,RM,F,2
30-45,17,LA,1,9,,,,,,,,,,,,,,,,,,,,,1,7,19,3,12,2,8,15,17,22,9,GK,LB,CB,CB,RB,DCM,DCM,CAM,LM,RM,F,2
30-45,9,CA,1,2,,,,,,,,,,,,,,,,,,,,,1,7,19,3,12,2,8,15,17,22,9,GK,LB,CB,CB,RB,DCM,DCM,CAM,LM,RM,F,3
30-45,2,CM,1,8,,,,,,,,,,,,,,,,,,,,,1,7,19,3,12,2,8,15,17,22,9,GK,LB,CB,CB,RB,DCM,DCM,CAM,LM,RM,F,3
30-45,8,RM,1,19,,,,,,,,,,,,,,,,,,,,,1,7,19,3,12,2,8,15,17,22,9,GK,LB,CB,CB,RB,DCM,DCM,CAM,LM,RM,F,4
30-45,19,CA,0,9,,,,,,,,,,,,,,,,,,,,,1,7,19,3,12,2,8,15,17,22,9,GK,LB,CB,CB,RB,DCM,DCM,CAM,LM,RM,F,3
30-45,8,CM,1,2,,,,,,,,,,,,,,,,,,,,,1,7,19,3,12,2,8,15,17,22,9,GK,LB,CB,CB,RB,DCM,DCM,CAM,LM,RM,F,9
30-45,2,CM,1,19,,,,,,,,,,,,,,,,,,,,,1,7,19,3,12,2,8,15,17,22,9,GK,LB,CB,CB,RB,DCM,DCM,CAM,LM,RM,F,2
30-45,19,CM,1,2,,,,,,,,,,,,,,,,,,,,,1,7,19,3,12,2,8,15,17,22,9,GK,LB,CB,CB,RB,DCM,DCM,CAM,LM,RM,F,1
30-45,2,RA,1,12,,,,,,,,,,,,,,,,,,,,,1,7,19,3,12,2,8,15,17,22,9,GK,LB,CB,CB,RB,DCM,DCM,CAM,LM,RM,F,3
30-45,12,CA,0,15,,,,,,,,,,,,,,,,,,,,,1,7,19,3,12,2,8,15,17,22,9,GK,LB,CB,CB,RB,DCM,DCM,CAM,LM,RM,F,2
30-45,,,,,,,,,,,,,,,,,,,,,,,,,1,7,19,3,12,16,8,15,17,2,11,GK,LB,CB,CB,RB,DCM,DCM,CAM,LM,RM,F,
30-45,16,CM,,,3,Play Disrupted,,,,,,,,,,,,,,,,,,,1,7,19,3,12,16,8,15,17,2,11,GK,LB,CB,CB,RB,DCM,DCM,CAM,LM,RM,F,
30-45,8,RM,,,2,Possession Added,,,,,,,,,,,,,,,,,,,1,7,19,3,12,16,8,15,17,2,11,GK,LB,CB,CB,RB,DCM,DCM,CAM,LM,RM,F,
30-45,8,CM,1,16,,,,,,,,,,,,,,,,,,,,,1,7,19,3,12,16,8,15,17,2,11,GK,LB,CB,CB,RB,DCM,DCM,CAM,LM,RM,F,2
30-45,16,LM,1,7,,,,,,,,,,,,,,,,,,,,,1,7,19,3,12,16,8,15,17,2,11,GK,LB,CB,CB,RB,DCM,DCM,CAM,LM,RM,F,2
30-45,7,LM,1,3,,,,,,,,,,,,,,,,,,,,,1,7,19,3,12,16,8,15,17,2,11,GK,LB,CB,CB,RB,DCM,DCM,CAM,LM,RM,F,2
30-45,3,LA,1,15,,,,,,,,,,,,,,,,,,,,,1,7,19,3,12,16,8,15,17,2,11,GK,LB,CB,CB,RB,DCM,DCM,CAM,LM,RM,F,1
30-45,15,CA,0,17,,,,,,,,,,,,,,,,,,,,,1,7,19,3,12,16,8,15,17,2,11,GK,LB,CB,CB,RB,DCM,DCM,CAM,LM,RM,F,3
30-45,15,LA,,,1,Play Disrupted,,,,,,,,,,,,,,,,,,,1,7,19,3,12,16,8,15,17,2,11,GK,LB,CB,CB,RB,DCM,DCM,CAM,LM,RM,F,
30-45,8,CM,,,2,Possession Added,,,,,,,,,,,,,,,,,,,1,7,19,3,12,16,8,15,17,2,11,GK,LB,CB,CB,RB,DCM,DCM,CAM,LM,RM,F,
30-45,8,LM,1,15,,,,,,,,,,,,,,,,,,,,,1,7,19,3,12,16,8,15,17,2,11,GK,LB,CB,CB,RB,DCM,DCM,CAM,LM,RM,F,5
30-45,15,CM,1,11,,,,,,,,,,,,,,,,,,,,,1,7,19,3,12,16,8,15,17,2,11,GK,LB,CB,CB,RB,DCM,DCM,CAM,LM,RM,F,2
30-45,11,CM,1,15,,,,,,,,,,,,,,,,,,,,,1,7,19,3,12,16,8,15,17,2,11,GK,LB,CB,CB,RB,DCM,DCM,CAM,LM,RM,F,3
30-45,15,CA,0,17,,,,,,,,,,,,,,,,,,,,,1,7,19,3,12,16,8,15,17,2,11,GK,LB,CB,CB,RB,DCM,DCM,CAM,LM,RM,F,1
30-45,1,CD,,,4,Possession Added,,,,,,,,,,,,,,,,,,,1,7,19,3,12,16,8,15,17,2,11,GK,LB,CB,CB,RB,DCM,DCM,CAM,LM,RM,F,
30-45,1,LD,1,3,,,,,,,,,,,,,,,,,,,,,1,7,19,3,12,16,8,15,17,2,11,GK,LB,CB,CB,RB,DCM,DCM,CAM,LM,RM,F,1
30-45,3,LD,1,7,,,,,,,,,,,,,,,,,,,,,1,7,19,3,12,16,8,15,17,2,11,GK,LB,CB,CB,RB,DCM,DCM,CAM,LM,RM,F,2
30-45,7,CA,0,11,,,,,,,,,,,,,,,,,,,,,1,7,19,3,12,16,8,15,17,2,11,GK,LB,CB,CB,RB,DCM,DCM,CAM,LM,RM,F,1
30-45,7,LM,,,0,Possession Added,,,,,,,,,,,,,,,,,,,1,7,19,3,12,16,8,15,17,2,11,GK,LB,CB,CB,RB,DCM,DCM,CAM,LM,RM,F,
30-45,7,LA,0,11,,,,,,,,,,,,,,,,,,,,,1,7,19,3,12,16,8,15,17,2,11,GK,LB,CB,CB,RB,DCM,DCM,CAM,LM,RM,F,1
30-45,7,LA,,,0,Possession Added,,,,,,,,,,,,,,,,,,,1,7,19,3,12,16,8,15,17,2,11,GK,LB,CB,CB,RB,DCM,DCM,CAM,LM,RM,F,
30-45,7,LM,1,16,,,,,,,,,,,,,,,,,,,,,1,7,19,3,12,16,8,15,17,2,11,GK,LB,CB,CB,RB,DCM,DCM,CAM,LM,RM,F,1
30-45,16,LM,Possession Lost,,,,,,,,,,,,,,,,,,,,,,1,7,19,3,12,16,8,15,17,2,11,GK,LB,CB,CB,RB,DCM,DCM,CAM,LM,RM,F,3
30-45,1,CD,,,3,Play Disrupted,,,,,,,,,,,,,,,,,,,1,7,19,3,12,16,8,15,17,2,11,GK,LB,CB,CB,RB,DCM,DCM,CAM,LM,RM,F,
30-45,16,CM,,,4,Possession Added,,,,,,,,,,,,,,,,,,,1,7,19,3,12,16,8,15,17,2,11,GK,LB,CB,CB,RB,DCM,DCM,CAM,LM,RM,F,
30-45,16,LM,1,11,,,,,,,,,,,,,,,,,,,,,1,7,19,3,12,16,8,15,17,2,11,GK,LB,CB,CB,RB,DCM,DCM,CAM,LM,RM,F,2
30-45,11,LM,Possession Lost,,,,,,,,,,,,,,,,,,,,,,1,7,19,3,12,16,8,15,17,2,11,GK,LB,CB,CB,RB,DCM,DCM,CAM,LM,RM,F,3
45-60,1,CD,,,0,Possession Added,,,,,,,,,,,,,,,,,,,1,7,19,3,12,16,8,18,24,17,11,GK,LB,CB,CB,RB,DCM,DCM,CAM,RM,LM,F,
45-60,1,CM,0,16,,,,,,,,,,,,,,,,,,,,,1,7,19,3,12,16,8,18,24,17,11,GK,LB,CB,CB,RB,DCM,DCM,CAM,RM,LM,F,1
45-60,16,CM,,,0,Possession Added,,,,,,,,,,,,,,,,,,,1,7,19,3,12,16,8,18,24,17,11,GK,LB,CB,CB,RB,DCM,DCM,CAM,RM,LM,F,
45-60,16,CM,1,17,,,,,,,,,,,,,,,,,,,,,1,7,19,3,12,16,8,18,24,17,11,GK,LB,CB,CB,RB,DCM,DCM,CAM,RM,LM,F,2
45-60,17,CM,1,18,,,,,,,,,,,,,,,,,,,,,1,7,19,3,12,16,8,18,24,17,11,GK,LB,CB,CB,RB,DCM,DCM,CAM,RM,LM,F,1
45-60,18,CA,0,11,,,,,,,,,,,,,,,,,,,,,1,7,19,3,12,16,8,18,24,17,11,GK,LB,CB,CB,RB,DCM,DCM,CAM,RM,LM,F,2
45-60,7,LD,,,7,Possession Added,,,,,,,,,,,,,,,,,,,1,7,19,3,12,16,8,18,24,17,11,GK,LB,CB,CB,RB,DCM,DCM,CAM,RM,LM,F,
45-60,7,LM,0,17,,,,,,,,,,,,,,,,,,,,,1,7,19,3,12,16,8,18,24,17,11,GK,LB,CB,CB,RB,DCM,DCM,CAM,RM,LM,F,1
45-60,1,CD,,,7,Possession Added,,,,,,Run of Play,30,SOT,7,,,,,,,,,,1,7,19,3,12,16,8,18,24,17,11,GK,LB,CB,CB,RB,DCM,DCM,CAM,RM,LM,F,
45-60,1,LD,0,3,,,,,,,,,,,,,,,,,,,,,1,7,19,3,12,16,8,18,24,17,11,GK,LB,CB,CB,RB,DCM,DCM,CAM,RM,LM,F,1
45-60,1,CD,,,3,Possession Added,,,,,,,,,,,,,,,,,,,1,7,19,3,12,16,8,18,24,17,11,GK,LB,CB,CB,RB,DCM,DCM,CAM,RM,LM,F,
45-60,1,RD,1,12,,,,,,,,,,,,,,,,,,,,,1,7,19,3,12,16,8,18,24,17,11,GK,LB,CB,CB,RB,DCM,DCM,CAM,RM,LM,F,1
45-60,12,RD,1,19,,,,,,,,,,,,,,,,,,,,,1,7,19,3,12,16,8,18,24,17,11,GK,LB,CB,CB,RB,DCM,DCM,CAM,RM,LM,F,2
45-60,19,CM,0,11,,,,,,,,,,,,,,,,,,,,,1,7,19,3,12,16,8,18,24,17,11,GK,LB,CB,CB,RB,DCM,DCM,CAM,RM,LM,F,2
45-60,16,RM,,,3,Possession Added,,,,,,,,,,,,,,,,,,,1,7,19,3,12,16,8,18,24,17,11,GK,LB,CB,CB,RB,DCM,DCM,CAM,RM,LM,F,
45-60,16,CM,0,11,,,,,,,,,,,,,,,,,,,,,1,7,19,3,12,16,8,18,24,17,11,GK,LB,CB,CB,RB,DCM,DCM,CAM,RM,LM,F,4
45-60,3,CD,,,3,Possession Added,,,,,,,,,,,,,,,,,,,1,7,19,3,12,16,8,18,24,17,11,GK,LB,CB,CB,RB,DCM,DCM,CAM,RM,LM,F,
45-60,3,CM,1,8,,,,,,,,,,,,,,,,,,,,,1,7,19,3,12,16,8,18,24,17,11,GK,LB,CB,CB,RB,DCM,DCM,CAM,RM,LM,F,1
45-60,8,LM,1,17,,,,,,,,,,,,,,,,,,,,,1,7,19,3,12,16,8,18,24,17,11,GK,LB,CB,CB,RB,DCM,DCM,CAM,RM,LM,F,3
45-60,17,CM,1,16,,,,,,,,,,,,,,,,,,,,,1,7,19,3,12,16,8,18,24,17,11,GK,LB,CB,CB,RB,DCM,DCM,CAM,RM,LM,F,4
45-60,16,LM,1,18,,,,,,,,,,,,,,,,,,,,,1,7,19,3,12,16,8,18,24,17,11,GK,LB,CB,CB,RB,DCM,DCM,CAM,RM,LM,F,2
45-60,18,LA,0,16,,,,,,,,,,,,,,,,,,,,,1,7,19,3,12,16,8,18,24,17,11,GK,LB,CB,CB,RB,DCM,DCM,CAM,RM,LM,F,1
45-60,7,LM,,,0,Possession Added,,,,,,,,,,,,,,,,,,,1,7,19,3,12,16,8,18,24,17,11,GK,LB,CB,CB,RB,DCM,DCM,CAM,RM,LM,F,
45-60,7,LM,1,3,,,,,,,,,,,,,,,,,,,,,1,7,19,3,12,16,8,18,24,17,11,GK,LB,CB,CB,RB,DCM,DCM,CAM,RM,LM,F,1
45-60,3,LA,1,7,,,,,,,,,,,,,,,,,,,,,1,7,19,3,12,16,8,18,24,17,11,GK,LB,CB,CB,RB,DCM,DCM,CAM,RM,LM,F,2
45-60,7,LA,Possession Lost,,,,,,,,,,,,,,,,,,,,,,1,7,19,3,12,16,8,18,24,17,11,GK,LB,CB,CB,RB,DCM,DCM,CAM,RM,LM,F,3
45-60,16,LM,,,1,Possession Added,,,,,,,,,,,,,,,,,,,1,7,19,3,12,16,8,18,24,17,11,GK,LB,CB,CB,RB,DCM,DCM,CAM,RM,LM,F,
45-60,16,LA,Possession Lost,7,,,Yes,,,,,,,,,,,,,,,,,,1,7,19,3,12,16,8,18,24,17,11,GK,LB,CB,CB,RB,DCM,DCM,CAM,RM,LM,F,2
45-60,3,CD,,,5,Possession Added,,,,,,,,,,,,,,,,,,,1,7,19,3,12,16,8,18,24,17,11,GK,LB,CB,CB,RB,DCM,DCM,CAM,RM,LM,F,
45-60,3,CM,1,8,,,,,,,,,,,,,,,,,,,,,1,7,19,3,12,16,8,18,24,17,11,GK,LB,CB,CB,RB,DCM,DCM,CAM,RM,LM,F,1
45-60,8,CM,1,16,,,,,,,,,,,,,,,,,,,,,1,7,19,3,12,16,8,18,24,17,11,GK,LB,CB,CB,RB,DCM,DCM,CAM,RM,LM,F,1
45-60,16,CD,1,19,,,,,,,,,,,,,,,,,,,,,1,7,19,3,12,16,8,18,24,17,11,GK,LB,CB,CB,RB,DCM,DCM,CAM,RM,LM,F,2
45-60,19,LD,1,3,,,,,,,,,,,,,,,,,,,,,1,7,19,3,12,16,8,18,24,17,11,GK,LB,CB,CB,RB,DCM,DCM,CAM,RM,LM,F,1
45-60,3,LM,1,18,,,,,,,,,,,,,,,,,,,,,1,7,19,3,12,16,8,18,24,17,11,GK,LB,CB,CB,RB,DCM,DCM,CAM,RM,LM,F,3
45-60,18,LM,1,7,,,,,,,,,,,,,,,,,,,,,1,7,19,3,12,16,8,18,24,17,11,GK,LB,CB,CB,RB,DCM,DCM,CAM,RM,LM,F,3
45-60,7,LM,1,18,,,,,,,,,,,,,,,,,,,,,1,7,19,3,12,16,8,18,24,17,11,GK,LB,CB,CB,RB,DCM,DCM,CAM,RM,LM,F,3
45-60,18,CM,0,16,,,,,,,,,,,,,,,,,,,,,1,7,19,3,12,16,8,18,24,17,11,GK,LB,CB,CB,RB,DCM,DCM,CAM,RM,LM,F,2
45-60,8,CM,,,4,Possession Added,,,,,,,,,,,,,,,,,,,1,7,19,3,12,16,8,18,24,17,11,GK,LB,CB,CB,RB,DCM,DCM,CAM,RM,LM,F,
45-60,3,CM,1,8,,,,,,,,,,,,,,,,,,,,,1,7,19,3,12,16,8,18,24,17,11,GK,LB,CB,CB,RB,DCM,DCM,CAM,RM,LM,F,2
45-60,8,RD,1,19,,,,,,,,,,,,,,,,,,,,,1,7,19,3,12,16,8,18,24,17,11,GK,LB,CB,CB,RB,DCM,DCM,CAM,RM,LM,F,2
45-60,19,CM,1,8,,,,,,,,,,,,,,,,,,,,,1,7,19,3,12,16,8,18,24,17,11,GK,LB,CB,CB,RB,DCM,DCM,CAM,RM,LM,F,4
45-60,8,RD,1,19,,,,,,,,,,,,,,,,,,,,,1,7,19,3,12,16,8,18,24,17,11,GK,LB,CB,CB,RB,DCM,DCM,CAM,RM,LM,F,5
45-60,19,CD,1,3,,,,,,,,,,,,,,,,,,,,,1,7,19,3,12,16,8,18,24,17,11,GK,LB,CB,CB,RB,DCM,DCM,CAM,RM,LM,F,4
45-60,3,LA,0,17,,,,,,,,,,,,,,,,,,,,,1,7,19,3,12,16,8,18,24,17,11,GK,LB,CB,CB,RB,DCM,DCM,CAM,RM,LM,F,7
45-60,18,CM,,,2,Possession Added,,,,,,,,,,,,,,,,,,,1,7,19,3,12,16,8,18,24,17,11,GK,LB,CB,CB,RB,DCM,DCM,CAM,RM,LM,F,
45-60,18,LM,1,3,,,,,,,,,,,,,,,,,,,,,1,7,19,3,12,16,8,18,24,17,11,GK,LB,CB,CB,RB,DCM,DCM,CAM,RM,LM,F,3
45-60,3,CM,1,19,,,,,,,,,,,,,,,,,,,,,1,7,19,3,12,16,8,18,24,17,11,GK,LB,CB,CB,RB,DCM,DCM,CAM,RM,LM,F,3
45-60,19,RM,0,16,,,,,,,,,,,,,,,,,,,,,1,7,19,3,12,16,8,18,24,17,11,GK,LB,CB,CB,RB,DCM,DCM,CAM,RM,LM,F,5
45-60,1,CD,,,1,Possession Added,,,,,,,,,,,,,,,,,,,1,7,19,3,12,16,8,18,24,17,11,GK,LB,CB,CB,RB,DCM,DCM,CAM,RM,LM,F,
45-60,1,LM,1,7,,,,,,,,,,,,,,,,,,,,,1,7,19,3,12,16,8,18,24,17,11,GK,LB,CB,CB,RB,DCM,DCM,CAM,RM,LM,F,2
45-60,7,LA,1,17,,,,,,,,,,,,,,,,,,,,,1,7,19,3,12,16,8,18,24,17,11,GK,LB,CB,CB,RB,DCM,DCM,CAM,RM,LM,F,4
45-60,17,LM,1,7,,,,,,,,,,,,,,,,,,,,,1,7,19,3,12,16,8,18,24,17,11,GK,LB,CB,CB,RB,DCM,DCM,CAM,RM,LM,F,1
45-60,17,CA,Possession Lost,,,,,,,,,,,,,,,,,,,,,,1,7,19,3,12,16,8,18,24,17,11,GK,LB,CB,CB,RB,DCM,DCM,CAM,RM,LM,F,4
45-60,17,LM,1,18,3,Possession Added,,,,,,,,,,,,,,,,,,,1,7,3,19,12,16,8,18,24,17,11,GK,LB,CB,CB,RB,DCM,DCM,CAM,RM,LM,F,3
45-60,18,CA,1,16,,,,,,,,,,,,,,,,,,,,,1,7,3,19,12,16,8,18,24,17,11,GK,LB,CB,CB,RB,DCM,DCM,CAM,RM,LM,F,2
45-60,16,CA,,,,,,,,,,,,,,Run of Play,20,SOG,2,16,18,17,,,1,7,3,19,12,16,8,18,24,17,11,GK,LB,CB,CB,RB,DCM,DCM,CAM,RM,LM,F,
45-60,3,CM,,,0,Possession Added,,,,,,,,,,,,,,,,,,,1,7,3,19,12,16,8,18,24,17,11,GK,LB,CB,CB,RB,DCM,DCM,CAM,RM,LM,F,
45-60,3,RM,1,19,,,,,,,,,,,,,,,,,,,,,1,7,3,19,12,16,8,18,24,17,11,GK,LB,CB,CB,RB,DCM,DCM,CAM,RM,LM,F,2
45-60,19,RM,1,24,,,,,,,,,,,,,,,,,,,,,1,7,3,19,12,16,8,18,24,17,11,GK,LB,CB,CB,RB,DCM,DCM,CAM,RM,LM,F,3
45-60,24,RM,1,19,,,,,,,,,,,,,,,,,,,,,1,7,3,19,12,16,8,18,24,17,11,GK,LB,CB,CB,RB,DCM,DCM,CAM,RM,LM,F,1
45-60,19,CM,1,3,,,,,,,,,,,,,,,,,,,,,1,7,3,19,12,16,8,18,24,17,11,GK,LB,CB,CB,RB,DCM,DCM,CAM,RM,LM,F,2
45-60,3,CM,1,16,,,,,,,,,,,,,,,,,,,,,1,7,3,19,12,16,8,18,24,17,11,GK,LB,CB,CB,RB,DCM,DCM,CAM,RM,LM,F,3
45-60,16,CM,1,3,,,,,,,,,,,,,,,,,,,,,1,7,3,19,12,16,8,18,24,17,11,GK,LB,CB,CB,RB,DCM,DCM,CAM,RM,LM,F,1
45-60,3,CM,1,24,,,,,,,,,,,,,,,,,,,,,1,7,3,19,12,16,8,18,24,17,11,GK,LB,CB,CB,RB,DCM,DCM,CAM,RM,LM,F,4
45-60,24,CA,,,,,,,,,,,,,,Run of Play,25,SOT,7,24,3,16,3,19,1,7,3,19,12,16,8,18,24,17,11,GK,LB,CB,CB,RB,DCM,DCM,CAM,RM,LM,F,
45-60,7,CD,,,3,Possession Added,,,,,,,,,,,,,,,,,,,1,7,3,19,12,16,8,18,24,17,11,GK,LB,CB,CB,RB,DCM,DCM,CAM,RM,LM,F,
45-60,7,LM,1,11,,,,,,,,,,,,,,,,,,,,,1,7,3,19,12,16,8,18,24,17,11,GK,LB,CB,CB,RB,DCM,DCM,CAM,RM,LM,F,2
45-60,11,CA,Possession Lost,,,,,,,,,,,,,,,,,,,,,,1,7,3,19,12,16,8,18,24,17,11,GK,LB,CB,CB,RB,DCM,DCM,CAM,RM,LM,F,7
45-60,16,CM,,,0,Possession Added,,,,,,,,,,,,,,,,,,,1,7,3,19,12,16,8,18,24,17,11,GK,LB,CB,CB,RB,DCM,DCM,CAM,RM,LM,F,
45-60,16,RM,0,24,,,,,,,,,,,,,,,,,,,,,1,7,3,19,12,16,8,18,24,17,11,GK,LB,CB,CB,RB,DCM,DCM,CAM,RM,LM,F,2
45-60,12,RM,,,0,Possession Added,,,,,,,,,,,,,,,,,,,1,7,3,19,12,16,8,18,24,17,11,GK,LB,CB,CB,RB,DCM,DCM,CAM,RM,LM,F,
45-60,12,CA,0,11,,,,,,,,,,,,,,,,,,,,,1,7,3,19,12,16,8,18,24,17,11,GK,LB,CB,CB,RB,DCM,DCM,CAM,RM,LM,F,1
45-60,7,LD,,,5,Possession Added,,,,,,,,,,,,,,,,,,,1,7,3,19,12,16,8,18,24,17,11,GK,LB,CB,CB,RB,DCM,DCM,CAM,RM,LM,F,
45-60,7,LD,1,3,,,,,,,,,,,,,,,,,,,,,1,7,3,19,12,16,8,18,24,17,11,GK,LB,CB,CB,RB,DCM,DCM,CAM,RM,LM,F,1
45-60,3,LM,0,17,,,,,,,,,,,,,,,,,,,,,1,7,3,19,12,16,8,18,24,17,11,GK,LB,CB,CB,RB,DCM,DCM,CAM,RM,LM,F,1
45-60,16,LM,,,3,Play Disrupted,,,,,,,,,,,,,,,,,,,1,7,3,19,12,16,8,18,24,17,11,GK,LB,CB,CB,RB,DCM,DCM,CAM,RM,LM,F,
45-60,1,CD,,,2,Possession Added,,,,,,,,,,,,,,,,,,,1,7,3,19,12,16,8,18,24,17,11,GK,LB,CB,CB,RB,DCM,DCM,CAM,RM,LM,F,
45-60,1,CD,,,2,Possession Added,,,,,,,,,,,,,,,,,,,1,7,3,19,12,16,8,18,24,17,11,GK,LB,CB,CB,RB,DCM,DCM,CAM,RM,LM,F,
45-60,1,CD,1,19,,,,,,,,,,,,,,,,,,,,,1,7,3,19,12,16,8,18,24,17,11,GK,LB,CB,CB,RB,DCM,DCM,CAM,RM,LM,F,1
45-60,19,CM,1,16,,,,,,,,,,,,,,,,,,,,,1,7,3,19,12,16,8,18,24,17,11,GK,LB,CB,CB,RB,DCM,DCM,CAM,RM,LM,F,2
45-60,16,RD,1,19,,,,,,,,,,,,,,,,,,,,,1,7,3,19,12,16,8,18,24,17,11,GK,LB,CB,CB,RB,DCM,DCM,CAM,RM,LM,F,1
45-60,19,CM,1,11,,,,,,,,,,,,,,,,,,,,,1,7,3,19,12,16,8,18,24,17,11,GK,LB,CB,CB,RB,DCM,DCM,CAM,RM,LM,F,2
45-60,11,RM,1,12,,,,,,,,,,,,,,,,,,,,,1,7,3,19,12,16,8,18,24,17,11,GK,LB,CB,CB,RB,DCM,DCM,CAM,RM,LM,F,2
45-60,12,RM,0,11,,,,Yes,,,,,,,,,,,,,,,,,1,7,3,19,12,16,8,18,24,17,11,GK,LB,CB,CB,RB,DCM,DCM,CAM,RM,LM,F,1
45-60,8,CA,Possession Lost,19,,,,,,,,,,,,,,,,,,,,,1,7,3,19,12,16,8,18,24,17,11,GK,LB,CB,CB,RB,DCM,DCM,CAM,RM,LM,F,1
45-60,17,LM,,,7,Possession Added,,,,,,,,,,,,,,,,,,,1,7,3,19,12,16,8,18,24,17,11,GK,LB,CB,CB,RB,DCM,DCM,CAM,RM,LM,F,
45-60,17,LM,1,7,,,,,,,,,,,,,,,,,,,,,1,7,3,19,12,16,8,18,24,17,11,GK,LB,CB,CB,RB,DCM,DCM,CAM,RM,LM,F,1
45-60,7,LM,0,,,,,,,,,,,,,,,,,,,,,,1,7,3,19,12,16,8,18,24,17,11,GK,LB,CB,CB,RB,DCM,DCM,CAM,RM,LM,F,4
45-60,7,CM`,1,18,,,,,,,,,,,,,,,,,,,,,1,7,19,3,12,16,8,18,24,17,11,GK,LB,CB,CB,RB,DCM,DCM,CAM,RM,LM,F,1
45-60,18,CA,0,24,,,,,,,,,,,,,,,,,,,,,1,7,19,3,12,16,8,18,24,17,11,GK,LB,CB,CB,RB,DCM,DCM,CAM,RM,LM,F,3
45-60,7,LD,,,7,Possession Added,,,,,,,,,,,,,,,,,,,1,7,19,3,12,16,8,18,24,17,11,GK,LB,CB,CB,RB,DCM,DCM,CAM,RM,LM,F,
45-60,7,LD,1,17,,,,,,,,,,,,,,,,,,,,,1,7,19,3,12,16,8,18,24,17,11,GK,LB,CB,CB,RB,DCM,DCM,CAM,RM,LM,F,2
45-60,17,LD,1,7,,,,,,,,,,,,,,,,,,,,,1,7,19,3,12,16,8,18,24,17,11,GK,LB,CB,CB,RB,DCM,DCM,CAM,RM,LM,F,1
45-60,7,CM,0,16,,,,,,,,,,,,,,,,,,,,,1,7,19,3,12,16,8,18,24,17,11,GK,LB,CB,CB,RB,DCM,DCM,CAM,RM,LM,F,2
45-60,8,CD,,,6,Possession Added,,,,,,,,,,,,,,,,,,,1,7,19,3,12,16,8,18,24,17,11,GK,LB,CB,CB,RB,DCM,DCM,CAM,RM,LM,F,
60-75,8,CD,1,1,,,,,,,,,,,,,,,,,,,,,1,7,19,3,12,16,8,18,24,17,11,GK,LB,CB,CB,RB,DCM,DCM,CAM,RM,LM,F,2
60-75,1,CM,0,18,,,,,,,,,,,,,,,,,,,,,1,7,19,3,12,16,8,18,24,17,11,GK,LB,CB,CB,RB,DCM,DCM,CAM,RM,LM,F,1
60-75,1,CD,,,6,Possession Added,,,,,,,,,,,,,,,,,,,1,7,19,3,12,16,8,18,24,17,11,GK,LB,CB,CB,RB,DCM,DCM,CAM,RM,LM,F,
60-75,1,CD,1,3,,,,,,,,,,,,,,,,,,,,,1,7,19,3,12,16,8,18,24,17,11,GK,LB,CB,CB,RB,DCM,DCM,CAM,RM,LM,F,1
60-75,3,CM,1,17,,,,,,,,,,,,,,,,,,,,,1,7,19,3,12,16,8,18,24,17,11,GK,LB,CB,CB,RB,DCM,DCM,CAM,RM,LM,F,4
60-75,17,CM,1,8,,,,,,,,,,,,,,,,,,,,,1,7,19,3,12,16,8,18,24,17,11,GK,LB,CB,CB,RB,DCM,DCM,CAM,RM,LM,F,3
60-75,8,CM,1,11,,,,,,,,,,,,,,,,,,,,,1,7,19,3,12,16,8,18,24,17,11,GK,LB,CB,CB,RB,DCM,DCM,CAM,RM,LM,F,3
60-75,11,CM,1,18,,,,,,,,,,,,,,,,,,,,,1,7,19,3,12,16,8,18,24,17,11,GK,LB,CB,CB,RB,DCM,DCM,CAM,RM,LM,F,1
60-75,18,CM,,,,,,,,,,,,,,Run of Play,35,SOT,5,18,11,8,17,3,1,7,19,3,12,16,8,18,24,17,11,GK,LB,CB,CB,RB,DCM,DCM,CAM,RM,LM,F,
60-75,8,CM,,,0,Possession Added,,,,,,,,,,,,,,,,,,,1,7,19,3,12,16,8,2,24,17,11,GK,LB,CB,CB,RB,CAM,DCM,DCM,RM,LM,F,
60-75,8,CM,1,2,,,,,,,,,,,,,,,,,,,,,1,7,19,3,12,16,8,2,24,17,11,GK,LB,CB,CB,RB,CAM,DCM,DCM,RM,LM,F,3
60-75,2,CD,1,19,,,,,,,,,,,,,,,,,,,,,1,7,19,3,12,16,8,2,24,17,11,GK,LB,CB,CB,RB,CAM,DCM,DCM,RM,LM,F,2
60-75,19,CD,1,1,,,,,,,,,,,,,,,,,,,,,1,7,19,3,12,16,8,2,24,17,11,GK,LB,CB,CB,RB,CAM,DCM,DCM,RM,LM,F,2
60-75,1,CD,1,3,,,,,,,,,,,,,,,,,,,,,1,7,19,3,12,16,8,2,24,17,11,GK,LB,CB,CB,RB,CAM,DCM,DCM,RM,LM,F,1
60-75,3,CM,0,2,,,,,,,,,,,,,,,,,,,,,1,7,19,3,12,16,8,2,24,17,11,GK,LB,CB,CB,RB,CAM,DCM,DCM,RM,LM,F,1
60-75,2,CM,,,0,Possession Added,,,,,,,,,,,,,,,,,,,1,7,19,3,12,16,8,2,24,17,11,GK,LB,CB,CB,RB,CAM,DCM,DCM,RM,LM,F,
60-75,2,RD,1,12,,,,,,,,,,,,,,,,,,,,,1,7,19,3,12,16,8,2,24,17,11,GK,LB,CB,CB,RB,CAM,DCM,DCM,RM,LM,F,3
60-75,12,CM,1,8,,,,,,,,,,,,,,,,,,,,,1,7,19,3,12,16,8,2,24,17,11,GK,LB,CB,CB,RB,CAM,DCM,DCM,RM,LM,F,3
60-75,8,CM,1,3,,,,,,,,,,,,,,,,,,,,,1,7,19,3,12,16,8,2,24,17,11,GK,LB,CB,CB,RB,CAM,DCM,DCM,RM,LM,F,2
60-75,3,LM,1,7,,,,,,,,,,,,,,,,,,,,,1,7,19,3,12,16,8,2,24,17,11,GK,LB,CB,CB,RB,CAM,DCM,DCM,RM,LM,F,2
60-75,7,LM,1,17,,,,,,,,,,,,,,,,,,,,,1,7,19,3,12,16,8,2,24,17,11,GK,LB,CB,CB,RB,CAM,DCM,DCM,RM,LM,F,2
60-75,17,LA,Possession Lost,7,,,,,,,,,,,,,,,,,,,,,1,7,19,3,12,16,8,2,24,17,11,GK,LB,CB,CB,RB,CAM,DCM,DCM,RM,LM,F,3
60-75,7,LM,,,3,Possession Added,,,,,,,,,,,,,,,,7,,,1,7,19,3,12,16,8,2,24,17,11,GK,LB,CB,CB,RB,CAM,DCM,DCM,RM,LM,F,
60-75,,,,,,,,,,,,,,,,,,,,,,,,,1,7,19,3,12,16,8,2,24,15,9,GK,LB,CB,CB,RB,CAM,DCM,DCM,RM,LM,F,
60-75,7,CM,0,2,,,,,,,,,,,,,,,,,,,,,1,7,19,3,12,16,8,2,24,15,9,GK,LB,CB,CB,RB,CAM,DCM,DCM,RM,LM,F,1
60-75,7,LM,,,0,Play Disrupted,,,,,,,,,,,,,,,,,,,1,7,19,3,12,16,8,2,24,15,9,GK,LB,CB,CB,RB,CAM,DCM,DCM,RM,LM,F,
60-75,19,CD,,,0,Possession Added,,,,,,,,,,,,,,,,,,,1,7,19,3,12,16,8,2,24,15,9,GK,LB,CB,CB,RB,CAM,DCM,DCM,RM,LM,F,
60-75,19,CM,1,15,,,,,,,,,,,,,,,,,,,,,1,7,19,3,12,16,8,2,24,15,9,GK,LB,CB,CB,RB,CAM,DCM,DCM,RM,LM,F,1
60-75,19,CA,0,19,,,,,,,,,,,,,,,,,,,,,1,7,19,3,12,16,8,2,24,15,9,GK,LB,CB,CB,RB,CAM,DCM,DCM,RM,LM,F,2
60-75,1,RD,,,3,Play Disrupted,,,,,,,,,,,,,,,,,,,1,7,19,3,12,16,8,2,24,15,9,GK,LB,CB,CB,RB,CAM,DCM,DCM,RM,LM,F,
60-75,1,CD,,,5,Possession Added,,,,,,,,,,,,,,,,,,,1,7,19,3,12,16,8,2,24,15,9,GK,LB,CB,CB,RB,CAM,DCM,DCM,RM,LM,F,
60-75,1,CD,1,19,,,,,,,,,,,,,,,,,,,,,1,7,19,3,12,16,8,2,24,15,9,GK,LB,CB,CB,RB,CAM,DCM,DCM,RM,LM,F,1
60-75,19,CM,1,8,,,,,,,,,,,,,,,,,,,,,1,7,19,3,12,16,8,2,24,15,9,GK,LB,CB,CB,RB,CAM,DCM,DCM,RM,LM,F,2
60-75,8,LM,1,15,,,,,,,,,,,,,,,,,,,,,1,7,19,3,12,16,8,2,24,15,9,GK,LB,CB,CB,RB,CAM,DCM,DCM,RM,LM,F,3
60-75,15,CA,0,9,,,,,,,,,,,,,,,,,,,,,1,7,19,3,12,16,8,2,24,15,9,GK,LB,CB,CB,RB,CAM,DCM,DCM,RM,LM,F,2
60-75,12,CM,,,5,Play Disrupted,Yes,,,,,,,,,,,,,,,,,,1,7,19,3,12,16,8,2,24,15,9,GK,LB,CB,CB,RB,CAM,DCM,DCM,RM,LM,F,
60-75,1,CD,,,0,Possession Added,,,,,,,,,,,,,,,,,,,1,7,19,3,12,16,8,2,24,15,9,GK,LB,CB,CB,RB,CAM,DCM,DCM,RM,LM,F,
60-75,1,LD,1,3,,,,,,,,,,,,,,,,,,,,,1,7,19,3,12,16,8,2,24,15,9,GK,LB,CB,CB,RB,CAM,DCM,DCM,RM,LM,F,1
60-75,3,LD,1,7,,,,,,,,,,,,,,,,,,,,,1,7,19,3,12,16,8,2,24,15,9,GK,LB,CB,CB,RB,CAM,DCM,DCM,RM,LM,F,2
60-75,7,CM,1,8,,,,,,,,,,,,,,,,,,,,,1,7,19,3,12,16,8,2,24,15,9,GK,LB,CB,CB,RB,CAM,DCM,DCM,RM,LM,F,1
60-75,8,CM,1,16,,,,,,,,,,,,,,,,,,,,,1,7,19,3,12,16,8,2,24,15,9,GK,LB,CB,CB,RB,CAM,DCM,DCM,RM,LM,F,2
60-75,16,CM,1,2,,,,,,,,,,,,,,,,,,,,,1,7,19,3,12,16,8,2,24,15,9,GK,LB,CB,CB,RB,CAM,DCM,DCM,RM,LM,F,3
60-75,2,RM,Possession Lost,12,,,,,,,,,,,,,,,,,,,,,1,7,19,3,12,16,8,2,24,15,9,GK,LB,CB,CB,RB,CAM,DCM,DCM,RM,LM,F,2
60-75,7,CD,,,4,Possession Added,,,,,,,,,,,,,,,,,,,1,7,19,3,12,16,8,2,24,15,9,GK,LB,CB,CB,RB,CAM,DCM,DCM,RM,LM,F,
60-75,7,CM,1,15,,,,,,,,,,,,,,,,,,,,,1,7,19,3,12,16,8,2,24,15,9,GK,LB,CB,CB,RB,CAM,DCM,DCM,RM,LM,F,1
60-75,15,CM,Possession Lost,,,,Yes,,,,,,,,,,,,,,,,,,1,7,19,3,12,16,8,2,24,15,9,GK,LB,CB,CB,RB,CAM,DCM,DCM,RM,LM,F,2
60-75,2,CD,,,4,Play Disrupted,,,,,,,,,,,,,,,,,,,1,7,19,3,12,16,8,2,24,15,9,GK,LB,CB,CB,RB,CAM,DCM,DCM,RM,LM,F,
60-75,24,CD,,,0,Play Disrupted,,,,,,,,,,,,,,,,,,,1,7,19,3,12,16,8,2,24,15,9,GK,LB,CB,CB,RB,CAM,DCM,DCM,RM,LM,F,
60-75,1,CD,,,0,Possession Added,,,,,,,,,,,,,,,,,,,1,7,19,3,12,16,8,2,24,15,9,GK,LB,CB,CB,RB,CAM,DCM,DCM,RM,LM,F,
60-75,1,RM,1,12,,,,,,,,,,,,,,,,,,,,,1,7,19,3,12,16,8,2,24,15,9,GK,LB,CB,CB,RB,CAM,DCM,DCM,RM,LM,F,1
60-75,12,RM,Possession Lost,24,,,,,,,,,,,,,,,,,,,,,1,7,19,3,12,16,8,2,24,15,9,GK,LB,CB,CB,RB,CAM,DCM,DCM,RM,LM,F,3
60-75,12,RM,1,9,,,,,,,,,,,,,,,,,,,,,1,7,19,3,12,16,8,2,24,15,9,GK,LB,CB,CB,RB,CAM,DCM,DCM,RM,LM,F,2
60-75,9,RA,1,16,,,,,,,,,,,,,,,,,,,,,1,7,19,3,12,16,8,2,24,15,9,GK,LB,CB,CB,RB,CAM,DCM,DCM,RM,LM,F,1
60-75,16,CA,1,9,,,,,,,,,,,,,,,,,,,,,1,7,19,3,12,16,8,2,24,15,9,GK,LB,CB,CB,RB,CAM,DCM,DCM,RM,LM,F,5
60-75,9,CA,1,24,,,,,,,,,,,,,,,,,,,,,1,7,19,3,12,16,8,2,24,15,9,GK,LB,CB,CB,RB,CAM,DCM,DCM,RM,LM,F,2
60-75,24,CA,,,,,,,,,,,,,,Run of Play,5,SOT,4,24,9,16,9,12,1,7,19,3,12,16,8,2,24,15,9,GK,LB,CB,CB,RB,CAM,DCM,DCM,RM,LM,F,
60-75,15,CM,,,0,Possession Added,,,,,,,,,,,,,,,,,,,1,7,3,19,12,8,2,16,15,22,9,GK,LB,CB,CB,RB,DCM,DCM,CAM,LM,RM,F,
60-75,15,CA,0,22,,,,,,,,,,,,,,,,,,,,,1,7,3,19,12,8,2,16,15,22,9,GK,LB,CB,CB,RB,DCM,DCM,CAM,LM,RM,F,3
60-75,15,CM,,,0,Play Disrupted,Yes,,,,,,,,,,,,,,,,,,1,7,3,19,12,8,2,16,15,22,9,GK,LB,CB,CB,RB,DCM,DCM,CAM,LM,RM,F,
60-75,2,CD,,,0,Possession Added,,,,,,,,,,,,,,,,,,,1,7,3,19,12,8,2,16,15,22,9,GK,LB,CB,CB,RB,DCM,DCM,CAM,LM,RM,F,
60-75,2,CM,1,22,,,,,,,,,,,,,,,,,,,,,1,7,3,19,12,8,2,16,15,22,9,GK,LB,CB,CB,RB,DCM,DCM,CAM,LM,RM,F,2
60-75,22,CM,1,8,,,,,,,,,,,,,,,,,,,,,1,7,3,19,12,8,2,16,15,22,9,GK,LB,CB,CB,RB,DCM,DCM,CAM,LM,RM,F,4
60-75,8,LM,0,15,,,,,,,,,,,,,,,,,,,,,1,7,3,19,12,8,2,16,15,22,9,GK,LB,CB,CB,RB,DCM,DCM,CAM,LM,RM,F,2
60-75,15,LM,,,1,Possession Added,,,,,,,,,,,,,,,,,,,1,7,3,19,12,8,2,16,15,22,9,GK,LB,CB,CB,RB,DCM,DCM,CAM,LM,RM,F,
60-75,15,CM,1,2,,,,,,,,,,,,,,,,,,,,,1,7,3,19,12,8,2,16,15,22,9,GK,LB,CB,CB,RB,DCM,DCM,CAM,LM,RM,F,2
60-75,2,CM,0,8,,,,,,,,,,,,,,,,,,,,,1,7,3,19,12,8,2,16,15,22,9,GK,LB,CB,CB,RB,DCM,DCM,CAM,LM,RM,F,1
60-75,12,RD,,,2,Play Disrupted,,,,,,,,,,,,,,,,,,,1,7,3,19,12,8,2,16,15,22,9,GK,LB,CB,CB,RB,DCM,DCM,CAM,LM,RM,F,
75-90,7,LD,,,4,Possession Added,,,,,,,,,,,,,,,,,,,1,7,3,19,12,8,2,16,15,22,9,GK,LB,CB,CB,RB,DCM,DCM,CAM,LM,RM,F,
75-90,7,CA,0,2,,,,,,,,,,,,,,,,,,,,,1,7,3,19,12,8,2,16,15,22,9,GK,LB,CB,CB,RB,DCM,DCM,CAM,LM,RM,F,4
75-90,3,LD,,,5,Possession Added,,,,,,,,,,,,,,,,,,,1,7,3,19,12,8,2,16,15,22,9,GK,LB,CB,CB,RB,DCM,DCM,CAM,LM,RM,F,
75-90,3,LD,1,7,,,,,,,,,,,,,,,,,,,,,1,7,3,19,12,8,2,16,15,22,9,GK,LB,CB,CB,RB,DCM,DCM,CAM,LM,RM,F,1
75-90,7,LM,1,15,,,,,,,,,,,,,,,,,,,,,1,7,3,19,12,8,2,16,15,22,9,GK,LB,CB,CB,RB,DCM,DCM,CAM,LM,RM,F,2
75-90,15,CM,0,8,,,,,,,,,,,,,,,,,,,,,1,7,3,19,12,8,2,16,15,22,9,GK,LB,CB,CB,RB,DCM,DCM,CAM,LM,RM,F,2
75-90,15,CM,,,2,Possession Added,,,,,,,,,,,,,,,,,,,1,7,3,19,12,8,2,16,15,22,9,GK,LB,CB,CB,RB,DCM,DCM,CAM,LM,RM,F,
75-90,15,CM,0,22,,,,,,,,,,,,,,,,,,,,,1,7,3,19,12,8,2,16,15,22,9,GK,LB,CB,CB,RB,DCM,DCM,CAM,LM,RM,F,2
75-90,12,CD,,,3,Possession Added,,,,,,,,,,,,,,,,,,,1,7,3,19,12,8,2,16,15,22,9,GK,LB,CB,CB,RB,DCM,DCM,CAM,LM,RM,F,
75-90,12,CM,1,22,,,,,,,,,,,,,,,,,,,,,1,7,3,19,12,8,2,16,15,22,9,GK,LB,CB,CB,RB,DCM,DCM,CAM,LM,RM,F,1
75-90,22,CM,0,15,,,,,,,,,,,,,,,,,,,,,1,7,3,19,12,8,2,16,15,22,9,GK,LB,CB,CB,RB,DCM,DCM,CAM,LM,RM,F,2
75-90,12,RM,1,9,,,,,,,,,,,,,,,,,,,,,1,7,3,19,12,8,2,16,15,22,9,GK,LB,CB,CB,RB,DCM,DCM,CAM,LM,RM,F,1
75-90,9,CM,1,22,,,,,,,,,,,,,,,,,,,,,1,7,3,19,12,8,2,16,15,22,9,GK,LB,CB,CB,RB,DCM,DCM,CAM,LM,RM,F,2
75-90,22,CA,1,9,,,,,,,,,,,,,,,,,,,,,1,7,3,19,12,8,2,16,15,22,9,GK,LB,CB,CB,RB,DCM,DCM,CAM,LM,RM,F,4
75-90,9,CA,Possession Lost,,,,,,,,,,,,,,,,,,,,,,1,7,3,19,12,8,2,16,15,22,9,GK,LB,CB,CB,RB,DCM,DCM,CAM,LM,RM,F,2
75-90,1,CD,,,5,Play Disrupted,,,,,,Run of Play,5,SOT,5,,,,,,,,,,1,7,3,19,12,8,2,16,15,22,9,GK,LB,CB,CB,RB,DCM,DCM,CAM,LM,RM,F,
75-90,1,CM,0,16,,,,,,,,,,,,,,,,,,,,,1,7,3,19,12,8,2,16,15,22,9,GK,LB,CB,CB,RB,DCM,DCM,CAM,LM,RM,F,1
75-90,7,LM,1,3,,,,,,,,,,,,,,,,,,,,,1,7,3,19,12,8,2,16,15,22,9,GK,LB,CB,CB,RB,DCM,DCM,CAM,LM,RM,F,2
75-90,3,CM,1,8,,,,,,,,,,,,,,,,,,,,,1,7,3,19,12,8,2,16,15,22,9,GK,LB,CB,CB,RB,DCM,DCM,CAM,LM,RM,F,2
75-90,8,CA,1,9,,,,,,,,,,,,,,,,,,,,,1,7,3,19,12,8,2,16,15,22,9,GK,LB,CB,CB,RB,DCM,DCM,CAM,LM,RM,F,2
75-90,9,LA,1,7,,,,,,,,,,,,,,,,,,,,,1,7,3,19,12,8,2,16,15,22,9,GK,LB,CB,CB,RB,DCM,DCM,CAM,LM,RM,F,3
75-90,7,LA,1,15,,,,,,,,,,,,,,,,,,,,,1,7,3,19,12,8,2,16,15,22,9,GK,LB,CB,CB,RB,DCM,DCM,CAM,LM,RM,F,8
75-90,15,CA,1,22,,,,,,,,,,,,,,,,,,,,,1,7,3,19,12,8,2,16,15,22,9,GK,LB,CB,CB,RB,DCM,DCM,CAM,LM,RM,F,2
75-90,22,CA,Possession Lost,,,,,,,,,,,,,,,,,,,,,,1,7,3,19,12,8,2,16,15,22,9,GK,LB,CB,CB,RB,DCM,DCM,CAM,LM,RM,F,4
75-90,16,CM,,,0,Possession Added,,,,,,,,,,,,,,,,,,,1,7,3,19,12,8,2,16,15,22,9,GK,LB,CB,CB,RB,DCM,DCM,CAM,LM,RM,F,
75-90,16,RA,1,9,,,,,,,,,,,,,,,,,,,,,1,7,3,19,12,8,2,16,15,22,9,GK,LB,CB,CB,RB,DCM,DCM,CAM,LM,RM,F,2
75-90,9,CA,1,15,,,,,,,,,,,,,,,,,,,,,1,7,3,19,12,8,2,16,15,22,9,GK,LB,CB,CB,RB,DCM,DCM,CAM,LM,RM,F,4
75-90,15,CA,0,22,,,,,,,,,,,,,,,,,,,,,1,7,3,19,12,8,2,16,15,22,9,GK,LB,CB,CB,RB,DCM,DCM,CAM,LM,RM,F,2
75-90,12,RD,,,3,Possession Added,,,,,,,,,,,,,,,,,,,1,7,3,19,12,8,2,16,15,22,9,GK,LB,CB,CB,RB,DCM,DCM,CAM,LM,RM,F,
75-90,12,RM,1,16,,,,,,,,,,,,,,,,,,,,,1,7,3,19,12,8,2,16,15,22,9,GK,LB,CB,CB,RB,DCM,DCM,CAM,LM,RM,F,1
75-90,16,RM,Possession Lost,,,,,,,,,,,,,,,,,,,,,,1,7,3,19,12,8,2,16,15,22,9,GK,LB,CB,CB,RB,DCM,DCM,CAM,LM,RM,F,4
75-90,8,CM,,,2,Possession Added,,,,,,,,,,,,,,,,,,,1,7,3,19,12,8,2,16,15,22,9,GK,LB,CB,CB,RB,DCM,DCM,CAM,LM,RM,F,
75-90,8,CM,1,16,,,,,,,,,,,,,,,,,,,,,1,7,3,19,12,8,2,16,15,22,9,GK,LB,CB,CB,RB,DCM,DCM,CAM,LM,RM,F,1
75-90,16,CM,1,15,,,,,,,,,,,,,,,,,,,,,1,7,3,19,12,8,2,16,15,22,9,GK,LB,CB,CB,RB,DCM,DCM,CAM,LM,RM,F,2
75-90,15,CM,1,8,,,,,,,,,,,,,,,,,,,,,1,7,3,19,12,8,2,16,15,22,9,GK,LB,CB,CB,RB,DCM,DCM,CAM,LM,RM,F,1
75-90,8,LM,1,15,,,,,,,,,,,,,,,,,,,,,1,7,3,19,12,8,2,16,15,22,9,GK,LB,CB,CB,RB,DCM,DCM,CAM,LM,RM,F,3
75-90,15,LA,1,7,,,,,,,,,,,,,,,,,,,,,1,7,3,19,12,8,2,16,15,22,9,GK,LB,CB,CB,RB,DCM,DCM,CAM,LM,RM,F,2
75-90,7,LA,1,15,,,,,,,,,,,,,,,,,,,,,1,7,3,19,12,8,2,16,15,22,9,GK,LB,CB,CB,RB,DCM,DCM,CAM,LM,RM,F,3
75-90,15,CA,1,9,,,,,,,,,,,,,,,,,,,,,1,7,3,19,12,8,2,16,15,22,9,GK,LB,CB,CB,RB,DCM,DCM,CAM,LM,RM,F,2
75-90,9,RA,1,8,,,,,,,,,,,,,,,,,,,,,1,7,3,19,12,8,2,16,15,22,9,GK,LB,CB,CB,RB,DCM,DCM,CAM,LM,RM,F,3
75-90,8,CA,0,7,,,,,,,,,,,,,,,,,,,,,1,7,3,19,12,8,2,16,15,22,9,GK,LB,CB,CB,RB,DCM,DCM,CAM,LM,RM,F,6
75-90,1,CD,,,2,Possession Added,,,,,,Run of Play,25,SOT,2,,,,,,,,,,1,7,3,19,12,8,2,16,15,22,9,GK,LB,CB,CB,RB,DCM,DCM,CAM,LM,RM,F,
75-90,1,CM,1,2,,,,,,,,,,,,,,,,,,,,,1,7,3,19,12,8,2,16,15,22,9,GK,LB,CB,CB,RB,DCM,DCM,CAM,LM,RM,F,1
75-90,2,CD,1,1,,,,,,,,,,,,,,,,,,,,,1,7,3,19,12,8,2,16,15,22,9,GK,LB,CB,CB,RB,DCM,DCM,CAM,LM,RM,F,1
75-90,1,LM,1,7,,,,,,,,,,,,,,,,,,,,,1,7,3,19,12,8,2,16,15,22,9,GK,LB,CB,CB,RB,DCM,DCM,CAM,LM,RM,F,2
75-90,7,LM,0,16,,,,,,,,,,,,,,,,,,,,,1,7,3,19,12,8,2,16,15,22,9,GK,LB,CB,CB,RB,DCM,DCM,CAM,LM,RM,F,1
75-90,7,LM,,,0,Play Disrupted,Yes,,,,,,,,,,,,,,,,,,1,7,3,19,12,8,2,16,15,22,9,GK,LB,CB,CB,RB,DCM,DCM,CAM,LM,RM,F,
75-90,19,CD,,,2,Possession Added,,Yes,,,,,,,,,,,,,,,,,1,7,3,19,12,8,2,16,15,22,9,GK,LB,CB,CB,RB,DCM,DCM,CAM,LM,RM,F,
75-90,3,LD,1,7,,,,,,,,,,,,,,,,,,,,,1,7,3,19,12,8,2,16,15,22,9,GK,LB,CB,CB,RB,DCM,DCM,CAM,LM,RM,F,1
75-90,7,LM,Possession Lost,16,,,,,,,,,,,,,,,,,,,,,1,7,3,19,12,8,2,16,15,22,9,GK,LB,CB,CB,RB,DCM,DCM,CAM,LM,RM,F,5
75-90,12,CD,,,3,Play Disrupted,,,,,,,,,,,,,,,,,,,1,7,3,19,12,8,2,16,15,22,9,GK,LB,CB,CB,RB,DCM,DCM,CAM,LM,RM,F,
75-90,7,CD,,,2,Possession Added,,,,,,,,,,,,,,,,,,,1,7,3,19,12,8,2,16,15,22,9,GK,LB,CB,CB,RB,DCM,DCM,CAM,LM,RM,F,
75-90,7,LD,,16,,,,,,,,,,,,,,,,,,,,,1,7,3,19,12,8,2,16,15,22,9,GK,LB,CB,CB,RB,DCM,DCM,CAM,LM,RM,F,1
75-90,7,LD,1,16,,,,,,,,,,,,,,,,,,,,,1,7,3,19,12,8,2,16,15,22,9,GK,LB,CB,CB,RB,DCM,DCM,CAM,LM,RM,F,1
75-90,16,CM,1,8,,,,,,,,,,,,,,,,,,,,,1,7,3,19,12,8,2,16,15,22,9,GK,LB,CB,CB,RB,DCM,DCM,CAM,LM,RM,F,2
75-90,8,CM,1,9,,,,,,,,,,,,,,,,,,,,,1,7,3,19,12,8,2,16,15,22,9,GK,LB,CB,CB,RB,DCM,DCM,CAM,LM,RM,F,2
75-90,,,,,,,,,,,,,,,,,,,,,,,,,1,7,3,19,12,8,2,16,15,22,9,GK,LB,CB,CB,RB,DCM,DCM,CAM,LM,RM,F,
75-90,9,LM,1,15,,,,,,,,,,,,,,,,,,,,,1,7,3,19,12,2,8,15,16,22,9,GK,LB,CB,CB,RB,DCM,DCM,LM,CAM,RM,F,1
75-90,15,LA,Possession Lost,9,,,,,,,,,,,,,,,,,,,,,1,7,3,19,12,2,8,15,16,22,9,GK,LB,CB,CB,RB,DCM,DCM,LM,CAM,RM,F,2
75-90,7,LM,,,3,Possession Added,,,,,,,,,,,,,,,,,,,1,7,3,19,12,2,8,16,18,22,9,GK,LB,CB,CB,RB,DCM,DCM,LM,CAM,RM,F,
75-90,7,CM,1,18,,,,,,,,,,,,,,,,,,,,,1,7,3,19,12,2,8,16,18,22,9,GK,LB,CB,CB,RB,DCM,DCM,LM,CAM,RM,F,3
75-90,18,CM,1,2,,,,,,,,,,,,,,,,,,,,,1,7,3,19,12,2,8,16,18,22,9,GK,LB,CB,CB,RB,DCM,DCM,LM,CAM,RM,F,2
75-90,2,RA,1,22,,,,,,,,,,,,,,,,,,,,,1,7,3,19,12,2,8,16,18,22,9,GK,LB,CB,CB,RB,DCM,DCM,LM,CAM,RM,F,5
75-90,22,CA,1,18,,,,,,,,,,,,,,,,,,,,,1,7,3,19,12,2,8,16,18,22,9,GK,LB,CB,CB,RB,DCM,DCM,LM,CAM,RM,F,3
75-90,18,CA,1,8,,,,,,,,,,,,,,,,,,,,,1,7,3,19,12,2,8,16,18,22,9,GK,LB,CB,CB,RB,DCM,DCM,LM,CAM,RM,F,3
75-90,8,CA,1,18,,,,,,,,,,,,,,,,,,,,,1,7,3,19,12,2,8,16,18,22,9,GK,LB,CB,CB,RB,DCM,DCM,LM,CAM,RM,F,4
75-90,18,CM,1,3,,,,,,,,,,,,,,,,,,,,,1,7,3,19,12,2,8,16,18,22,9,GK,LB,CB,CB,RB,DCM,DCM,LM,CAM,RM,F,2
75-90,3,CM,1,8,,,,,,,,,,,,,,,,,,,,,1,7,3,19,12,2,8,16,18,22,9,GK,LB,CB,CB,RB,DCM,DCM,LM,CAM,RM,F,2
75-90,8,CM,1,2,,,,,,,,,,,,,,,,,,,,,1,7,3,19,12,2,8,16,18,22,9,GK,LB,CB,CB,RB,DCM,DCM,LM,CAM,RM,F,3
75-90,2,CA,0,16,,,,,,,,,,,,,,,,,,,,,1,7,3,19,12,2,8,16,18,22,9,GK,LB,CB,CB,RB,DCM,DCM,LM,CAM,RM,F,2
75-90,12,CD,,,5,Play Disrupted,,,,,,,,,,,,,,,,,,,,7,3,19,12,2,8,17,18,22,9,GK,LB,CB,CB,RB,DCM,DCM,LM,CAM,RM,F,
75-90,1,CD,,,0,Possession Added,,,,,,,,,,,,,,,,,,,,7,3,19,12,2,8,17,18,22,9,GK,LB,CB,CB,RB,DCM,DCM,LM,CAM,RM,F,
75-90,1,LD,1,3,,,,,,,,,,,,,,,,,,,,,,7,3,19,12,2,8,17,18,22,9,GK,LB,CB,CB,RB,DCM,DCM,LM,CAM,RM,F,1
75-90,3,LM,1,8,,,,,,,,,,,,,,,,,,,,,,7,3,19,12,2,8,17,18,22,9,GK,LB,CB,CB,RB,DCM,DCM,LM,CAM,RM,F,2
75-90,8,LM,1,7,,,,,,,,,,,,,,,,,,,,,,7,3,19,12,2,8,17,18,22,9,GK,LB,CB,CB,RB,DCM,DCM,LM,CAM,RM,F,2
75-90,7,LM,1,8,,,,,,,,,,,,,,,,,,,,,,7,3,19,12,2,8,17,18,22,9,GK,LB,CB,CB,RB,DCM,DCM,LM,CAM,RM,F,5
75-90,8,CM,1,2,,,,,,,,,,,,,,,,,,,,,,7,3,19,12,2,8,17,18,22,9,GK,LB,CB,CB,RB,DCM,DCM,LM,CAM,RM,F,3
75-90,2,CM,1,8,,,,,,,,,,,,,,,,,,,,,,7,3,19,12,2,8,17,18,22,9,GK,LB,CB,CB,RB,DCM,DCM,LM,CAM,RM,F,4
75-90,8,CM,1,18,,,,,,,,,,,,,,,,,,,,,,7,3,19,12,2,8,17,18,22,9,GK,LB,CB,CB,RB,DCM,DCM,LM,CAM,RM,F,2
75-90,18,CM,1,8,,,,,,,,,,,,,,,,,,,,,,7,3,19,12,2,8,17,18,22,9,GK,LB,CB,CB,RB,DCM,DCM,LM,CAM,RM,F,3
75-90,8,CM,1,2,,,,,,,,,,,,,,,,,,,,,,7,3,19,12,2,8,17,18,22,9,GK,LB,CB,CB,RB,DCM,DCM,LM,CAM,RM,F,4
75-90,2,RM,1,19,,,,,,,,,,,,,,,,,,,,,,7,3,19,12,2,8,17,18,22,9,GK,LB,CB,CB,RB,DCM,DCM,LM,CAM,RM,F,2
75-90,19,RM,1,22,,,,,,,,,,,,,,,,,,,,,,7,3,19,12,2,8,17,18,22,9,GK,LB,CB,CB,RB,DCM,DCM,LM,CAM,RM,F,3
75-90,22,RM,1,19,,,,,,,,,,,,,,,,,,,,,,7,3,19,12,2,8,17,18,22,9,GK,LB,CB,CB,RB,DCM,DCM,LM,CAM,RM,F,2
75-90,19,CM,1,3,,,,,,,,,,,,,,,,,,,,,,7,3,19,12,2,8,17,18,22,9,GK,LB,CB,CB,RB,DCM,DCM,LM,CAM,RM,F,2
75-90,3,CM,1,18,,,,,,,,,,,,,,,,,,,,,,7,3,19,12,2,8,17,18,22,9,GK,LB,CB,CB,RB,DCM,DCM,LM,CAM,RM,F,3
75-90,18,CM,Possession Lost,,,,,,,,,,,,,,,,,,,,,,,7,3,19,12,2,8,17,18,22,9,GK,LB,CB,CB,RB,DCM,DCM,LM,CAM,RM,F,3
75-90,1,CD,,,0,Possession Added,,,,,,Run of Play,20,SOG,0,,,,,,,,,,,7,3,19,12,2,8,17,18,22,9,GK,LB,CB,CB,RB,DCM,DCM,LM,CAM,RM,F,
75-90,1,RM,1,22,,,,,,,,,,,,,,,,,,,,,,7,3,19,12,2,8,17,18,22,9,GK,LB,CB,CB,RB,DCM,DCM,LM,CAM,RM,F,1
75-90,22,RM,0,9,,,,,,,,,,,,,,,,,,,,,,7,3,19,12,2,8,17,18,22,9,GK,LB,CB,CB,RB,DCM,DCM,LM,CAM,RM,F,2
75-90,12,RA,1,9,,,,,,,,,,,,,,,,,,,,,,7,3,19,12,2,8,17,18,22,9,GK,LB,CB,CB,RB,DCM,DCM,LM,CAM,RM,F,1
75-90,9,RA,1,22,,,,,,,,,,,,,,,,,,,,,,7,3,19,12,2,8,17,18,22,9,GK,LB,CB,CB,RB,DCM,DCM,LM,CAM,RM,F,1
75-90,22,CA,1,8,,,,,,,,,,,,,,,,,,,,,,7,3,19,12,2,8,17,18,22,9,GK,LB,CB,CB,RB,DCM,DCM,LM,CAM,RM,F,7
75-90,8,CA,1,18,,,,,,,,,,,,,,,,,,,,,,7,3,19,12,2,8,17,18,22,9,GK,LB,CB,CB,RB,DCM,DCM,LM,CAM,RM,F,3
75-90,18,CA,Possession Lost,,,,,,,,,,,,,,,,,,,,,,,7,3,19,12,2,8,17,18,22,9,GK,LB,CB,CB,RB,DCM,DCM,LM,CAM,RM,F,4
75-90,12,RM,,,0,Possession Added,,Yes,,,,,,,,,,,,,,,,,,7,3,19,12,2,8,17,18,22,9,GK,LB,CB,CB,RB,DCM,DCM,LM,CAM,RM,F,
75-90,8,CA,0,2,,,,,,,,,,,,,,,,,,,,,,7,3,19,12,2,8,17,18,22,9,GK,LB,CB,CB,RB,DCM,DCM,LM,CAM,RM,F,1
75-90,7,CM,,,0,Possession Added,,,,,,,,,,,,,,,,,,,,7,3,19,12,2,8,17,18,22,9,GK,LB,CB,CB,RB,DCM,DCM,LM,CAM,RM,F,
75-90,7,CM,1,2,,,,,,,,,,,,,,,,,,,,,,7,3,19,12,2,8,17,18,22,9,GK,LB,CB,CB,RB,DCM,DCM,LM,CAM,RM,F,1
75-90,2,RA,1,22,,,,,,,,,,,,,,,,,,,,,,7,3,19,12,2,8,17,18,22,9,GK,LB,CB,CB,RB,DCM,DCM,LM,CAM,RM,F,2
75-90,22,CA,1,9,,,,,,,,,,,,,,,,,,,,,,7,3,19,12,2,8,17,18,22,9,GK,LB,CB,CB,RB,DCM,DCM,LM,CAM,RM,F,4
75-90,9,CA,1,22,,,,,,,,,,,,,,,,,,,,,,7,3,19,12,2,8,17,18,22,9,GK,LB,CB,CB,RB,DCM,DCM,LM,CAM,RM,F,3
75-90,22,CA,0,9,,,,,,,,,,,,,,,,,,,,,,7,3,19,12,2,8,17,18,22,9,GK,LB,CB,CB,RB,DCM,DCM,LM,CAM,RM,F,2
75-90,7,LD,,,3,Possession Added,,,,,,,,,,,,,,,,,,,,7,3,19,12,2,8,17,18,22,9,GK,LB,CB,CB,RB,DCM,DCM,LM,CAM,RM,F,
75-90,7,LM,0,17,,,,,,,,,,,,,,,,,,,,,,7,3,19,12,2,8,17,18,22,9,GK,LB,CB,CB,RB,DCM,DCM,LM,CAM,RM,F,1
75-90,7,LD,1,3,,,,,,,,,,,,,,,,,,,,,,7,3,19,12,2,8,17,18,22,9,GK,LB,CB,CB,RB,DCM,DCM,LM,CAM,RM,F,1
75-90,3,LM,1,7,,,,,,,,,,,,,,,,,,,,,,7,3,19,12,2,8,17,18,22,9,GK,LB,CB,CB,RB,DCM,DCM,LM,CAM,RM,F,1
75-90,7,LD,1,3,,,,,,,,,,,,,,,,,,,,,,7,3,19,12,2,8,17,18,22,9,GK,LB,CB,CB,RB,DCM,DCM,LM,CAM,RM,F,2
75-90,3,CM,0,22,,,,,,,,,,,,,,,,,,,,,,7,3,19,12,2,8,17,18,22,9,GK,LB,CB,CB,RB,DCM,DCM,LM,CAM,RM,F,2
OT,18,CD,1,19,,,,,,,,,,,,,,,,,,,,,1,7,3,19,12,2,8,17,18,22,9,GK,LB,CB,CB,RB,DCM,DCM,LM,CAM,RM,F,1
OT,19,CD,1,3,,,,,,,,,,,,,,,,,,,,,1,7,3,19,12,2,8,17,18,22,9,GK,LB,CB,CB,RB,DCM,DCM,LM,CAM,RM,F,2
OT,3,LM,1,7,,,,,,,,,,,,,,,,,,,,,1,7,3,19,12,2,8,17,18,22,9,GK,LB,CB,CB,RB,DCM,DCM,LM,CAM,RM,F,3
OT,7,LM,0,17,,,,,,,,,,,,,,,,,,,,,1,7,3,19,12,2,8,17,18,22,9,GK,LB,CB,CB,RB,DCM,DCM,LM,CAM,RM,F,2
OT,7,LM,0,9,,,,,,,,,,,,,,,,,,,,,1,7,3,19,12,2,8,17,18,22,9,GK,LB,CB,CB,RB,DCM,DCM,LM,CAM,RM,F,1
OT,2,CM,,,3,Possession Added,,,,,,,,,,,,,,,,,,,1,7,3,19,12,2,8,17,18,22,9,GK,LB,CB,CB,RB,DCM,DCM,LM,CAM,RM,F,
OT,2,CD,1,19,,,,,,,,,,,,,,,,,,,,,1,7,3,19,12,2,8,17,18,22,9,GK,LB,CB,CB,RB,DCM,DCM,LM,CAM,RM,F,2
OT,19,CD,1,1,,,,,,,,,,,,,,,,,,,,,1,7,3,19,12,2,8,17,18,22,9,GK,LB,CB,CB,RB,DCM,DCM,LM,CAM,RM,F,1
OT,1,CD,1,19,,,,,,,,,,,,,,,,,,,,,1,7,3,19,12,2,8,17,18,22,9,GK,LB,CB,CB,RB,DCM,DCM,LM,CAM,RM,F,1
OT,19,CM,1,22,,,,,,,,,,,,,,,,,,,,,1,7,3,19,12,2,8,17,18,22,9,GK,LB,CB,CB,RB,DCM,DCM,LM,CAM,RM,F,3
OT,22,RD,1,19,,,,,,,,,,,,,,,,,,,,,1,7,3,19,12,2,8,17,18,22,9,GK,LB,CB,CB,RB,DCM,DCM,LM,CAM,RM,F,4
OT,19,CA,0,9,,,,,,,,,,,,,,,,,,,,,1,7,3,19,12,2,8,17,18,22,9,GK,LB,CB,CB,RB,DCM,DCM,LM,CAM,RM,F,3
OT,12,CD,,,2,Play Disrupted,,,,,,,,,,,,,,,,,,,1,7,3,19,12,2,8,17,18,22,9,GK,LB,CB,CB,RB,DCM,DCM,LM,CAM,RM,F,
OT,8,CD,,,0,Possession Added,,,,,,,,,,,,,,,,,,,1,7,3,19,12,2,8,17,18,22,9,GK,LB,CB,CB,RB,DCM,DCM,LM,CAM,RM,F,
OT,8,CD,0,9,,,,Yes,,,,,,,,,,,,,,,,,1,7,3,19,12,2,8,17,18,22,9,GK,LB,CB,CB,RB,DCM,DCM,LM,CAM,RM,F,1
OT,1,LM,0,7,,,,,,,,,,,,,,,,,,,,,1,7,3,19,12,2,8,17,18,22,9,GK,LB,CB,CB,RB,DCM,DCM,LM,CAM,RM,F,1
OT,3,LM,1,7,,,,,,,,,,,,,,,,,,,,,1,7,3,19,12,2,8,17,18,22,9,GK,LB,CB,CB,RB,DCM,DCM,LM,CAM,RM,F,3
OT,7,LM,1,17,,,,,,,,,,,,,,,,,,,,,1,7,3,19,12,2,8,17,18,22,9,GK,LB,CB,CB,RB,DCM,DCM,LM,CAM,RM,F,2
OT,17,LM,0,7,,,,,,,,,,,,,,,,,,,,,1,7,3,19,12,2,8,17,18,22,9,GK,LB,CB,CB,RB,DCM,DCM,LM,CAM,RM,F,1
OT,1,CD,,,0,Possession Added,,,,,,,,,,,,,,,,,,,1,7,3,19,12,2,8,17,18,22,9,GK,LB,CB,CB,RB,DCM,DCM,LM,CAM,RM,F,
OT,1,LD,1,3,,,,,,,,,,,,,,,,,,,,,1,7,3,19,12,2,8,17,18,22,9,GK,LB,CB,CB,RB,DCM,DCM,LM,CAM,RM,F,1
OT,3,CM,1,2,,,,,,,,,,,,,,,,,,,,,1,7,3,19,12,2,8,17,18,22,9,GK,LB,CB,CB,RB,DCM,DCM,LM,CAM,RM,F,3
OT,2,CD,1,3,,,,,,,,,,,,,,,,,,,,,1,7,3,19,12,2,8,17,18,22,9,GK,LB,CB,CB,RB,DCM,DCM,LM,CAM,RM,F,3
OT,3,CM,1,18,,,,,,,,,,,,,,,,,,,,,1,7,3,19,12,2,8,17,18,22,9,GK,LB,CB,CB,RB,DCM,DCM,LM,CAM,RM,F,2
OT,18,CM,1,2,,,,,,,,,,,,,,,,,,,,,1,7,3,19,12,2,8,17,18,22,9,GK,LB,CB,CB,RB,DCM,DCM,LM,CAM,RM,F,3
OT,2,CM,,,,,,,,,,,,,,Run of Play,25,SOT,5,2,18,3,2,3,1,7,3,19,12,2,8,17,18,22,9,GK,LB,CB,CB,RB,DCM,DCM,LM,CAM,RM,F,
OT,17,CM,,,0,Possession Added,,Yes,,,,,,,,,,,,,,,,,1,7,3,19,12,2,8,17,18,22,9,GK,LB,CB,CB,RB,DCM,DCM,LM,CAM,RM,F,
OT,8,CM,1,2,,,,,,,,,,,,,,,,,,,,,1,7,3,19,12,2,8,17,18,22,9,GK,LB,CB,CB,RB,DCM,DCM,LM,CAM,RM,F,1
OT,22,RM,1,22,,,,,,,,,,,,,,,,,,,,,1,7,3,19,12,2,8,17,18,22,9,GK,LB,CB,CB,RB,DCM,DCM,LM,CAM,RM,F,2
OT,22,RA,1,12,,,,,,,,,,,,,,,,,,,,,1,7,3,19,12,2,8,17,18,22,9,GK,LB,CB,CB,RB,DCM,DCM,LM,CAM,RM,F,4
OT,12,RM,1,22,,,,,,,,,,,,,,,,,,,,,1,7,3,19,12,2,8,17,18,22,9,GK,LB,CB,CB,RB,DCM,DCM,LM,CAM,RM,F,1
OT,22,CA,0,17,,,,,,,,,,,,,,,,,,,,,1,7,3,19,12,2,8,17,18,22,9,GK,LB,CB,CB,RB,DCM,DCM,LM,CAM,RM,F,2
OT,12,RM,,,4,Play Disrupted,,,,,,,,,,,,,,,,,,,1,7,3,19,12,2,8,17,18,22,9,GK,LB,CB,CB,RB,DCM,DCM,LM,CAM,RM,F,
OT,19,RD,,,0,Possession Added,,,,,,,,,,,,,,,,,,,1,7,3,19,12,2,8,17,18,22,9,GK,LB,CB,CB,RB,DCM,DCM,LM,CAM,RM,F,
OT,19,RM,1,22,,,,,,,,,,,,,,,,,,,,,1,7,3,19,12,2,8,17,18,22,9,GK,LB,CB,CB,RB,DCM,DCM,LM,CAM,RM,F,2
OT,22,RM,1,12,,,,,,,,,,,,,,,,,,,,,1,7,3,19,12,2,8,17,18,22,9,GK,LB,CB,CB,RB,DCM,DCM,LM,CAM,RM,F,5
OT,12,CA,0,9,,,,,,,,,,,,,,,,,,,,,1,7,3,19,12,2,8,17,18,22,9,GK,LB,CB,CB,RB,DCM,DCM,LM,CAM,RM,F,3
OT,12,CM,,,5,Play Disrupted,Yes,,,,,,,,,,,,,,,,,,1,7,3,19,12,2,8,17,18,22,9,GK,LB,CB,CB,RB,DCM,DCM,LM,CAM,RM,F,
OT,18,CD,,,0,Possession Added,,,,,,,,,,,,,,,,,,,1,7,3,19,4,2,8,17,18,22,9,GK,LB,CB,CB,RB,DCM,DCM,LM,CAM,RM,F,
OT,18,LM,1,2,,,,,,,,,,,,,,,,,,,,,1,7,3,19,4,2,8,17,18,22,9,GK,LB,CB,CB,RB,DCM,DCM,LM,CAM,RM,F,1
OT,2,CA,0,9,,,,,,,,,,,,,,,,,,,,,1,7,3,19,4,2,8,17,18,22,9,GK,LB,CB,CB,RB,DCM,DCM,LM,CAM,RM,F,3
OT,9,LA,,,0,Possession Added,,,,,,,,,,,,,,,,,,,1,7,3,19,4,2,8,17,18,22,9,GK,LB,CB,CB,RB,DCM,DCM,LM,CAM,RM,F,
OT,9,CA,1,8,,,,,,,,,,,,,,,,,,,,,1,7,3,19,4,2,8,17,18,22,9,GK,LB,CB,CB,RB,DCM,DCM,LM,CAM,RM,F,3
OT,8,CA,0,2,,,,,,,,,,,,,,,,,,,,,1,7,3,19,4,2,8,17,18,22,9,GK,LB,CB,CB,RB,DCM,DCM,LM,CAM,RM,F,2
OT,1,CD,,,6,Possession Added,,,,,,,,,,,,,,,,,,,1,7,3,19,4,2,8,17,18,22,9,GK,LB,CB,CB,RB,DCM,DCM,LM,CAM,RM,F,
OT,1,LD,1,3,,,,,,,,,,,,,,,,,,,,,1,7,3,19,4,2,8,17,18,22,9,GK,LB,CB,CB,RB,DCM,DCM,LM,CAM,RM,F,1
OT,3,LD,1,7,,,,,,,,,,,,,,,,,,,,,1,7,3,19,4,2,8,17,18,22,9,GK,LB,CB,CB,RB,DCM,DCM,LM,CAM,RM,F,2
OT,7,LM,1,17,,,,,,,,,,,,,,,,,,,,,1,7,3,19,4,2,8,17,18,22,9,GK,LB,CB,CB,RB,DCM,DCM,LM,CAM,RM,F,3
OT,17,LD,1,3,,,,,,,,,,,,,,,,,,,,,1,7,3,19,4,2,8,17,18,22,9,GK,LB,CB,CB,RB,DCM,DCM,LM,CAM,RM,F,2
OT,3,CM,1,8,,,,,,,,,,,,,,,,,,,,,1,7,3,19,4,2,8,17,18,22,9,GK,LB,CB,CB,RB,DCM,DCM,LM,CAM,RM,F,2
OT,19,RM,1,4,,,,,,,,,,,,,,,,,,,,,1,7,3,19,4,2,8,17,18,22,9,GK,LB,CB,CB,RB,DCM,DCM,LM,CAM,RM,F,2
OT,4,CD,1,19,,,,,,,,,,,,,,,,,,,,,1,7,3,19,4,2,8,17,18,22,9,GK,LB,CB,CB,RB,DCM,DCM,LM,CAM,RM,F,3
OT,19,CD,1,3,,,,,,,,,,,,,,,,,,,,,1,7,3,19,4,2,8,17,18,22,9,GK,LB,CB,CB,RB,DCM,DCM,LM,CAM,RM,F,2
OT,3,CD,1,19,,,,,,,,,,,,,,,,,,,,,1,7,3,19,4,2,8,17,18,22,9,GK,LB,CB,CB,RB,DCM,DCM,LM,CAM,RM,F,2
OT,19,CM,1,2,,,,,,,,,,,,,,,,,,,,,1,7,3,19,4,2,8,17,18,22,9,GK,LB,CB,CB,RB,DCM,DCM,LM,CAM,RM,F,3
OT,2,CM,0,4,,,,,,,,,,,,,,,,,,,,,1,7,3,19,4,2,8,17,18,22,9,GK,LB,CB,CB,RB,DCM,DCM,LM,CAM,RM,F,1
OT,1,CD,,,0,Possession Added,,,,,,,,,,,,,,,,,,,1,7,3,19,4,2,8,17,18,22,9,GK,LB,CB,CB,RB,DCM,DCM,LM,CAM,RM,F,
OT,1,LM,1,7,,,,,,,,,,,,,,,,,,,,,1,7,3,19,4,2,8,17,18,22,9,GK,LB,CB,CB,RB,DCM,DCM,LM,CAM,RM,F,1
OT,7,LM,1,17,,,,,,,,,,,,,,,,,,,,,1,7,3,19,4,2,8,17,18,22,9,GK,LB,CB,CB,RB,DCM,DCM,LM,CAM,RM,F,5
OT,17,CM,1,8,,,,,,,,,,,,,,,,,,,,,1,7,3,19,4,2,8,17,18,22,9,GK,LB,CB,CB,RB,DCM,DCM,LM,CAM,RM,F,2
OT,8,LA,1,7,,,,,,,,,,,,,,,,,,,,,1,7,3,19,4,2,8,17,18,22,9,GK,LB,CB,CB,RB,DCM,DCM,LM,CAM,RM,F,2
OT,7,LA,Possession Lost,,,,,,,,,,,,,,,,,,,,,,1,7,3,19,4,2,8,17,18,22,9,GK,LB,CB,CB,RB,DCM,DCM,LM,CAM,RM,F,3
OT,3,LM,,,3,Possession Added,,,,,,,,,,,,,,,,,,,1,7,3,19,4,2,8,17,18,22,9,GK,LB,CB,CB,RB,DCM,DCM,LM,CAM,RM,F,
OT,3,LA,1,7,,,,,,,,,,,,,,,,,,,,,1,7,3,19,4,2,8,17,18,22,9,GK,LB,CB,CB,RB,DCM,DCM,LM,CAM,RM,F,2
OT,7,CA,Possession Lost,,,,,,,,,,,,,,,,,,,,,,1,7,3,19,4,2,8,17,18,22,9,GK,LB,CB,CB,RB,DCM,DCM,LM,CAM,RM,F,5
OT,19,CD,,,4,Possession Added,,,,,,,,,,,,,,,,,,,1,7,3,19,4,2,8,17,18,22,9,GK,LB,CB,CB,RB,DCM,DCM,LM,CAM,RM,F,
OT,19,CM,1,18,,,,,,,,,,,,,,,,,,,,,1,7,3,19,4,2,8,17,18,22,9,GK,LB,CB,CB,RB,DCM,DCM,LM,CAM,RM,F,1
OT,18,CA,0,17,,,,,,,,,,,,,,,,,,,,,1,7,3,19,4,2,8,17,18,22,9,GK,LB,CB,CB,RB,DCM,DCM,LM,CAM,RM,F,3
OT,2,CM,,,0,Possession Added,,,,,,,,,,,,,,,,,,,1,7,3,19,4,2,8,17,18,22,9,GK,LB,CB,CB,RB,DCM,DCM,LM,CAM,RM,F,
OT,2,CA,1,9,,,,,,,,,,,,,,,,,,,,,1,7,3,19,4,2,8,17,18,22,9,GK,LB,CB,CB,RB,DCM,DCM,LM,CAM,RM,F,1
OT,9,CA,,,,,,,,,,,,,,Run of Play,25,SOT,1,9,2,,,,1,7,3,19,4,2,8,17,18,22,9,GK,LB,CB,CB,RB,DCM,DCM,LM,CAM,RM,F,
OT,8,CM,,,0,Possession Added,,,,,,,,,,,,,,,,,,,1,7,3,19,4,2,8,17,18,22,9,GK,LB,CB,CB,RB,DCM,DCM,LM,CAM,RM,F,
OT,8,CM,1,18,,,,,,,,,,,,,,,,,,,,,1,7,3,19,4,2,8,17,18,22,9,GK,LB,CB,CB,RB,DCM,DCM,LM,CAM,RM,F,2
OT,18,LM,1,17,,,,,,,,,,,,,,,,,,,,,1,7,3,19,4,2,8,17,18,22,9,GK,LB,CB,CB,RB,DCM,DCM,LM,CAM,RM,F,3
OT,17,LA,0,7,,,,,,,,,,,,,,,,,,,,,1,7,3,19,4,2,8,17,18,22,9,GK,LB,CB,CB,RB,DCM,DCM,LM,CAM,RM,F,4
OT,2,CD,,,4,Possession Added,,,,,,,,,,,,,,,,,,,1,7,3,19,4,2,8,17,18,22,9,GK,LB,CB,CB,RB,DCM,DCM,LM,CAM,RM,F,
OT,2,LM,1,18,,,,,,,,,,,,,,,,,,,,,1,7,3,19,4,2,8,17,18,22,9,GK,LB,CB,CB,RB,DCM,DCM,LM,CAM,RM,F,2
OT,18,CM,0,9,,,,,,,,,,,,,,,,,,,,,1,7,3,19,4,2,8,17,18,22,9,GK,LB,CB,CB,RB,DCM,DCM,LM,CAM,RM,F,3
OT,2,CM,,,3,Play Disrupted,,,,,,,,,,,,,,,,,,,1,7,3,19,4,2,8,17,18,22,9,GK,LB,CB,CB,RB,DCM,DCM,LM,CAM,RM,F,
OT,7,LD,,,3,Possession Added,,,,,,,,,,,,,,,,,,,1,7,3,19,4,2,8,24,18,22,9,GK,LB,CB,CB,RB,DCM,DCM,LM,CAM,RM,F,
OT,7,LM,1,24,,,,,,,,,,,,,,,,,,,,,1,7,3,19,4,2,8,24,18,22,9,GK,LB,CB,CB,RB,DCM,DCM,LM,CAM,RM,F,1
OT,24,CM,1,2,,,,,,,,,,,,,,,,,,,,,1,7,3,19,4,2,8,24,18,22,9,GK,LB,CB,CB,RB,DCM,DCM,LM,CAM,RM,F,3
OT,2,CM,1,18,,,,,,,,,,,,,,,,,,,,,1,7,3,19,4,2,8,24,18,22,9,GK,LB,CB,CB,RB,DCM,DCM,LM,CAM,RM,F,4
OT,18,CM,1,8,,,,,,,,,,,,,,,,,,,,,1,7,3,19,4,2,8,24,18,22,9,GK,LB,CB,CB,RB,DCM,DCM,LM,CAM,RM,F,2
OT,8,LM,1,7,,,,,,,,,,,,,,,,,,,,,1,7,3,19,4,2,8,24,18,22,9,GK,LB,CB,CB,RB,DCM,DCM,LM,CAM,RM,F,3
OT,7,LA,1,24,,,,,,,,,,,,,,,,,,,,,1,7,3,19,4,2,8,24,18,22,9,GK,LB,CB,CB,RB,DCM,DCM,LM,CAM,RM,F,4
OT,24,LA,1,7,,,,,,,,,,,,,,,,,,,,,1,7,3,19,4,2,8,24,18,22,9,GK,LB,CB,CB,RB,DCM,DCM,LM,CAM,RM,F,2
OT,7,CA,1,9,,,,,,,,,,,,,,,,,,,,,1,7,3,19,4,2,8,24,18,22,9,GK,LB,CB,CB,RB,DCM,DCM,LM,CAM,RM,F,1
OT,9,CA,,,,,,,,,,,,,,Run of Play,20,SOG,8,9,7,24,7,8,1,7,3,19,4,2,8,24,18,22,9,GK,LB,CB,CB,RB,DCM,DCM,LM,CAM,RM,F,
OT,3,CD,,,3,Possession Added,,,,,,,,,,,,,,,,,,,1,7,3,19,4,2,8,24,18,22,9,GK,LB,CB,CB,RB,DCM,DCM,LM,CAM,RM,F,
OT,3,CM,1,8,,,,,,,,,,,,,,,,,,,,,1,7,3,19,4,2,8,24,18,22,9,GK,LB,CB,CB,RB,DCM,DCM,LM,CAM,RM,F,3
OT,8,CD,1,3,,,,,,,,,,,,,,,,,,,,,1,7,3,19,4,2,8,24,18,22,9,GK,LB,CB,CB,RB,DCM,DCM,LM,CAM,RM,F,2
OT,3,LM,1,7,,,,,,,,,,,,,,,,,,,,,1,7,3,19,4,2,8,24,18,22,9,GK,LB,CB,CB,RB,DCM,DCM,LM,CAM,RM,F,2
OT,7,CM,0,8,,,,,,,,,,,,,,,,,,,,,1,7,3,19,4,2,8,24,18,22,9,GK,LB,CB,CB,RB,DCM,DCM,LM,CAM,RM,F,2
OT,3,CD,,,2,Play Disrupted,Yes,,,,,,,,,,,,,,,,,,1,7,3,19,4,2,8,24,18,22,9,GK,LB,CB,CB,RB,DCM,DCM,LM,CAM,RM,F,
OT,1,CD,,,,,,,,,,Set Piece,20,SOG,0,,,,,,,,,,1,7,3,19,4,2,8,24,18,22,9,GK,LB,CB,CB,RB,DCM,DCM,LM,CAM,RM,F,
OT,1,LD,1,7,,,,,,,,,,,,,,,,,,,,,1,7,3,19,4,2,8,24,18,22,9,GK,LB,CB,CB,RB,DCM,DCM,LM,CAM,RM,F,1
OT,7,LM,1,9,,,,,,,,,,,,,,,,,,,,,1,7,3,19,4,2,8,24,18,22,9,GK,LB,CB,CB,RB,DCM,DCM,LM,CAM,RM,F,3
OT,9,CA,Possession Lost,,,,,,,,,,,,,,,,,,,,,,1,7,3,19,4,2,8,24,18,22,9,GK,LB,CB,CB,RB,DCM,DCM,LM,CAM,RM,F,5
OT,3,LM,,,2,Play Disrupted,,,,,,,,,,,,,,,,,,,1,7,3,19,4,2,8,24,18,22,9,GK,LB,CB,CB,RB,DCM,DCM,LM,CAM,RM,F,
OT,3,CD,,,3,Possession Added,,,,,,,,,,,,,,,,,,,1,7,3,19,4,2,8,24,18,22,9,GK,LB,CB,CB,RB,DCM,DCM,LM,CAM,RM,F,
OT,3,CM,1,9,,,,,,,,,,,,,,,,,,,,,1,7,3,19,4,2,8,24,18,22,9,GK,LB,CB,CB,RB,DCM,DCM,LM,CAM,RM,F,1
OT,9,CM,1,18,,,,,,,,,,,,,,,,,,,,,1,7,3,19,4,2,8,24,18,22,9,GK,LB,CB,CB,RB,DCM,DCM,LM,CAM,RM,F,1
OT,18,CM,1,9,,,,,,,,,,,,,,,,,,,,,1,7,3,19,4,2,8,24,18,22,9,GK,LB,CB,CB,RB,DCM,DCM,LM,CAM,RM,F,2
OT,9,LA,1,24,,,,,,,,,,,,,,,,,,,,,1,7,3,19,4,2,8,24,18,22,9,GK,LB,CB,CB,RB,DCM,DCM,LM,CAM,RM,F,1
OT,24,CA,1,18,,,,,,,,,,,,,,,,,,,,,1,7,3,19,4,2,8,24,18,22,9,GK,LB,CB,CB,RB,DCM,DCM,LM,CAM,RM,F,3
OT,18,LA,1,7,,,,,,,,,,,,,,,,,,,,,1,7,3,19,4,2,8,24,18,22,9,GK,LB,CB,CB,RB,DCM,DCM,LM,CAM,RM,F,3
OT,7,CA,1,18,,,,,,,,,,,,,,,,,,,,,1,7,3,19,4,2,8,24,18,22,9,GK,LB,CB,CB,RB,DCM,DCM,LM,CAM,RM,F,1
OT,18,CA,,,,,,,,,,,,,,Run of Play,23,Shot Blocked,7,18,7,18,24,9,1,7,3,19,4,2,8,24,18,22,9,GK,LB,CB,CB,RB,DCM,DCM,LM,CAM,RM,F,
OT,24,LA,,,,,,,,,,,,,,Run of Play,15,SOT,0,24,,,,,1,7,3,19,4,2,8,24,18,22,9,GK,LB,CB,CB,RB,DCM,DCM,LM,CAM,RM,F,
OT,8,CM,,,5,Possession Added,,,,,,,,,,,,,,,,,,,1,7,3,19,4,2,8,24,18,22,9,GK,LB,CB,CB,RB,DCM,DCM,LM,CAM,RM,F,
OT,8,LD,1,7,,,,,,,,,,,,,,,,,,,,,1,7,3,19,4,2,8,24,18,22,9,GK,LB,CB,CB,RB,DCM,DCM,LM,CAM,RM,F,1
OT,7,LM,0,8,,,,,,,,,,,,,,,,,,,,,1,7,3,19,4,2,8,24,18,22,9,GK,LB,CB,CB,RB,DCM,DCM,LM,CAM,RM,F,2
OT,22,CM,,,0,Possession Added,,,,,,,,,,,,,,,,,,,1,7,3,19,4,2,8,24,18,22,9,GK,LB,CB,CB,RB,DCM,DCM,LM,CAM,RM,F,
OT,22,RA,1,4,,,,,,,,,,,,,,,,,,,,,1,7,3,19,4,2,8,24,18,22,9,GK,LB,CB,CB,RB,DCM,DCM,LM,CAM,RM,F,5
OT,4,CA,0,9,,,,,,,,,,,,,,,,,,,,,1,7,3,19,4,2,8,24,18,22,9,GK,LB,CB,CB,RB,DCM,DCM,LM,CAM,RM,F,1
OT,18,CA,0,19,,,,,,,,,,,,,,,,,,,,,1,7,3,19,4,2,8,24,18,22,9,GK,LB,CB,CB,RB,DCM,DCM,LM,CAM,RM,F,1
OT,8,CA,1,24,,,,,,,,,,,,,,,,,,,,,1,7,3,19,4,2,8,24,18,22,9,GK,LB,CB,CB,RB,DCM,DCM,LM,CAM,RM,F,1
OT,24,CA,0,2,,,,,,,,,,,,,,,,,,,,,1,7,3,19,4,2,8,24,18,22,9,GK,LB,CB,CB,RB,DCM,DCM,LM,CAM,RM,F,3
OT,24,LA,,,0,Play Disrupted,Yes,,,,,,,,,,,,,,,,,,1,7,3,19,4,2,8,24,18,22,9,GK,LB,CB,CB,RB,DCM,DCM,LM,CAM,RM,F,
OT,22,RM,,,4,Possession Added,,,,,,,,,,,,,,,,,,,1,7,3,19,4,2,8,24,18,22,9,GK,LB,CB,CB,RB,DCM,DCM,LM,CAM,RM,F,
OT,22,RA,0,9,,,,,,,,,,,,,,,,,,,,,1,7,3,19,4,2,8,24,18,22,9,GK,LB,CB,CB,RB,DCM,DCM,LM,CAM,RM,F,2
OT,4,CD,,,5,Possession Added,,,,,,,,,,,,,,,,,,,1,7,3,19,4,2,8,24,18,22,9,GK,LB,CB,CB,RB,DCM,DCM,LM,CAM,RM,F,
OT,4,CM,1,18,,,,,,,,,,,,,,,,,,,,,1,7,3,19,4,2,8,24,18,22,9,GK,LB,CB,CB,RB,DCM,DCM,LM,CAM,RM,F,2
OT,18,CM,Possession Lost,,,,,,,,,,,,,,,,,,,,,,1,7,3,19,4,2,8,24,18,22,9,GK,LB,CB,CB,RB,DCM,DCM,LM,CAM,RM,F,3
OT,3,CD,,,0,Possession Added,,,,,,,,,,,,,,,,,,,1,7,3,19,4,2,8,24,18,22,9,GK,LB,CB,CB,RB,DCM,DCM,LM,CAM,RM,F,
OT,3,CM,1,24,,,,,,,,,,,,,,,,,,,,,1,7,3,19,4,2,8,24,18,22,9,GK,LB,CB,CB,RB,DCM,DCM,LM,CAM,RM,F,1
OT,24,CD,Possession Lost,,,,,,,,,,,,,,,,,,,,,,1,7,3,19,4,2,8,24,18,22,9,GK,LB,CB,CB,RB,DCM,DCM,LM,CAM,RM,F,3
OT,1,CD,,,,,,,,,,Run of Play,18,SOG,0,,,,,,,,,,1,7,3,19,4,2,8,24,18,22,9,GK,LB,CB,CB,RB,DCM,DCM,LM,CAM,RM,F,
OT,1,CM,1,2,,,,,,,,,,,,,,,,,,,,,1,7,3,19,4,2,8,24,18,22,9,GK,LB,CB,CB,RB,DCM,DCM,LM,CAM,RM,F,1
OT,2,CA,0,9,,,,,,,,,,,,,,,,,,,,,1,7,3,19,4,2,8,24,18,22,9,GK,LB,CB,CB,RB,DCM,DCM,LM,CAM,RM,F,3
OT,22,CA,,,3,Play Disrupted,,,,,,,,,,,,,,,,,,,1,7,3,19,4,2,8,24,18,22,9,GK,LB,CB,CB,RB,DCM,DCM,LM,CAM,RM,F,
OT,1,CD,,,5,Possession Added,,,,,opp.,Run of Play,3,SOG,5,,,,,,,,,,1,7,3,19,4,2,8,24,18,22,9,GK,LB,CB,CB,RB,DCM,DCM,LM,CAM,RM,F,
OT,1,RM,1,18,,,,,,,,,,,,,,,,,,,,,1,7,3,19,4,2,8,24,18,22,9,GK,LB,CB,CB,RB,DCM,DCM,LM,CAM,RM,F,1
OT,18,CM,1,24,,,,,,,,,,,,,,,,,,,,,1,7,3,19,4,2,8,24,18,22,9,GK,LB,CB,CB,RB,DCM,DCM,LM,CAM,RM,F,5
OT,24,CM,1,8,,,,,,,,,,,,,,,,,,,,,1,7,3,19,4,2,8,24,18,22,9,GK,LB,CB,CB,RB,DCM,DCM,LM,CAM,RM,F,3
OT,8,CA,1,18,,,,,,,,,,,,,,,,,,,,,1,7,3,19,4,2,8,24,18,22,9,GK,LB,CB,CB,RB,DCM,DCM,LM,CAM,RM,F,2
OT,18,CA,1,9,,,,,,,,,,,,,,,,,,,,,1,7,3,19,4,2,8,24,18,22,9,GK,LB,CB,CB,RB,DCM,DCM,LM,CAM,RM,F,2
OT,9,CA,1,18,,,,,,,,,,,,,,,,,,,,,1,7,3,19,4,2,8,24,18,22,9,GK,LB,CB,CB,RB,DCM,DCM,LM,CAM,RM,F,3
OT,18,CA,1,7,,,,,,,,,,,,,,,,,,,,,1,7,3,19,4,2,8,24,18,22,9,GK,LB,CB,CB,RB,DCM,DCM,LM,CAM,RM,F,2
OT,7,CA,0,9,,,,,,,,,,,,,,,,,,,,,1,7,3,19,4,2,8,24,18,22,9,GK,LB,CB,CB,RB,DCM,DCM,LM,CAM,RM,F,3
OT,3,RD,,,4,Possession Added,,,,,,,,,,,,,,,,,,,1,7,3,19,4,2,16,15,18,22,9,GK,LB,CB,CB,RB,DCM,DCM,LM,CAM,RM,F,
OT,3,CM,1,2,,,,,,,,,,,,,,,,,,,,,1,7,3,19,4,2,16,15,18,22,9,GK,LB,CB,CB,RB,DCM,DCM,LM,CAM,RM,F,1
OT,2,CM,1,9,,,,,,,,,,,,,,,,,,,,,1,7,3,19,4,2,16,15,18,22,9,GK,LB,CB,CB,RB,DCM,DCM,LM,CAM,RM,F,2
OT,9,CA,1,18,,,,,,,,,,,,,,,,,,,,,1,7,3,19,4,2,16,15,18,22,9,GK,LB,CB,CB,RB,DCM,DCM,LM,CAM,RM,F,3
OT,18,CA,1,22,,,,,,,,,,,,,,,,,,,,,1,7,3,19,4,2,16,15,18,22,9,GK,LB,CB,CB,RB,DCM,DCM,LM,CAM,RM,F,2
OT,22,CA,0,18,,,,,,,,,,,,,,,,,,,,,1,7,3,19,4,2,16,15,18,22,9,GK,LB,CB,CB,RB,DCM,DCM,LM,CAM,RM,F,1
OT,18,RA,,,3,Possession Added,,,,,,,,,,,,,,,,,,,1,7,3,19,4,2,16,15,18,22,9,GK,LB,CB,CB,RB,DCM,DCM,LM,CAM,RM,F,
OT,18,CA,0,9,,,,,,,,,,,,,,,,,,,,,1,7,3,19,4,2,16,15,18,22,9,GK,LB,CB,CB,RB,DCM,DCM,LM,CAM,RM,F,1